$MeshFormat
4.1 0 8
$EndMeshFormat
$Entities
404 5 1 0
1 1 0 0 0 
2 1 -1.665334536937735e-17 0 0 
3 0.9949748743718593 0.0007280254808418181 0 0 
4 0.9899497487437187 0.001451331344071669 0 0 
5 0.9849246231155779 0.002169966955851827 0 0 
6 0.9798994974874372 0.00288398062072873 0 0 
7 0.9748743718592965 0.003593419579649682 0 0 
8 0.9698492462311558 0.004298330007934252 0 0 
9 0.964824120603015 0.004998757013197639 0 0 
10 0.9597989949748744 0.005694744633226038 0 0 
11 0.9547738693467337 0.006386335833800964 0 0 
12 0.949748743718593 0.00707357250647282 0 0 
13 0.9447236180904522 0.007756495466280956 0 0 
14 0.9396984924623115 0.008435144449418964 0 0 
15 0.9346733668341709 0.009109558110844256 0 0 
16 0.9296482412060302 0.009779774021829148 0 0 
17 0.9246231155778895 0.01044582866745261 0 0 
18 0.9195979899497487 0.01110775744403058 0 0 
19 0.914572864321608 0.01176559465648262 0 0 
20 0.9095477386934674 0.01241937351563416 0 0 
21 0.9045226130653267 0.01306912613545078 0 0 
22 0.8994974874371859 0.01371488353020366 0 0 
23 0.8944723618090452 0.01435667561156344 0 0 
24 0.8894472361809045 0.01499453118562092 0 0 
25 0.8844221105527639 0.0156284779498315 0 0 
26 0.8793969849246231 0.01625854248988146 0 0 
27 0.8743718592964824 0.01688475027647355 0 0 
28 0.8693467336683417 0.0175071256620296 0 0 
29 0.864321608040201 0.01812569187730683 0 0 
30 0.8592964824120604 0.0187404710279256 0 0 
31 0.8542713567839196 0.01935148409080605 0 0 
32 0.8492462311557789 0.01995875091050968 0 0 
33 0.8442211055276382 0.02056229019548356 0 0 
34 0.8391959798994975 0.02116211951420415 0 0 
35 0.8341708542713568 0.02175825529121661 0 0 
36 0.8291457286432161 0.02235071280306686 0 0 
37 0.8241206030150754 0.02293950617412219 0 0 
38 0.8190954773869347 0.02352464837227739 0 0 
39 0.8140703517587939 0.02410615120454196 0 0 
40 0.8090452261306533 0.02468402531250458 0 0 
41 0.8040201005025126 0.02525828016767061 0 0 
42 0.7989949748743719 0.02582892406666813 0 0 
43 0.7939698492462312 0.02639596412631852 0 0 
44 0.7889447236180904 0.02695940627856569 0 0 
45 0.7839195979899498 0.02751925526526042 0 0 
46 0.7788944723618091 0.02807551463279368 0 0 
47 0.7738693467336684 0.02862818672657394 0 0 
48 0.7688442211055276 0.0291772726853427 0 0 
49 0.7638190954773869 0.02972277243532293 0 0 
50 0.7587939698492463 0.03026468468419332 0 0 
51 0.7537688442211056 0.03080300691488366 0 0 
52 0.7487437185929648 0.03133773537918261 0 0 
53 0.7437185929648241 0.031868865091153 0 0 
54 0.7386934673366834 0.03239638982034602 0 0 
55 0.7336683417085427 0.03292030208480769 0 0 
56 0.7286432160804021 0.03344059314386909 0 0 
57 0.7236180904522613 0.03395725299071256 0 0 
58 0.7185929648241206 0.03447027034470546 0 0 
59 0.7135678391959799 0.03497963264349172 0 0 
60 0.7085427135678392 0.03548532603483274 0 0 
61 0.7035175879396985 0.03598733536818719 0 0 
62 0.6984924623115578 0.03648564418601993 0 0 
63 0.6934673366834171 0.03698023471482875 0 0 
64 0.6884422110552764 0.03747108785587802 0 0 
65 0.6834170854271356 0.03795818317562769 0 0 
66 0.678391959798995 0.03844149889584453 0 0 
67 0.6733668341708543 0.03892101188338368 0 0 
68 0.6683417085427136 0.03939669763962581 0 0 
69 0.6633165829145728 0.03986853028955668 0 0 
70 0.6582914572864321 0.04033648257047334 0 0 
71 0.6532663316582915 0.04080052582030193 0 0 
72 0.6482412060301508 0.04126062996551005 0 0 
73 0.6432160804020101 0.04171676350859668 0 0 
74 0.6381909547738693 0.04216889351514164 0 0 
75 0.6331658291457286 0.04261698560039489 0 0 
76 0.628140703517588 0.0430610039153861 0 0 
77 0.6231155778894473 0.04350091113253327 0 0 
78 0.6180904522613065 0.04393666843072768 0 0 
79 0.6130653266331658 0.04436823547987238 0 0 
80 0.6080402010050251 0.04479557042484878 0 0 
81 0.6030150753768845 0.04521862986888617 0 0 
82 0.5979899497487438 0.04563736885630585 0 0 
83 0.592964824120603 0.04605174085461164 0 0 
84 0.5879396984924623 0.04646169773589554 0 0 
85 0.5829145728643216 0.04686718975752713 0 0 
86 0.577889447236181 0.0472681655420918 0 0 
87 0.5728643216080402 0.04766457205654244 0 0 
88 0.5678391959798995 0.04805635459052619 0 0 
89 0.5628140703517588 0.04844345673384615 0 0 
90 0.5577889447236181 0.04882582035301557 0 0 
91 0.5527638190954774 0.04920338556685916 0 0 
92 0.5477386934673367 0.04957609072111418 0 0 
93 0.542713567839196 0.04994387236198014 0 0 
94 0.5376884422110553 0.05030666520856412 0 0 
95 0.5326633165829145 0.05066440212416436 0 0 
96 0.5276381909547738 0.05101701408633162 0 0 
97 0.5226130653266332 0.05136443015564459 0 0 
98 0.5175879396984925 0.05170657744313073 0 0 
99 0.5125628140703518 0.05204338107626022 0 0 
100 0.507537688442211 0.05237476416343583 0 0 
101 0.5025125628140703 0.05270064775689681 0 0 
102 0.4974874371859296 0.05302095081394882 0 0 
103 0.492462311557789 0.0533355901564274 0 0 
104 0.4874371859296482 0.05364448042829482 0 0 
105 0.4824120603015075 0.05394753405126473 0 0 
106 0.4773869346733668 0.05424466117834118 0 0 
107 0.4723618090452261 0.05453576964515068 0 0 
108 0.4673366834170855 0.05482076491893827 0 0 
109 0.4623115577889447 0.05509955004508867 0 0 
110 0.457286432160804 0.05537202559102423 0 0 
111 0.4522613065326633 0.05563808958732083 0 0 
112 0.4472361809045226 0.05589763746587113 0 0 
113 0.4422110552763819 0.0561505619949122 0 0 
114 0.4371859296482412 0.05639675321072071 0 0 
115 0.4321608040201005 0.05663609834576495 0 0 
116 0.4271356783919598 0.05686848175308583 0 0 
117 0.4221105527638191 0.05709378482666248 0 0 
118 0.4170854271356784 0.05731188591749826 0 0 
119 0.4120603015075377 0.05752266024514371 0 0 
120 0.407035175879397 0.05772597980434772 0 0 
121 0.4020100502512563 0.05792171326650722 0 0 
122 0.3969849246231156 0.05810972587555428 0 0 
123 0.3919597989949749 0.05828987933789426 0 0 
124 0.3869346733668342 0.05846203170597241 0 0 
125 0.3819095477386935 0.05862603725501346 0 0 
126 0.3768844221105528 0.05878174635243762 0 0 
127 0.3718592964824121 0.05892900531941461 0 0 
128 0.3668341708542713 0.05906765628396892 0 0 
129 0.3618090452261307 0.05919753702499798 0 0 
130 0.3567839195979899 0.05931848080650567 0 0 
131 0.3517587939698493 0.05943031620129163 0 0 
132 0.3467336683417085 0.05953286690326363 0 0 
133 0.3417085427135678 0.05962595152746345 0 0 
134 0.3366834170854272 0.05970938339680831 0 0 
135 0.3316582914572864 0.05978297031445317 0 0 
136 0.3266331658291458 0.05984651432057109 0 0 
137 0.321608040201005 0.05989981143222718 0 0 
138 0.3165829145728643 0.05994265136488815 0 0 
139 0.3115577889447236 0.05997481723395671 0 0 
140 0.3065326633165829 0.05999608523455207 0 0 
141 0.3015075376884422 0.06000622429756561 0 0 
142 0.2964824120603015 0.06000499571980864 0 0 
143 0.2914572864321608 0.05999215276582513 0 0 
144 0.2864321608040201 0.05996744023867095 0 0 
145 0.2814070351758794 0.05993059401665081 0 0 
146 0.2763819095477387 0.05988134055265409 0 0 
147 0.271356783919598 0.05981939633233081 0 0 
148 0.2663316582914573 0.05974446728689527 0 0 
149 0.2613065326633166 0.05965624815582552 0 0 
150 0.2562814070351759 0.0595544217941314 0 0 
151 0.2512562814070352 0.0594386584181824 0 0 
152 0.2462311557788945 0.05930861478330102 0 0 
153 0.2412060301507538 0.05916393328542049 0 0 
154 0.2361809045226131 0.05900424097805747 0 0 
155 0.2311557788944724 0.05882914849463351 0 0 
156 0.2261306532663317 0.05863824886476217 0 0 
157 0.221105527638191 0.05843111621146432 0 0 
158 0.2160804020100502 0.05820730431433715 0 0 
159 0.2110552763819095 0.05796634502142358 0 0 
160 0.2060301507537688 0.05770774648984176 0 0 
161 0.2010050251256282 0.05743099123205182 0 0 
162 0.1959798994974875 0.05713553394085417 0 0 
163 0.1909547738693467 0.05682079906169736 0 0 
164 0.185929648241206 0.05648617807546012 0 0 
165 0.1809045226130653 0.056131026448353 0 0 
166 0.1758793969849246 0.05575466019769677 0 0 
167 0.1708542713567839 0.05535635201274312 0 0 
168 0.1658291457286432 0.05493532685797806 0 0 
169 0.1608040201005025 0.05449075697193584 0 0 
170 0.1557788944723618 0.05402175615673059 0 0 
171 0.1507537688442211 0.05352737323134191 0 0 
172 0.1457286432160804 0.05300658449392369 0 0 
173 0.1407035175879397 0.05245828500338737 0 0 
174 0.135678391959799 0.05188127844601613 0 0 
175 0.1306532663316583 0.05127426529588085 0 0 
176 0.1256281407035176 0.05063582890422157 0 0 
177 0.1206030150753769 0.04996441905701212 0 0 
178 0.1155778894472362 0.04925833241363074 0 0 
179 0.1105527638190955 0.04851568907155577 0 0 
180 0.1055276381909548 0.04773440427595557 0 0 
181 0.1005025125628141 0.04691215398511722 0 0 
182 0.09547738693467336 0.04604633257752577 0 0 
183 0.09045226130653267 0.04513400039078948 0 0 
184 0.08542713567839195 0.04417181793460793 0 0 
185 0.08040201005025126 0.04315596239108636 0 0 
186 0.07537688442211056 0.04208202019955791 0 0 
187 0.07035175879396985 0.0409448467798019 0 0 
188 0.06532663316582915 0.03973838020118129 0 0 
189 0.06030150753768844 0.03845538884805149 0 0 
190 0.05527638190954774 0.03708712203561507 0 0 
191 0.05025125628140704 0.03562281363810614 0 0 
192 0.04522613065326633 0.03404895524429471 0 0 
193 0.04020100502512563 0.03234819276114812 0 0 
194 0.03517587939698492 0.03049757645314164 0 0 
195 0.03015075376884422 0.02846563055460755 0 0 
196 0.02512562814070352 0.02620709328187786 0 0 
197 0.02010050251256281 0.02365256253982116 0 0 
198 0.01507537688442211 0.02068529303117853 0 0 
199 0.01005025125628141 0.0170777676876912 0 0 
200 0.005025125628140704 0.0122428047562534 0 0 
201 0 0 0 0 
202 0.005025125628140704 -0.0122428047562534 0 0 
203 0.01005025125628141 -0.0170777676876912 0 0 
204 0.01507537688442211 -0.02068529303117853 0 0 
205 0.02010050251256281 -0.02365256253982116 0 0 
206 0.02512562814070352 -0.02620709328187786 0 0 
207 0.03015075376884422 -0.02846563055460755 0 0 
208 0.03517587939698492 -0.03049757645314164 0 0 
209 0.04020100502512563 -0.03234819276114812 0 0 
210 0.04522613065326633 -0.03404895524429471 0 0 
211 0.05025125628140704 -0.03562281363810614 0 0 
212 0.05527638190954774 -0.03708712203561507 0 0 
213 0.06030150753768844 -0.03845538884805149 0 0 
214 0.06532663316582915 -0.03973838020118129 0 0 
215 0.07035175879396985 -0.0409448467798019 0 0 
216 0.07537688442211056 -0.04208202019955791 0 0 
217 0.08040201005025126 -0.04315596239108636 0 0 
218 0.08542713567839195 -0.04417181793460793 0 0 
219 0.09045226130653267 -0.04513400039078948 0 0 
220 0.09547738693467336 -0.04604633257752577 0 0 
221 0.1005025125628141 -0.04691215398511722 0 0 
222 0.1055276381909548 -0.04773440427595557 0 0 
223 0.1105527638190955 -0.04851568907155577 0 0 
224 0.1155778894472362 -0.04925833241363074 0 0 
225 0.1206030150753769 -0.04996441905701212 0 0 
226 0.1256281407035176 -0.05063582890422157 0 0 
227 0.1306532663316583 -0.05127426529588085 0 0 
228 0.135678391959799 -0.05188127844601613 0 0 
229 0.1407035175879397 -0.05245828500338737 0 0 
230 0.1457286432160804 -0.05300658449392369 0 0 
231 0.1507537688442211 -0.05352737323134191 0 0 
232 0.1557788944723618 -0.05402175615673059 0 0 
233 0.1608040201005025 -0.05449075697193584 0 0 
234 0.1658291457286432 -0.05493532685797806 0 0 
235 0.1708542713567839 -0.05535635201274312 0 0 
236 0.1758793969849246 -0.05575466019769677 0 0 
237 0.1809045226130653 -0.056131026448353 0 0 
238 0.185929648241206 -0.05648617807546012 0 0 
239 0.1909547738693467 -0.05682079906169736 0 0 
240 0.1959798994974875 -0.05713553394085417 0 0 
241 0.2010050251256282 -0.05743099123205182 0 0 
242 0.2060301507537688 -0.05770774648984176 0 0 
243 0.2110552763819095 -0.05796634502142358 0 0 
244 0.2160804020100502 -0.05820730431433715 0 0 
245 0.221105527638191 -0.05843111621146432 0 0 
246 0.2261306532663317 -0.05863824886476217 0 0 
247 0.2311557788944724 -0.05882914849463351 0 0 
248 0.2361809045226131 -0.05900424097805747 0 0 
249 0.2412060301507538 -0.05916393328542049 0 0 
250 0.2462311557788945 -0.05930861478330102 0 0 
251 0.2512562814070352 -0.0594386584181824 0 0 
252 0.2562814070351759 -0.0595544217941314 0 0 
253 0.2613065326633166 -0.05965624815582552 0 0 
254 0.2663316582914573 -0.05974446728689527 0 0 
255 0.271356783919598 -0.05981939633233081 0 0 
256 0.2763819095477387 -0.05988134055265409 0 0 
257 0.2814070351758794 -0.05993059401665081 0 0 
258 0.2864321608040201 -0.05996744023867095 0 0 
259 0.2914572864321608 -0.05999215276582513 0 0 
260 0.2964824120603015 -0.06000499571980864 0 0 
261 0.3015075376884422 -0.06000622429756561 0 0 
262 0.3065326633165829 -0.05999608523455207 0 0 
263 0.3115577889447236 -0.05997481723395671 0 0 
264 0.3165829145728643 -0.05994265136488815 0 0 
265 0.321608040201005 -0.05989981143222718 0 0 
266 0.3266331658291458 -0.05984651432057109 0 0 
267 0.3316582914572864 -0.05978297031445317 0 0 
268 0.3366834170854272 -0.05970938339680831 0 0 
269 0.3417085427135678 -0.05962595152746345 0 0 
270 0.3467336683417085 -0.05953286690326363 0 0 
271 0.3517587939698493 -0.05943031620129163 0 0 
272 0.3567839195979899 -0.05931848080650567 0 0 
273 0.3618090452261307 -0.05919753702499798 0 0 
274 0.3668341708542713 -0.05906765628396892 0 0 
275 0.3718592964824121 -0.05892900531941461 0 0 
276 0.3768844221105528 -0.05878174635243762 0 0 
277 0.3819095477386935 -0.05862603725501346 0 0 
278 0.3869346733668342 -0.05846203170597241 0 0 
279 0.3919597989949749 -0.05828987933789426 0 0 
280 0.3969849246231156 -0.05810972587555428 0 0 
281 0.4020100502512563 -0.05792171326650722 0 0 
282 0.407035175879397 -0.05772597980434772 0 0 
283 0.4120603015075377 -0.05752266024514371 0 0 
284 0.4170854271356784 -0.05731188591749826 0 0 
285 0.4221105527638191 -0.05709378482666248 0 0 
286 0.4271356783919598 -0.05686848175308583 0 0 
287 0.4321608040201005 -0.05663609834576495 0 0 
288 0.4371859296482412 -0.05639675321072071 0 0 
289 0.4422110552763819 -0.0561505619949122 0 0 
290 0.4472361809045226 -0.05589763746587113 0 0 
291 0.4522613065326633 -0.05563808958732083 0 0 
292 0.457286432160804 -0.05537202559102423 0 0 
293 0.4623115577889447 -0.05509955004508867 0 0 
294 0.4673366834170855 -0.05482076491893827 0 0 
295 0.4723618090452261 -0.05453576964515068 0 0 
296 0.4773869346733668 -0.05424466117834118 0 0 
297 0.4824120603015075 -0.05394753405126473 0 0 
298 0.4874371859296482 -0.05364448042829482 0 0 
299 0.492462311557789 -0.0533355901564274 0 0 
300 0.4974874371859296 -0.05302095081394882 0 0 
301 0.5025125628140703 -0.05270064775689681 0 0 
302 0.507537688442211 -0.05237476416343583 0 0 
303 0.5125628140703518 -0.05204338107626022 0 0 
304 0.5175879396984925 -0.05170657744313073 0 0 
305 0.5226130653266332 -0.05136443015564459 0 0 
306 0.5276381909547738 -0.05101701408633162 0 0 
307 0.5326633165829145 -0.05066440212416436 0 0 
308 0.5376884422110553 -0.05030666520856412 0 0 
309 0.542713567839196 -0.04994387236198014 0 0 
310 0.5477386934673367 -0.04957609072111418 0 0 
311 0.5527638190954774 -0.04920338556685916 0 0 
312 0.5577889447236181 -0.04882582035301557 0 0 
313 0.5628140703517588 -0.04844345673384615 0 0 
314 0.5678391959798995 -0.04805635459052619 0 0 
315 0.5728643216080402 -0.04766457205654244 0 0 
316 0.577889447236181 -0.0472681655420918 0 0 
317 0.5829145728643216 -0.04686718975752713 0 0 
318 0.5879396984924623 -0.04646169773589554 0 0 
319 0.592964824120603 -0.04605174085461164 0 0 
320 0.5979899497487438 -0.04563736885630585 0 0 
321 0.6030150753768845 -0.04521862986888617 0 0 
322 0.6080402010050251 -0.04479557042484878 0 0 
323 0.6130653266331658 -0.04436823547987238 0 0 
324 0.6180904522613065 -0.04393666843072768 0 0 
325 0.6231155778894473 -0.04350091113253327 0 0 
326 0.628140703517588 -0.0430610039153861 0 0 
327 0.6331658291457286 -0.04261698560039489 0 0 
328 0.6381909547738693 -0.04216889351514164 0 0 
329 0.6432160804020101 -0.04171676350859668 0 0 
330 0.6482412060301508 -0.04126062996551005 0 0 
331 0.6532663316582915 -0.04080052582030193 0 0 
332 0.6582914572864321 -0.04033648257047334 0 0 
333 0.6633165829145728 -0.03986853028955668 0 0 
334 0.6683417085427136 -0.03939669763962581 0 0 
335 0.6733668341708543 -0.03892101188338368 0 0 
336 0.678391959798995 -0.03844149889584453 0 0 
337 0.6834170854271356 -0.03795818317562769 0 0 
338 0.6884422110552764 -0.03747108785587802 0 0 
339 0.6934673366834171 -0.03698023471482875 0 0 
340 0.6984924623115578 -0.03648564418601993 0 0 
341 0.7035175879396985 -0.03598733536818719 0 0 
342 0.7085427135678392 -0.03548532603483274 0 0 
343 0.7135678391959799 -0.03497963264349172 0 0 
344 0.7185929648241206 -0.03447027034470546 0 0 
345 0.7236180904522613 -0.03395725299071256 0 0 
346 0.7286432160804021 -0.03344059314386909 0 0 
347 0.7336683417085427 -0.03292030208480769 0 0 
348 0.7386934673366834 -0.03239638982034602 0 0 
349 0.7437185929648241 -0.031868865091153 0 0 
350 0.7487437185929648 -0.03133773537918261 0 0 
351 0.7537688442211056 -0.03080300691488366 0 0 
352 0.7587939698492463 -0.03026468468419332 0 0 
353 0.7638190954773869 -0.02972277243532293 0 0 
354 0.7688442211055276 -0.0291772726853427 0 0 
355 0.7738693467336684 -0.02862818672657394 0 0 
356 0.7788944723618091 -0.02807551463279368 0 0 
357 0.7839195979899498 -0.02751925526526042 0 0 
358 0.7889447236180904 -0.02695940627856569 0 0 
359 0.7939698492462312 -0.02639596412631852 0 0 
360 0.7989949748743719 -0.02582892406666813 0 0 
361 0.8040201005025126 -0.02525828016767061 0 0 
362 0.8090452261306533 -0.02468402531250458 0 0 
363 0.8140703517587939 -0.02410615120454196 0 0 
364 0.8190954773869347 -0.02352464837227739 0 0 
365 0.8241206030150754 -0.02293950617412219 0 0 
366 0.8291457286432161 -0.02235071280306686 0 0 
367 0.8341708542713568 -0.02175825529121661 0 0 
368 0.8391959798994975 -0.02116211951420415 0 0 
369 0.8442211055276382 -0.02056229019548356 0 0 
370 0.8492462311557789 -0.01995875091050968 0 0 
371 0.8542713567839196 -0.01935148409080605 0 0 
372 0.8592964824120604 -0.0187404710279256 0 0 
373 0.864321608040201 -0.01812569187730683 0 0 
374 0.8693467336683417 -0.0175071256620296 0 0 
375 0.8743718592964824 -0.01688475027647355 0 0 
376 0.8793969849246231 -0.01625854248988146 0 0 
377 0.8844221105527639 -0.0156284779498315 0 0 
378 0.8894472361809045 -0.01499453118562092 0 0 
379 0.8944723618090452 -0.01435667561156344 0 0 
380 0.8994974874371859 -0.01371488353020366 0 0 
381 0.9045226130653267 -0.01306912613545078 0 0 
382 0.9095477386934674 -0.01241937351563416 0 0 
383 0.914572864321608 -0.01176559465648262 0 0 
384 0.9195979899497487 -0.01110775744403058 0 0 
385 0.9246231155778895 -0.01044582866745261 0 0 
386 0.9296482412060302 -0.009779774021829148 0 0 
387 0.9346733668341709 -0.009109558110844256 0 0 
388 0.9396984924623115 -0.008435144449418964 0 0 
389 0.9447236180904522 -0.007756495466280956 0 0 
390 0.949748743718593 -0.00707357250647282 0 0 
391 0.9547738693467337 -0.006386335833800964 0 0 
392 0.9597989949748744 -0.005694744633226038 0 0 
393 0.964824120603015 -0.004998757013197639 0 0 
394 0.9698492462311558 -0.004298330007934252 0 0 
395 0.9748743718592965 -0.003593419579649682 0 0 
396 0.9798994974874372 -0.00288398062072873 0 0 
397 0.9849246231155779 -0.002169966955851827 0 0 
398 0.9899497487437187 -0.001451331344071669 0 0 
399 0.9949748743718593 -0.0007280254808418181 0 0 
400 1 1.665334536937735e-17 0 0 
401 -4 -4.800000000000001 0 0 
402 5 -4.800000000000001 0 0 
403 5 4.800000000000001 0 0 
404 -4 4.800000000000001 0 0 
1 0.1116694584031268 -0.05973501358472424 0 1 0.05973501358472426 0 1 1 2 1 -1 
2 -4 -4.800000000000001 0 5 -4.800000000000001 0 1 2 2 401 -402 
3 5 -4.800000000000001 0 5 4.800000000000001 0 1 3 2 402 -403 
4 -4 4.800000000000001 0 5 4.800000000000001 0 1 2 2 403 -404 
5 -4 -4.800000000000001 0 -4 4.800000000000001 0 1 4 2 404 -401 
1 -4 -4.800000000000001 0 5 4.800000000000001 0 1 6 5 2 3 4 5 -1 
$EndEntities
$Nodes
11 10793 1 10793
0 1 0 1
1
1 0 0
0 401 0 1
2
-4 -4.800000000000001 0
0 402 0 1
3
5 -4.800000000000001 0
0 403 0 1
4
5 4.800000000000001 0
0 404 0 1
5
-4 4.800000000000001 0
1 1 0 408
6
7
8
9
10
11
12
13
14
15
16
17
18
19
20
21
22
23
24
25
26
27
28
29
30
31
32
33
34
35
36
37
38
39
40
41
42
43
44
45
46
47
48
49
50
51
52
53
54
55
56
57
58
59
60
61
62
63
64
65
66
67
68
69
70
71
72
73
74
75
76
77
78
79
80
81
82
83
84
85
86
87
88
89
90
91
92
93
94
95
96
97
98
99
100
101
102
103
104
105
106
107
108
109
110
111
112
113
114
115
116
117
118
119
120
121
122
123
124
125
126
127
128
129
130
131
132
133
134
135
136
137
138
139
140
141
142
143
144
145
146
147
148
149
150
151
152
153
154
155
156
157
158
159
160
161
162
163
164
165
166
167
168
169
170
171
172
173
174
175
176
177
178
179
180
181
182
183
184
185
186
187
188
189
190
191
192
193
194
195
196
197
198
199
200
201
202
203
204
205
206
207
208
209
210
211
212
213
214
215
216
217
218
219
220
221
222
223
224
225
226
227
228
229
230
231
232
233
234
235
236
237
238
239
240
241
242
243
244
245
246
247
248
249
250
251
252
253
254
255
256
257
258
259
260
261
262
263
264
265
266
267
268
269
270
271
272
273
274
275
276
277
278
279
280
281
282
283
284
285
286
287
288
289
290
291
292
293
294
295
296
297
298
299
300
301
302
303
304
305
306
307
308
309
310
311
312
313
314
315
316
317
318
319
320
321
322
323
324
325
326
327
328
329
330
331
332
333
334
335
336
337
338
339
340
341
342
343
344
345
346
347
348
349
350
351
352
353
354
355
356
357
358
359
360
361
362
363
364
365
366
367
368
369
370
371
372
373
374
375
376
377
378
379
380
381
382
383
384
385
386
387
388
389
390
391
392
393
394
395
396
397
398
399
400
401
402
403
404
405
406
407
408
409
410
411
412
413
0.9958061274640218 0.0006078573930851569 0
0.9908672219775081 0.001319621377125226 0
0.9859276713848684 0.002026892520863217 0
0.980987494746544 0.002729777364490484 0
0.9760467018230747 0.003428317933810848 0
0.9711053023945708 0.004122555324958799 0
0.9661633059411251 0.004812529744979215 0
0.961220721675071 0.0054982805020697 0
0.9562775585633607 0.006179845997372668 0
0.9513338253614603 0.006857263715328053 0
0.9463895305639358 0.007530570225520851 0
0.9414446823656797 0.008199801182851355 0
0.936499288460811 0.008864991349289298 0
0.9315533581915355 0.009526174301463656 0
0.926606897837817 0.01018338305732897 0
0.9216599153063663 0.01083664944239526 0
0.9167124178698612 0.01148600438813943 0
0.9117644124613861 0.01213147788712886 0
0.9068159058019972 0.01277309897113458 0
0.9018669048487793 0.0134108956486597 0
0.8969174160524931 0.01404489499655644 0
0.8919674461315525 0.01467512305567092 0
0.8870170003746254 0.01530160504185019 0
0.8820660849109512 0.01592436505155147 0
0.8771147055599479 0.01654342620420124 0
0.8721628676470974 0.01715881065952946 0
0.8672105772351177 0.01777053945974918 0
0.8622578391373479 0.01837863277107854 0
0.8573046583184886 0.01898310970420964 0
0.852351039524768 0.0195839883550857 0
0.8473969874441998 0.02018128578025634 0
0.8424425069617607 0.02077501796152953 0
0.8374876023610158 0.02136519989676615 0
0.8325322778742568 0.02195184552796477 0
0.8275765375637296 0.02253496775012979 0
0.8226203853603881 0.0231145784011745 0
0.8176638250384882 0.02369068825933759 0
0.8127068600328301 0.02426330705851757 0
0.8077494944132553 0.02483244337028105 0
0.8027917306320308 0.02539810485697632 0
0.79783357219493 0.02596029795861002 0
0.7928750224633372 0.02651902802555482 0
0.7879160842646618 0.02707429935581891 0
0.7829567604038127 0.02762611513060184 0
0.7779970535267942 0.02817447742328879 0
0.7730369661894803 0.0287193871852614 0
0.7680765008035212 0.02926084424522366 0
0.7631156596576429 0.02979884729999914 0
0.7581544446868145 0.03033339393233781 0
0.7531928565087634 0.03086448070574567 0
0.7482309017204971 0.03139210237965884 0
0.7432685776770053 0.03191625352590492 0
0.7383058880004805 0.03243692686705296 0
0.7333428333187036 0.03295411425301877 0
0.7283794156764649 0.03346780618779189 0
0.7234156363461578 0.0339779920508748 0
0.7184514969098893 0.03448465997639317 0
0.7134869982210473 0.03498779695077291 0
0.7085221410443144 0.03548738873740412 0
0.7035569278846786 0.03598341968441614 0
0.6985913581563069 0.03647587319742072 0
0.6936254331132816 0.03696473124098816 0
0.6886591534996266 0.03744997456208897 0
0.6836925200863063 0.03793158262619292 0
0.6787255334613359 0.03840953362729263 0
0.6737581940359099 0.03888380447612708 0
0.6687905021466061 0.03935437077902823 0
0.6638224583704883 0.03982120679695476 0
0.6588540630255078 0.0402842854812322 0
0.6538853163313478 0.04074357844583655 0
0.648916218481817 0.04119905594809205 0
0.6439467696025891 0.04165068687967085 0
0.6389769698498661 0.04209843874432821 0
0.6340068188711782 0.04254227769236908 0
0.6290363167433928 0.04298216842191879 0
0.6240654636105979 0.04341807419770832 0
0.6190942593839254 0.04384995686226958 0
0.6141227039338836 0.04427777680294762 0
0.6091507971060444 0.04470149293428201 0
0.604178538723003 0.04512106268104261 0
0.5992059285823065 0.04553644196100842 0
0.5942329661349343 0.04594758519337911 0
0.5892596513587165 0.04635444520761076 0
0.5842859841556286 0.04675697327494896 0
0.5793119643112569 0.04715511909134833 0
0.574337591589818 0.04754883074874162 0
0.5693628657785526 0.04793805470996093 0
0.5643877866889997 0.04832273578638845 0
0.5594123539715515 0.04870281712892779 0
0.5544365675250919 0.04907824017239912 0
0.5494604270534134 0.04944894464446075 0
0.5444839329974421 0.04981486847049243 0
0.5395070851706715 0.05017594784840214 0
0.5345298838192509 0.05053211714200131 0
0.5295523284348072 0.05088330893694707 0
0.5245744197185921 0.0512294538707299 0
0.5195961575753543 0.05157048074338312 0
0.5146175426083303 0.05190631638008 0
0.5096385587907383 0.05223688674140423 0
0.5046592289546005 0.05256211320285273 0
0.4996795850679188 0.05288191462101546 0
0.4946995643308313 0.0531962138483744 0
0.4897191939621927 0.05350492581054974 0
0.4847384750186765 0.05380796497285406 0
0.4797574093250278 0.0541052435554639 0
0.4747759977778458 0.05439667158928167 0
0.469794241707861 0.05468215678411178 0
0.4648121438201647 0.05496160442768182 0
0.4598297057006311 0.05523491747557258 0
0.4548469291770053 0.05550199641585289 0
0.4498638170875939 0.05576273917172926 0
0.4448803722422706 0.05601704109842683 0
0.4398965976572957 0.05626479490652517 0
0.4349124966325718 0.05650589059140341 0
0.4299280727687954 0.05674021536266695 0
0.4249433298076197 0.05696765357803647 0
0.4199582719850864 0.05718808664967902 0
0.4149729042178549 0.05740139295645785 0
0.4099872315568809 0.0576074477832389 0
0.4050012594720447 0.05780612321826137 0
0.400014993863062 0.05799728805832044 0
0.3950284410327947 0.05818080771009717 0
0.3900416075554245 0.05835654408918189 0
0.3850545012085853 0.05852435547678846 0
0.3800671255803179 0.05868409657643918 0
0.3750795018522277 0.05883561770716819 0
0.3700916273088238 0.05897876597093511 0
0.3651035149192512 0.05911338387214512 0
0.360115175274303 0.05923930973921923 0
0.35512661997782 0.05935637746567322 0
0.350137861061692 0.05946441635940541 0
0.3451489113891637 0.05956325095623263 0
0.3401597847003155 0.0596527008323743 0
0.3351704956596341 0.0597325804049799 0
0.3301810597851244 0.05980269872130807 0
0.3251914939778555 0.05986285922585005 0
0.3202018160679492 0.05991285952697856 0
0.3152120450251578 0.05995249113640609 0
0.3102222012070312 0.05998153919249113 0
0.3052323062340589 0.05999978216754671 0
0.3002423831521764 0.06000699155150501 0
0.2952524565675576 0.06000293151376219 0
0.2902625526712823 0.05998735854031045 0
0.2852726994349515 0.05996002104384284 0
0.2802829266038044 0.05992065894359616 0
0.2752932659248882 0.05986900321360678 0
0.2703037513696716 0.05980477539671178 0
0.265314418960902 0.05972768707407524 0
0.26032530724891 0.0596374392991207 0
0.2553364575695762 0.05953372198399277 0
0.2503479136965294 0.0594162132197931 0
0.2453597225873604 0.05928457855997414 0
0.2403719347134557 0.05913847023549022 0
0.2353846034820137 0.05897752626960017 0
0.2303977863740417 0.05880136956108321 0
0.2254115452648836 0.05860960686144351 0
0.2204259459661255 0.0584018276195471 0
0.2154410593203699 0.05817760277167204 0
0.2104569615043242 0.0579364833809264 0
0.2054737341655865 0.05767799912473571 0
0.2004914654249115 0.05740165666590174 0
0.1955102501196039 0.05710693780791569 0
0.1905301904737551 0.05679329746637254 0
0.1855513973369377 0.05646016144746365 0
0.1805739900562772 0.05610692387368616 0
0.1755980985701818 0.05573294445391826 0
0.1706238635306182 0.05533754527272854 0
0.1656514381124105 0.05492000729829002 0
0.1606809894681588 0.05447956640830165 0
0.1557126995770254 0.05401540881915299 0
0.1507467684120547 0.05352666609607377 0
0.1457834151539271 0.05301240912022409 0
0.140822880440559 0.0524716413895626 0
0.1358654310366137 0.05190329186031478 0
0.1309113607118258 0.05130620570817306 0
0.1259609973788509 0.05067913450345878 0
0.1210147053929927 0.05002072408064367 0
0.1160728929213198 0.04932950090415916 0
0.1111360184612227 0.04860385577269395 0
0.1062045995684559 0.04784202466942134 0
0.1012792231299113 0.04704206594513691 0
0.09636055873469015 0.04620183313579394 0
0.09144937397476487 0.04531894200347035 0
0.08654655484758043 0.04439073071484208 0
0.0816531312495615 0.04341421105921341 0
0.07677030925725239 0.04238600814410894 0
0.07189951262212699 0.04130228511801769 0
0.06704243926569123 0.04015864876587077 0
0.06220113369371653 0.03895002861920586 0
0.05737808694142543 0.03767052137759864 0
0.0525763733546568 0.03631318723397489 0
0.04779984397663139 0.03486977989204541 0
0.04305340324010859 0.03333038236453242 0
0.03834341803910422 0.0316829086972763 0
0.0336783360421988 0.02991241198680935 0
0.02906964724354064 0.02800011952998164 0
0.02453339640053059 0.02592213294819568 0
0.02009239617360058 0.0236481085206842 0
0.01578048721042678 0.02113834218148241 0
0.01165055309515114 0.01833953108307494 0
0.007683018000248502 0.01531574762883334 0
0.004565781847177092 0.01146745755614808 0
0.002139636179253326 0.007108465747169659 0
0.00033618565853007 0.002465997603746958 0
0.0003361870541211038 -0.002466003194809395 0
0.00213963873070815 -0.007108470883964526 0
0.004565784762092562 -0.01146746246506538 0
0.007683022467397038 -0.01531575113605377 0
0.01165055763280942 -0.01833953445366703 0
0.01578049196690172 -0.02113834518423682 0
0.02009240107877166 -0.02364811121597144 0
0.02453340141417769 -0.02592213537273615 0
0.02906965232583159 -0.02800012173870287 0
0.03367834116950104 -0.02991241401508913 0
0.038343423195562 -0.03168291057089698 0
0.04305340841423355 -0.03333038410329658 0
0.04779984916013699 -0.03486978151179029 0
0.05257637854131979 -0.03631318874759878 0
0.05737809212636774 -0.03767052279575197 0
0.06220113887305669 -0.03895002995081493 0
0.06704244443596367 -0.04015865001842961 0
0.07189951778113078 -0.04130228629811464 0
0.07677031440295064 -0.04238600925738605 0
0.08165313638041498 -0.0434142121106275 0
0.08654655996180605 -0.04439073170865172 0
0.09144937907076814 -0.04531894294344428 0
0.09636056381209743 -0.04620183402547694 0
0.1012792281874338 -0.04704206678752484 0
0.1062046046049955 -0.04784202546722837 0
0.1111360234762312 -0.04860385652844849 0
0.1160728979144194 -0.04932950162017272 0
0.1210147103635655 -0.05002072475898367 0
0.1259610023258947 -0.0506791351459643 0
0.1309113656342306 -0.05130620631652171 0
0.1358654359351636 -0.05190329243627948 0
0.1408228853146063 -0.0524716419346117 0
0.145783420002169 -0.05301240963565156 0
0.1507467732356358 -0.05352666658333548 0
0.1557127043756437 -0.05401540927943926 0
0.160680994241034 -0.05447956684270417 0
0.1656514428598496 -0.05492000770792986 0
0.1706238682505641 -0.05533754565846098 0
0.1755981032647706 -0.055732944816888 0
0.1805739947245693 -0.05610692421472888 0
0.1855514019777329 -0.05646016176735744 0
0.1905301950888068 -0.05679329776605466 0
0.1955102547089325 -0.05710693808815352 0
0.200491469987668 -0.05740165692737319 0
0.2054737387018856 -0.05767799936814335 0
0.2104569660155517 -0.05793648360700149 0
0.215441063804241 -0.05817760298092895 0
0.2204259504218681 -0.05840182781256011 0
0.2254115496936855 -0.05860960703884583 0
0.2303977907752253 -0.05880136972340243 0
0.2353846077622382 -0.05897752641421585 0
0.2403719390598451 -0.0591384703692345 0
0.2453597269061623 -0.05928457868016973 0
0.2503479179874129 -0.05941621332690263 0
0.255336461834022 -0.05953372207850353 0
0.2603253114842523 -0.05963743938141005 0
0.2653144231705816 -0.05972768714462828 0
0.2703037555521342 -0.0598047754559005 0
0.2752932700816327 -0.05986900326183635 0
0.2802829307318938 -0.05992065898120657 0
0.2852727035390767 -0.05996002107123381 0
0.2902625567494867 -0.05998735855780721 0
0.2952524606229119 -0.06000293152170241 0
0.3002423871838784 -0.06000699155019571 0
0.3052323102385833 -0.05999978215729737 0
0.3102222051828961 -0.05998153917361521 0
0.3152120489723391 -0.05995249110920692 0
0.3202018199915088 -0.05991285949170454 0
0.325191497872533 -0.05986285918282353 0
0.3301810636548054 -0.05980269867075575 0
0.3351704995047539 -0.05973258034714917 0
0.3401597885875151 -0.05965270076637858 0
0.3451489151931709 -0.05956325088442129 0
0.3501378648394763 -0.05946441628104873 0
0.355126623723787 -0.0593563773811283 0
0.3601151789906473 -0.05923930964867703 0
0.3651035186111165 -0.05911338377570121 0
0.370091630785837 -0.05897876587409741 0
0.3750795054874793 -0.05883561759975908 0
0.380067132924904 -0.05868409634720488 0
0.3850545039504333 -0.05852435538672969 0
0.3900416111009218 -0.05835654396703463 0
0.3950284445464893 -0.05818080758350513 0
0.4000149973521293 -0.0579972879272112 0
0.4050012629322839 -0.05780612308296942 0
0.4099872349905602 -0.05760744764385058 0
0.4149729076245479 -0.05740139281315833 0
0.4199582753614037 -0.05718808650277991 0
0.4249433331618246 -0.05696765342733626 0
0.4299280760905836 -0.0567402152087853 0
0.4349124999231578 -0.05650589043444949 0
0.4398966009206363 -0.05626479474646462 0
0.4448803758304932 -0.05601704091766602 0
0.449863820296559 -0.05576273900588154 0
0.4548469323632667 -0.05550199624708289 0
0.4598297088606995 -0.0552349173041929 0
0.4648121469563626 -0.05496160425369263 0
0.4697942448174699 -0.05468215660778749 0
0.4747760004627425 -0.0543966714338012 0
0.4797574120741002 -0.05410524339300206 0
0.4847384780486547 -0.05380796479024785 0
0.4897191969668103 -0.05350492562601095 0
0.4946995673156438 -0.05319621366166524 0
0.4996795880232086 -0.05288191443284938 0
0.5046592584017118 -0.05256211129549113 0
0.5096385780516315 -0.05223688547291985 0
0.5146175450706193 -0.05190631621528376 0
0.5195961601341501 -0.05157048056942858 0
0.5245744223755571 -0.05122945368733784 0
0.5295523311875387 -0.05088330874412111 0
0.5345298862450411 -0.05053211696962273 0
0.5395070877751864 -0.05017594766072327 0
0.5444839355860446 -0.04981486828141037 0
0.5494604299032186 -0.04944894443352891 0
0.5544365698124156 -0.04907824000090497 0
0.5594123564020159 -0.04870281694439872 0
0.5643877890906118 -0.04832273560180276 0
0.5693628681527649 -0.04793805452528689 0
0.5743375942525335 -0.04754883053919556 0
0.5793119639407519 -0.04715511912084 0
0.5842859866829485 -0.0467569730715238 0
0.5892596535400184 -0.04635444503011359 0
0.5942329683692789 -0.0459475850096178 0
0.5992059307012584 -0.04553644178491025 0
0.6041785408195299 -0.04512106250501956 0
0.6091507991715083 -0.04470149275912334 0
0.6141227059653112 -0.04427777662897787 0
0.6190942617630594 -0.04384995665655426 0
0.6240654655851604 -0.04341807402535711 0
0.6290363186933962 -0.04298216825012862 0
0.6340068207925034 -0.0425422775215603 0
0.638976971677664 -0.0420984385803773 0
0.6439467714786802 -0.0416506867099056 0
0.6489162203249618 -0.04119905577986368 0
0.6538853181499812 -0.0407435782784317 0
0.6588540648186235 -0.04028428531479308 0
0.6638224601418 -0.03982120663118336 0
0.6687905038947635 -0.03935437061409489 0
0.6737581957599201 -0.03888380431217038 0
0.6787255351619865 -0.03840953346428193 0
0.6836925217579366 -0.03793158246471788 0
0.6886591551434699 -0.03744997440208 0
0.6936254347283901 -0.03696473108258613 0
0.6985913597412888 -0.03647587304081164 0
0.7035569294513897 -0.03598341952846975 0
0.7085221431112254 -0.03548738853016852 0
0.7134869997417536 -0.03498779679720232 0
0.7184514984888446 -0.03448465981580334 0
0.7234156378042816 -0.03397799190152827 0
0.7283794171130175 -0.03346780603962761 0
0.7333428347173777 -0.03295411410776415 0
0.7383058893654342 -0.03243692672432976 0
0.7432685790176479 -0.03191625338477283 0
0.7482309033015903 -0.03139210221209472 0
0.7531928578013491 -0.03086448056784401 0
0.7581544459371337 -0.03033339379806294 0
0.763115660884423 -0.02979884716738715 0
0.7680765020100194 -0.0292608441139539 0
0.7730369673745268 -0.02871938705549085 0
0.7779970546936182 -0.02817447729469174 0
0.7829567615402344 -0.02762611500455465 0
0.7879160853863105 -0.02707429923061934 0
0.7928750235567982 -0.02651902790272978 0
0.7978335732638659 -0.02596029783778431 0
0.8027917315775156 -0.02539810474943543 0
0.8077494954215891 -0.02483244325487636 0
0.8127068610099931 -0.02426330694598574 0
0.8176638261913665 -0.02369068812574842 0
0.8226203862773639 -0.02311457829426496 0
0.8275765384458866 -0.0225349676466472 0
0.8325322792383727 -0.02195184536696382 0
0.8374876031975101 -0.02136519979743401 0
0.8424425080861635 -0.02077501782719338 0
0.8473969884420268 -0.02018128566031585 0
0.8523510401646193 -0.01958398827770633 0
0.8573046590555018 -0.01898310961453824 0
0.8622578398430655 -0.01837863268469328 0
0.8672105780991806 -0.01777053935333918 0
0.8721628685863794 -0.01715881054315421 0
0.8771147061859217 -0.01654342612617375 0
0.8820660850107782 -0.01592436503903256 0
0.88701700095178 -0.01530160496903204 0
0.8919674466858961 -0.01467512298530602 0
0.8969174169405758 -0.01404489488314354 0
0.901866905607302 -0.01341089555120287 0
0.9068159064367745 -0.01277309888907997 0
0.9117644129119302 -0.01213147782853384 0
0.9167124182940307 -0.01148600433263745 0
0.921659915712832 -0.01083664938888415 0
0.9266068982189714 -0.01018338300684226 0
0.9315533585546992 -0.0095261742530642 0
0.9364992892506878 -0.008864991243372394 0
0.941444682650876 -0.008199801144372278 0
0.9463895308359923 -0.007530570188587258 0
0.9513338255935437 -0.006857263683625399 0
0.9562775587795299 -0.006179845967659939 0
0.9612207218729796 -0.00549828047469693 0
0.9661633061166285 -0.004812529720553106 0
0.9711053025491327 -0.004122555303311978 0
0.9760467019549327 -0.003428317915227252 0
0.9809874948586508 -0.002729777348590485 0
0.9859276714669589 -0.00202689250914634 0
0.9908672220337641 -0.001319621369044513 0
0.9958061274922042 -0.0006078573890074698 0
1 2 0 29
414
415
416
417
418
419
420
421
422
423
424
425
426
427
428
429
430
431
432
433
434
435
436
437
438
439
440
441
442
-3.700000000001144 -4.800000000000001 0
-3.400000000002289 -4.800000000000001 0
-3.100000000003433 -4.800000000000001 0
-2.800000000004577 -4.800000000000001 0
-2.500000000005722 -4.800000000000001 0
-2.200000000006867 -4.800000000000001 0
-1.900000000008011 -4.800000000000001 0
-1.600000000009156 -4.800000000000001 0
-1.300000000010299 -4.800000000000001 0
-1.000000000011443 -4.800000000000001 0
-0.7000000000125866 -4.800000000000001 0
-0.4000000000137303 -4.800000000000001 0
-0.1000000000148735 -4.800000000000001 0
0.1999999999839828 -4.800000000000001 0
0.4999999999830127 -4.800000000000001 0
0.7999999999846548 -4.800000000000001 0
1.099999999986471 -4.800000000000001 0
1.399999999988285 -4.800000000000001 0
1.6999999999901 -4.800000000000001 0
1.999999999991914 -4.800000000000001 0
2.299999999993729 -4.800000000000001 0
2.599999999995543 -4.800000000000001 0
2.899999999997359 -4.800000000000001 0
3.199999999999172 -4.800000000000001 0
3.500000000000988 -4.800000000000001 0
3.800000000002802 -4.800000000000001 0
4.100000000003437 -4.800000000000001 0
4.400000000002292 -4.800000000000001 0
4.700000000001147 -4.800000000000001 0
1 3 0 31
443
444
445
446
447
448
449
450
451
452
453
454
455
456
457
458
459
460
461
462
463
464
465
466
467
468
469
470
471
472
473
5 -4.500000000000131 0
5 -4.200000000000781 0
5 -3.900000000001344 0
5 -3.600000000001734 0
5 -3.300000000002731 0
5 -3.000000000003555 0
5 -2.700000000004466 0
5 -2.400000000005377 0
5 -2.100000000006288 0
5 -1.800000000007198 0
5 -1.50000000000811 0
5 -1.200000000009021 0
5 -0.9000000000099315 0
5 -0.6000000000110157 0
5 -0.3000000000120124 0
5 -1.266364790808439e-11 0
5 0.2999999999879002 0
5 0.5999999999888104 0
5 0.8999999999897215 0
5 1.199999999990459 0
5 1.499999999991195 0
5 1.799999999992107 0
5 2.099999999993019 0
5 2.399999999993755 0
5 2.699999999994493 0
5 2.999999999995404 0
5 3.299999999995794 0
5 3.599999999996705 0
5 3.899999999997615 0
5 4.199999999998179 0
5 4.499999999999089 0
1 4 0 29
474
475
476
477
478
479
480
481
482
483
484
485
486
487
488
489
490
491
492
493
494
495
496
497
498
499
500
501
502
4.700000000001144 4.800000000000001 0
4.400000000002288 4.800000000000001 0
4.100000000003433 4.800000000000001 0
3.800000000004577 4.800000000000001 0
3.500000000005722 4.800000000000001 0
3.200000000006867 4.800000000000001 0
2.900000000008011 4.800000000000001 0
2.600000000009156 4.800000000000001 0
2.300000000010299 4.800000000000001 0
2.000000000011443 4.800000000000001 0
1.700000000012587 4.800000000000001 0
1.40000000001373 4.800000000000001 0
1.100000000014874 4.800000000000001 0
0.8000000000160172 4.800000000000001 0
0.5000000000169873 4.800000000000001 0
0.2000000000153452 4.800000000000001 0
-0.09999999998647091 4.800000000000001 0
-0.3999999999882853 4.800000000000001 0
-0.6999999999900997 4.800000000000001 0
-0.999999999991914 4.800000000000001 0
-1.299999999993729 4.800000000000001 0
-1.599999999995543 4.800000000000001 0
-1.899999999997359 4.800000000000001 0
-2.199999999999172 4.800000000000001 0
-2.500000000000988 4.800000000000001 0
-2.800000000002802 4.800000000000001 0
-3.100000000003437 4.800000000000001 0
-3.400000000002292 4.800000000000001 0
-3.700000000001147 4.800000000000001 0
1 5 0 31
503
504
505
506
507
508
509
510
511
512
513
514
515
516
517
518
519
520
521
522
523
524
525
526
527
528
529
530
531
532
533
-4 4.500000000000131 0
-4 4.200000000000781 0
-4 3.900000000001344 0
-4 3.600000000001734 0
-4 3.300000000002731 0
-4 3.000000000003555 0
-4 2.700000000004466 0
-4 2.400000000005377 0
-4 2.100000000006288 0
-4 1.800000000007198 0
-4 1.50000000000811 0
-4 1.200000000009021 0
-4 0.9000000000099315 0
-4 0.6000000000110157 0
-4 0.3000000000120124 0
-4 1.266364790808439e-11 0
-4 -0.2999999999879002 0
-4 -0.5999999999888104 0
-4 -0.8999999999897215 0
-4 -1.199999999990459 0
-4 -1.499999999991195 0
-4 -1.799999999992107 0
-4 -2.099999999993019 0
-4 -2.399999999993755 0
-4 -2.699999999994493 0
-4 -2.999999999995404 0
-4 -3.299999999995794 0
-4 -3.599999999996705 0
-4 -3.899999999997615 0
-4 -4.199999999998179 0
-4 -4.499999999999089 0
2 1 0 10260
534
535
536
537
538
539
540
541
542
543
544
545
546
547
548
549
550
551
552
553
554
555
556
557
558
559
560
561
562
563
564
565
566
567
568
569
570
571
572
573
574
575
576
577
578
579
580
581
582
583
584
585
586
587
588
589
590
591
592
593
594
595
596
597
598
599
600
601
602
603
604
605
606
607
608
609
610
611
612
613
614
615
616
617
618
619
620
621
622
623
624
625
626
627
628
629
630
631
632
633
634
635
636
637
638
639
640
641
642
643
644
645
646
647
648
649
650
651
652
653
654
655
656
657
658
659
660
661
662
663
664
665
666
667
668
669
670
671
672
673
674
675
676
677
678
679
680
681
682
683
684
685
686
687
688
689
690
691
692
693
694
695
696
697
698
699
700
701
702
703
704
705
706
707
708
709
710
711
712
713
714
715
716
717
718
719
720
721
722
723
724
725
726
727
728
729
730
731
732
733
734
735
736
737
738
739
740
741
742
743
744
745
746
747
748
749
750
751
752
753
754
755
756
757
758
759
760
761
762
763
764
765
766
767
768
769
770
771
772
773
774
775
776
777
778
779
780
781
782
783
784
785
786
787
788
789
790
791
792
793
794
795
796
797
798
799
800
801
802
803
804
805
806
807
808
809
810
811
812
813
814
815
816
817
818
819
820
821
822
823
824
825
826
827
828
829
830
831
832
833
834
835
836
837
838
839
840
841
842
843
844
845
846
847
848
849
850
851
852
853
854
855
856
857
858
859
860
861
862
863
864
865
866
867
868
869
870
871
872
873
874
875
876
877
878
879
880
881
882
883
884
885
886
887
888
889
890
891
892
893
894
895
896
897
898
899
900
901
902
903
904
905
906
907
908
909
910
911
912
913
914
915
916
917
918
919
920
921
922
923
924
925
926
927
928
929
930
931
932
933
934
935
936
937
938
939
940
941
942
943
944
945
946
947
948
949
950
951
952
953
954
955
956
957
958
959
960
961
962
963
964
965
966
967
968
969
970
971
972
973
974
975
976
977
978
979
980
981
982
983
984
985
986
987
988
989
990
991
992
993
994
995
996
997
998
999
1000
1001
1002
1003
1004
1005
1006
1007
1008
1009
1010
1011
1012
1013
1014
1015
1016
1017
1018
1019
1020
1021
1022
1023
1024
1025
1026
1027
1028
1029
1030
1031
1032
1033
1034
1035
1036
1037
1038
1039
1040
1041
1042
1043
1044
1045
1046
1047
1048
1049
1050
1051
1052
1053
1054
1055
1056
1057
1058
1059
1060
1061
1062
1063
1064
1065
1066
1067
1068
1069
1070
1071
1072
1073
1074
1075
1076
1077
1078
1079
1080
1081
1082
1083
1084
1085
1086
1087
1088
1089
1090
1091
1092
1093
1094
1095
1096
1097
1098
1099
1100
1101
1102
1103
1104
1105
1106
1107
1108
1109
1110
1111
1112
1113
1114
1115
1116
1117
1118
1119
1120
1121
1122
1123
1124
1125
1126
1127
1128
1129
1130
1131
1132
1133
1134
1135
1136
1137
1138
1139
1140
1141
1142
1143
1144
1145
1146
1147
1148
1149
1150
1151
1152
1153
1154
1155
1156
1157
1158
1159
1160
1161
1162
1163
1164
1165
1166
1167
1168
1169
1170
1171
1172
1173
1174
1175
1176
1177
1178
1179
1180
1181
1182
1183
1184
1185
1186
1187
1188
1189
1190
1191
1192
1193
1194
1195
1196
1197
1198
1199
1200
1201
1202
1203
1204
1205
1206
1207
1208
1209
1210
1211
1212
1213
1214
1215
1216
1217
1218
1219
1220
1221
1222
1223
1224
1225
1226
1227
1228
1229
1230
1231
1232
1233
1234
1235
1236
1237
1238
1239
1240
1241
1242
1243
1244
1245
1246
1247
1248
1249
1250
1251
1252
1253
1254
1255
1256
1257
1258
1259
1260
1261
1262
1263
1264
1265
1266
1267
1268
1269
1270
1271
1272
1273
1274
1275
1276
1277
1278
1279
1280
1281
1282
1283
1284
1285
1286
1287
1288
1289
1290
1291
1292
1293
1294
1295
1296
1297
1298
1299
1300
1301
1302
1303
1304
1305
1306
1307
1308
1309
1310
1311
1312
1313
1314
1315
1316
1317
1318
1319
1320
1321
1322
1323
1324
1325
1326
1327
1328
1329
1330
1331
1332
1333
1334
1335
1336
1337
1338
1339
1340
1341
1342
1343
1344
1345
1346
1347
1348
1349
1350
1351
1352
1353
1354
1355
1356
1357
1358
1359
1360
1361
1362
1363
1364
1365
1366
1367
1368
1369
1370
1371
1372
1373
1374
1375
1376
1377
1378
1379
1380
1381
1382
1383
1384
1385
1386
1387
1388
1389
1390
1391
1392
1393
1394
1395
1396
1397
1398
1399
1400
1401
1402
1403
1404
1405
1406
1407
1408
1409
1410
1411
1412
1413
1414
1415
1416
1417
1418
1419
1420
1421
1422
1423
1424
1425
1426
1427
1428
1429
1430
1431
1432
1433
1434
1435
1436
1437
1438
1439
1440
1441
1442
1443
1444
1445
1446
1447
1448
1449
1450
1451
1452
1453
1454
1455
1456
1457
1458
1459
1460
1461
1462
1463
1464
1465
1466
1467
1468
1469
1470
1471
1472
1473
1474
1475
1476
1477
1478
1479
1480
1481
1482
1483
1484
1485
1486
1487
1488
1489
1490
1491
1492
1493
1494
1495
1496
1497
1498
1499
1500
1501
1502
1503
1504
1505
1506
1507
1508
1509
1510
1511
1512
1513
1514
1515
1516
1517
1518
1519
1520
1521
1522
1523
1524
1525
1526
1527
1528
1529
1530
1531
1532
1533
1534
1535
1536
1537
1538
1539
1540
1541
1542
1543
1544
1545
1546
1547
1548
1549
1550
1551
1552
1553
1554
1555
1556
1557
1558
1559
1560
1561
1562
1563
1564
1565
1566
1567
1568
1569
1570
1571
1572
1573
1574
1575
1576
1577
1578
1579
1580
1581
1582
1583
1584
1585
1586
1587
1588
1589
1590
1591
1592
1593
1594
1595
1596
1597
1598
1599
1600
1601
1602
1603
1604
1605
1606
1607
1608
1609
1610
1611
1612
1613
1614
1615
1616
1617
1618
1619
1620
1621
1622
1623
1624
1625
1626
1627
1628
1629
1630
1631
1632
1633
1634
1635
1636
1637
1638
1639
1640
1641
1642
1643
1644
1645
1646
1647
1648
1649
1650
1651
1652
1653
1654
1655
1656
1657
1658
1659
1660
1661
1662
1663
1664
1665
1666
1667
1668
1669
1670
1671
1672
1673
1674
1675
1676
1677
1678
1679
1680
1681
1682
1683
1684
1685
1686
1687
1688
1689
1690
1691
1692
1693
1694
1695
1696
1697
1698
1699
1700
1701
1702
1703
1704
1705
1706
1707
1708
1709
1710
1711
1712
1713
1714
1715
1716
1717
1718
1719
1720
1721
1722
1723
1724
1725
1726
1727
1728
1729
1730
1731
1732
1733
1734
1735
1736
1737
1738
1739
1740
1741
1742
1743
1744
1745
1746
1747
1748
1749
1750
1751
1752
1753
1754
1755
1756
1757
1758
1759
1760
1761
1762
1763
1764
1765
1766
1767
1768
1769
1770
1771
1772
1773
1774
1775
1776
1777
1778
1779
1780
1781
1782
1783
1784
1785
1786
1787
1788
1789
1790
1791
1792
1793
1794
1795
1796
1797
1798
1799
1800
1801
1802
1803
1804
1805
1806
1807
1808
1809
1810
1811
1812
1813
1814
1815
1816
1817
1818
1819
1820
1821
1822
1823
1824
1825
1826
1827
1828
1829
1830
1831
1832
1833
1834
1835
1836
1837
1838
1839
1840
1841
1842
1843
1844
1845
1846
1847
1848
1849
1850
1851
1852
1853
1854
1855
1856
1857
1858
1859
1860
1861
1862
1863
1864
1865
1866
1867
1868
1869
1870
1871
1872
1873
1874
1875
1876
1877
1878
1879
1880
1881
1882
1883
1884
1885
1886
1887
1888
1889
1890
1891
1892
1893
1894
1895
1896
1897
1898
1899
1900
1901
1902
1903
1904
1905
1906
1907
1908
1909
1910
1911
1912
1913
1914
1915
1916
1917
1918
1919
1920
1921
1922
1923
1924
1925
1926
1927
1928
1929
1930
1931
1932
1933
1934
1935
1936
1937
1938
1939
1940
1941
1942
1943
1944
1945
1946
1947
1948
1949
1950
1951
1952
1953
1954
1955
1956
1957
1958
1959
1960
1961
1962
1963
1964
1965
1966
1967
1968
1969
1970
1971
1972
1973
1974
1975
1976
1977
1978
1979
1980
1981
1982
1983
1984
1985
1986
1987
1988
1989
1990
1991
1992
1993
1994
1995
1996
1997
1998
1999
2000
2001
2002
2003
2004
2005
2006
2007
2008
2009
2010
2011
2012
2013
2014
2015
2016
2017
2018
2019
2020
2021
2022
2023
2024
2025
2026
2027
2028
2029
2030
2031
2032
2033
2034
2035
2036
2037
2038
2039
2040
2041
2042
2043
2044
2045
2046
2047
2048
2049
2050
2051
2052
2053
2054
2055
2056
2057
2058
2059
2060
2061
2062
2063
2064
2065
2066
2067
2068
2069
2070
2071
2072
2073
2074
2075
2076
2077
2078
2079
2080
2081
2082
2083
2084
2085
2086
2087
2088
2089
2090
2091
2092
2093
2094
2095
2096
2097
2098
2099
2100
2101
2102
2103
2104
2105
2106
2107
2108
2109
2110
2111
2112
2113
2114
2115
2116
2117
2118
2119
2120
2121
2122
2123
2124
2125
2126
2127
2128
2129
2130
2131
2132
2133
2134
2135
2136
2137
2138
2139
2140
2141
2142
2143
2144
2145
2146
2147
2148
2149
2150
2151
2152
2153
2154
2155
2156
2157
2158
2159
2160
2161
2162
2163
2164
2165
2166
2167
2168
2169
2170
2171
2172
2173
2174
2175
2176
2177
2178
2179
2180
2181
2182
2183
2184
2185
2186
2187
2188
2189
2190
2191
2192
2193
2194
2195
2196
2197
2198
2199
2200
2201
2202
2203
2204
2205
2206
2207
2208
2209
2210
2211
2212
2213
2214
2215
2216
2217
2218
2219
2220
2221
2222
2223
2224
2225
2226
2227
2228
2229
2230
2231
2232
2233
2234
2235
2236
2237
2238
2239
2240
2241
2242
2243
2244
2245
2246
2247
2248
2249
2250
2251
2252
2253
2254
2255
2256
2257
2258
2259
2260
2261
2262
2263
2264
2265
2266
2267
2268
2269
2270
2271
2272
2273
2274
2275
2276
2277
2278
2279
2280
2281
2282
2283
2284
2285
2286
2287
2288
2289
2290
2291
2292
2293
2294
2295
2296
2297
2298
2299
2300
2301
2302
2303
2304
2305
2306
2307
2308
2309
2310
2311
2312
2313
2314
2315
2316
2317
2318
2319
2320
2321
2322
2323
2324
2325
2326
2327
2328
2329
2330
2331
2332
2333
2334
2335
2336
2337
2338
2339
2340
2341
2342
2343
2344
2345
2346
2347
2348
2349
2350
2351
2352
2353
2354
2355
2356
2357
2358
2359
2360
2361
2362
2363
2364
2365
2366
2367
2368
2369
2370
2371
2372
2373
2374
2375
2376
2377
2378
2379
2380
2381
2382
2383
2384
2385
2386
2387
2388
2389
2390
2391
2392
2393
2394
2395
2396
2397
2398
2399
2400
2401
2402
2403
2404
2405
2406
2407
2408
2409
2410
2411
2412
2413
2414
2415
2416
2417
2418
2419
2420
2421
2422
2423
2424
2425
2426
2427
2428
2429
2430
2431
2432
2433
2434
2435
2436
2437
2438
2439
2440
2441
2442
2443
2444
2445
2446
2447
2448
2449
2450
2451
2452
2453
2454
2455
2456
2457
2458
2459
2460
2461
2462
2463
2464
2465
2466
2467
2468
2469
2470
2471
2472
2473
2474
2475
2476
2477
2478
2479
2480
2481
2482
2483
2484
2485
2486
2487
2488
2489
2490
2491
2492
2493
2494
2495
2496
2497
2498
2499
2500
2501
2502
2503
2504
2505
2506
2507
2508
2509
2510
2511
2512
2513
2514
2515
2516
2517
2518
2519
2520
2521
2522
2523
2524
2525
2526
2527
2528
2529
2530
2531
2532
2533
2534
2535
2536
2537
2538
2539
2540
2541
2542
2543
2544
2545
2546
2547
2548
2549
2550
2551
2552
2553
2554
2555
2556
2557
2558
2559
2560
2561
2562
2563
2564
2565
2566
2567
2568
2569
2570
2571
2572
2573
2574
2575
2576
2577
2578
2579
2580
2581
2582
2583
2584
2585
2586
2587
2588
2589
2590
2591
2592
2593
2594
2595
2596
2597
2598
2599
2600
2601
2602
2603
2604
2605
2606
2607
2608
2609
2610
2611
2612
2613
2614
2615
2616
2617
2618
2619
2620
2621
2622
2623
2624
2625
2626
2627
2628
2629
2630
2631
2632
2633
2634
2635
2636
2637
2638
2639
2640
2641
2642
2643
2644
2645
2646
2647
2648
2649
2650
2651
2652
2653
2654
2655
2656
2657
2658
2659
2660
2661
2662
2663
2664
2665
2666
2667
2668
2669
2670
2671
2672
2673
2674
2675
2676
2677
2678
2679
2680
2681
2682
2683
2684
2685
2686
2687
2688
2689
2690
2691
2692
2693
2694
2695
2696
2697
2698
2699
2700
2701
2702
2703
2704
2705
2706
2707
2708
2709
2710
2711
2712
2713
2714
2715
2716
2717
2718
2719
2720
2721
2722
2723
2724
2725
2726
2727
2728
2729
2730
2731
2732
2733
2734
2735
2736
2737
2738
2739
2740
2741
2742
2743
2744
2745
2746
2747
2748
2749
2750
2751
2752
2753
2754
2755
2756
2757
2758
2759
2760
2761
2762
2763
2764
2765
2766
2767
2768
2769
2770
2771
2772
2773
2774
2775
2776
2777
2778
2779
2780
2781
2782
2783
2784
2785
2786
2787
2788
2789
2790
2791
2792
2793
2794
2795
2796
2797
2798
2799
2800
2801
2802
2803
2804
2805
2806
2807
2808
2809
2810
2811
2812
2813
2814
2815
2816
2817
2818
2819
2820
2821
2822
2823
2824
2825
2826
2827
2828
2829
2830
2831
2832
2833
2834
2835
2836
2837
2838
2839
2840
2841
2842
2843
2844
2845
2846
2847
2848
2849
2850
2851
2852
2853
2854
2855
2856
2857
2858
2859
2860
2861
2862
2863
2864
2865
2866
2867
2868
2869
2870
2871
2872
2873
2874
2875
2876
2877
2878
2879
2880
2881
2882
2883
2884
2885
2886
2887
2888
2889
2890
2891
2892
2893
2894
2895
2896
2897
2898
2899
2900
2901
2902
2903
2904
2905
2906
2907
2908
2909
2910
2911
2912
2913
2914
2915
2916
2917
2918
2919
2920
2921
2922
2923
2924
2925
2926
2927
2928
2929
2930
2931
2932
2933
2934
2935
2936
2937
2938
2939
2940
2941
2942
2943
2944
2945
2946
2947
2948
2949
2950
2951
2952
2953
2954
2955
2956
2957
2958
2959
2960
2961
2962
2963
2964
2965
2966
2967
2968
2969
2970
2971
2972
2973
2974
2975
2976
2977
2978
2979
2980
2981
2982
2983
2984
2985
2986
2987
2988
2989
2990
2991
2992
2993
2994
2995
2996
2997
2998
2999
3000
3001
3002
3003
3004
3005
3006
3007
3008
3009
3010
3011
3012
3013
3014
3015
3016
3017
3018
3019
3020
3021
3022
3023
3024
3025
3026
3027
3028
3029
3030
3031
3032
3033
3034
3035
3036
3037
3038
3039
3040
3041
3042
3043
3044
3045
3046
3047
3048
3049
3050
3051
3052
3053
3054
3055
3056
3057
3058
3059
3060
3061
3062
3063
3064
3065
3066
3067
3068
3069
3070
3071
3072
3073
3074
3075
3076
3077
3078
3079
3080
3081
3082
3083
3084
3085
3086
3087
3088
3089
3090
3091
3092
3093
3094
3095
3096
3097
3098
3099
3100
3101
3102
3103
3104
3105
3106
3107
3108
3109
3110
3111
3112
3113
3114
3115
3116
3117
3118
3119
3120
3121
3122
3123
3124
3125
3126
3127
3128
3129
3130
3131
3132
3133
3134
3135
3136
3137
3138
3139
3140
3141
3142
3143
3144
3145
3146
3147
3148
3149
3150
3151
3152
3153
3154
3155
3156
3157
3158
3159
3160
3161
3162
3163
3164
3165
3166
3167
3168
3169
3170
3171
3172
3173
3174
3175
3176
3177
3178
3179
3180
3181
3182
3183
3184
3185
3186
3187
3188
3189
3190
3191
3192
3193
3194
3195
3196
3197
3198
3199
3200
3201
3202
3203
3204
3205
3206
3207
3208
3209
3210
3211
3212
3213
3214
3215
3216
3217
3218
3219
3220
3221
3222
3223
3224
3225
3226
3227
3228
3229
3230
3231
3232
3233
3234
3235
3236
3237
3238
3239
3240
3241
3242
3243
3244
3245
3246
3247
3248
3249
3250
3251
3252
3253
3254
3255
3256
3257
3258
3259
3260
3261
3262
3263
3264
3265
3266
3267
3268
3269
3270
3271
3272
3273
3274
3275
3276
3277
3278
3279
3280
3281
3282
3283
3284
3285
3286
3287
3288
3289
3290
3291
3292
3293
3294
3295
3296
3297
3298
3299
3300
3301
3302
3303
3304
3305
3306
3307
3308
3309
3310
3311
3312
3313
3314
3315
3316
3317
3318
3319
3320
3321
3322
3323
3324
3325
3326
3327
3328
3329
3330
3331
3332
3333
3334
3335
3336
3337
3338
3339
3340
3341
3342
3343
3344
3345
3346
3347
3348
3349
3350
3351
3352
3353
3354
3355
3356
3357
3358
3359
3360
3361
3362
3363
3364
3365
3366
3367
3368
3369
3370
3371
3372
3373
3374
3375
3376
3377
3378
3379
3380
3381
3382
3383
3384
3385
3386
3387
3388
3389
3390
3391
3392
3393
3394
3395
3396
3397
3398
3399
3400
3401
3402
3403
3404
3405
3406
3407
3408
3409
3410
3411
3412
3413
3414
3415
3416
3417
3418
3419
3420
3421
3422
3423
3424
3425
3426
3427
3428
3429
3430
3431
3432
3433
3434
3435
3436
3437
3438
3439
3440
3441
3442
3443
3444
3445
3446
3447
3448
3449
3450
3451
3452
3453
3454
3455
3456
3457
3458
3459
3460
3461
3462
3463
3464
3465
3466
3467
3468
3469
3470
3471
3472
3473
3474
3475
3476
3477
3478
3479
3480
3481
3482
3483
3484
3485
3486
3487
3488
3489
3490
3491
3492
3493
3494
3495
3496
3497
3498
3499
3500
3501
3502
3503
3504
3505
3506
3507
3508
3509
3510
3511
3512
3513
3514
3515
3516
3517
3518
3519
3520
3521
3522
3523
3524
3525
3526
3527
3528
3529
3530
3531
3532
3533
3534
3535
3536
3537
3538
3539
3540
3541
3542
3543
3544
3545
3546
3547
3548
3549
3550
3551
3552
3553
3554
3555
3556
3557
3558
3559
3560
3561
3562
3563
3564
3565
3566
3567
3568
3569
3570
3571
3572
3573
3574
3575
3576
3577
3578
3579
3580
3581
3582
3583
3584
3585
3586
3587
3588
3589
3590
3591
3592
3593
3594
3595
3596
3597
3598
3599
3600
3601
3602
3603
3604
3605
3606
3607
3608
3609
3610
3611
3612
3613
3614
3615
3616
3617
3618
3619
3620
3621
3622
3623
3624
3625
3626
3627
3628
3629
3630
3631
3632
3633
3634
3635
3636
3637
3638
3639
3640
3641
3642
3643
3644
3645
3646
3647
3648
3649
3650
3651
3652
3653
3654
3655
3656
3657
3658
3659
3660
3661
3662
3663
3664
3665
3666
3667
3668
3669
3670
3671
3672
3673
3674
3675
3676
3677
3678
3679
3680
3681
3682
3683
3684
3685
3686
3687
3688
3689
3690
3691
3692
3693
3694
3695
3696
3697
3698
3699
3700
3701
3702
3703
3704
3705
3706
3707
3708
3709
3710
3711
3712
3713
3714
3715
3716
3717
3718
3719
3720
3721
3722
3723
3724
3725
3726
3727
3728
3729
3730
3731
3732
3733
3734
3735
3736
3737
3738
3739
3740
3741
3742
3743
3744
3745
3746
3747
3748
3749
3750
3751
3752
3753
3754
3755
3756
3757
3758
3759
3760
3761
3762
3763
3764
3765
3766
3767
3768
3769
3770
3771
3772
3773
3774
3775
3776
3777
3778
3779
3780
3781
3782
3783
3784
3785
3786
3787
3788
3789
3790
3791
3792
3793
3794
3795
3796
3797
3798
3799
3800
3801
3802
3803
3804
3805
3806
3807
3808
3809
3810
3811
3812
3813
3814
3815
3816
3817
3818
3819
3820
3821
3822
3823
3824
3825
3826
3827
3828
3829
3830
3831
3832
3833
3834
3835
3836
3837
3838
3839
3840
3841
3842
3843
3844
3845
3846
3847
3848
3849
3850
3851
3852
3853
3854
3855
3856
3857
3858
3859
3860
3861
3862
3863
3864
3865
3866
3867
3868
3869
3870
3871
3872
3873
3874
3875
3876
3877
3878
3879
3880
3881
3882
3883
3884
3885
3886
3887
3888
3889
3890
3891
3892
3893
3894
3895
3896
3897
3898
3899
3900
3901
3902
3903
3904
3905
3906
3907
3908
3909
3910
3911
3912
3913
3914
3915
3916
3917
3918
3919
3920
3921
3922
3923
3924
3925
3926
3927
3928
3929
3930
3931
3932
3933
3934
3935
3936
3937
3938
3939
3940
3941
3942
3943
3944
3945
3946
3947
3948
3949
3950
3951
3952
3953
3954
3955
3956
3957
3958
3959
3960
3961
3962
3963
3964
3965
3966
3967
3968
3969
3970
3971
3972
3973
3974
3975
3976
3977
3978
3979
3980
3981
3982
3983
3984
3985
3986
3987
3988
3989
3990
3991
3992
3993
3994
3995
3996
3997
3998
3999
4000
4001
4002
4003
4004
4005
4006
4007
4008
4009
4010
4011
4012
4013
4014
4015
4016
4017
4018
4019
4020
4021
4022
4023
4024
4025
4026
4027
4028
4029
4030
4031
4032
4033
4034
4035
4036
4037
4038
4039
4040
4041
4042
4043
4044
4045
4046
4047
4048
4049
4050
4051
4052
4053
4054
4055
4056
4057
4058
4059
4060
4061
4062
4063
4064
4065
4066
4067
4068
4069
4070
4071
4072
4073
4074
4075
4076
4077
4078
4079
4080
4081
4082
4083
4084
4085
4086
4087
4088
4089
4090
4091
4092
4093
4094
4095
4096
4097
4098
4099
4100
4101
4102
4103
4104
4105
4106
4107
4108
4109
4110
4111
4112
4113
4114
4115
4116
4117
4118
4119
4120
4121
4122
4123
4124
4125
4126
4127
4128
4129
4130
4131
4132
4133
4134
4135
4136
4137
4138
4139
4140
4141
4142
4143
4144
4145
4146
4147
4148
4149
4150
4151
4152
4153
4154
4155
4156
4157
4158
4159
4160
4161
4162
4163
4164
4165
4166
4167
4168
4169
4170
4171
4172
4173
4174
4175
4176
4177
4178
4179
4180
4181
4182
4183
4184
4185
4186
4187
4188
4189
4190
4191
4192
4193
4194
4195
4196
4197
4198
4199
4200
4201
4202
4203
4204
4205
4206
4207
4208
4209
4210
4211
4212
4213
4214
4215
4216
4217
4218
4219
4220
4221
4222
4223
4224
4225
4226
4227
4228
4229
4230
4231
4232
4233
4234
4235
4236
4237
4238
4239
4240
4241
4242
4243
4244
4245
4246
4247
4248
4249
4250
4251
4252
4253
4254
4255
4256
4257
4258
4259
4260
4261
4262
4263
4264
4265
4266
4267
4268
4269
4270
4271
4272
4273
4274
4275
4276
4277
4278
4279
4280
4281
4282
4283
4284
4285
4286
4287
4288
4289
4290
4291
4292
4293
4294
4295
4296
4297
4298
4299
4300
4301
4302
4303
4304
4305
4306
4307
4308
4309
4310
4311
4312
4313
4314
4315
4316
4317
4318
4319
4320
4321
4322
4323
4324
4325
4326
4327
4328
4329
4330
4331
4332
4333
4334
4335
4336
4337
4338
4339
4340
4341
4342
4343
4344
4345
4346
4347
4348
4349
4350
4351
4352
4353
4354
4355
4356
4357
4358
4359
4360
4361
4362
4363
4364
4365
4366
4367
4368
4369
4370
4371
4372
4373
4374
4375
4376
4377
4378
4379
4380
4381
4382
4383
4384
4385
4386
4387
4388
4389
4390
4391
4392
4393
4394
4395
4396
4397
4398
4399
4400
4401
4402
4403
4404
4405
4406
4407
4408
4409
4410
4411
4412
4413
4414
4415
4416
4417
4418
4419
4420
4421
4422
4423
4424
4425
4426
4427
4428
4429
4430
4431
4432
4433
4434
4435
4436
4437
4438
4439
4440
4441
4442
4443
4444
4445
4446
4447
4448
4449
4450
4451
4452
4453
4454
4455
4456
4457
4458
4459
4460
4461
4462
4463
4464
4465
4466
4467
4468
4469
4470
4471
4472
4473
4474
4475
4476
4477
4478
4479
4480
4481
4482
4483
4484
4485
4486
4487
4488
4489
4490
4491
4492
4493
4494
4495
4496
4497
4498
4499
4500
4501
4502
4503
4504
4505
4506
4507
4508
4509
4510
4511
4512
4513
4514
4515
4516
4517
4518
4519
4520
4521
4522
4523
4524
4525
4526
4527
4528
4529
4530
4531
4532
4533
4534
4535
4536
4537
4538
4539
4540
4541
4542
4543
4544
4545
4546
4547
4548
4549
4550
4551
4552
4553
4554
4555
4556
4557
4558
4559
4560
4561
4562
4563
4564
4565
4566
4567
4568
4569
4570
4571
4572
4573
4574
4575
4576
4577
4578
4579
4580
4581
4582
4583
4584
4585
4586
4587
4588
4589
4590
4591
4592
4593
4594
4595
4596
4597
4598
4599
4600
4601
4602
4603
4604
4605
4606
4607
4608
4609
4610
4611
4612
4613
4614
4615
4616
4617
4618
4619
4620
4621
4622
4623
4624
4625
4626
4627
4628
4629
4630
4631
4632
4633
4634
4635
4636
4637
4638
4639
4640
4641
4642
4643
4644
4645
4646
4647
4648
4649
4650
4651
4652
4653
4654
4655
4656
4657
4658
4659
4660
4661
4662
4663
4664
4665
4666
4667
4668
4669
4670
4671
4672
4673
4674
4675
4676
4677
4678
4679
4680
4681
4682
4683
4684
4685
4686
4687
4688
4689
4690
4691
4692
4693
4694
4695
4696
4697
4698
4699
4700
4701
4702
4703
4704
4705
4706
4707
4708
4709
4710
4711
4712
4713
4714
4715
4716
4717
4718
4719
4720
4721
4722
4723
4724
4725
4726
4727
4728
4729
4730
4731
4732
4733
4734
4735
4736
4737
4738
4739
4740
4741
4742
4743
4744
4745
4746
4747
4748
4749
4750
4751
4752
4753
4754
4755
4756
4757
4758
4759
4760
4761
4762
4763
4764
4765
4766
4767
4768
4769
4770
4771
4772
4773
4774
4775
4776
4777
4778
4779
4780
4781
4782
4783
4784
4785
4786
4787
4788
4789
4790
4791
4792
4793
4794
4795
4796
4797
4798
4799
4800
4801
4802
4803
4804
4805
4806
4807
4808
4809
4810
4811
4812
4813
4814
4815
4816
4817
4818
4819
4820
4821
4822
4823
4824
4825
4826
4827
4828
4829
4830
4831
4832
4833
4834
4835
4836
4837
4838
4839
4840
4841
4842
4843
4844
4845
4846
4847
4848
4849
4850
4851
4852
4853
4854
4855
4856
4857
4858
4859
4860
4861
4862
4863
4864
4865
4866
4867
4868
4869
4870
4871
4872
4873
4874
4875
4876
4877
4878
4879
4880
4881
4882
4883
4884
4885
4886
4887
4888
4889
4890
4891
4892
4893
4894
4895
4896
4897
4898
4899
4900
4901
4902
4903
4904
4905
4906
4907
4908
4909
4910
4911
4912
4913
4914
4915
4916
4917
4918
4919
4920
4921
4922
4923
4924
4925
4926
4927
4928
4929
4930
4931
4932
4933
4934
4935
4936
4937
4938
4939
4940
4941
4942
4943
4944
4945
4946
4947
4948
4949
4950
4951
4952
4953
4954
4955
4956
4957
4958
4959
4960
4961
4962
4963
4964
4965
4966
4967
4968
4969
4970
4971
4972
4973
4974
4975
4976
4977
4978
4979
4980
4981
4982
4983
4984
4985
4986
4987
4988
4989
4990
4991
4992
4993
4994
4995
4996
4997
4998
4999
5000
5001
5002
5003
5004
5005
5006
5007
5008
5009
5010
5011
5012
5013
5014
5015
5016
5017
5018
5019
5020
5021
5022
5023
5024
5025
5026
5027
5028
5029
5030
5031
5032
5033
5034
5035
5036
5037
5038
5039
5040
5041
5042
5043
5044
5045
5046
5047
5048
5049
5050
5051
5052
5053
5054
5055
5056
5057
5058
5059
5060
5061
5062
5063
5064
5065
5066
5067
5068
5069
5070
5071
5072
5073
5074
5075
5076
5077
5078
5079
5080
5081
5082
5083
5084
5085
5086
5087
5088
5089
5090
5091
5092
5093
5094
5095
5096
5097
5098
5099
5100
5101
5102
5103
5104
5105
5106
5107
5108
5109
5110
5111
5112
5113
5114
5115
5116
5117
5118
5119
5120
5121
5122
5123
5124
5125
5126
5127
5128
5129
5130
5131
5132
5133
5134
5135
5136
5137
5138
5139
5140
5141
5142
5143
5144
5145
5146
5147
5148
5149
5150
5151
5152
5153
5154
5155
5156
5157
5158
5159
5160
5161
5162
5163
5164
5165
5166
5167
5168
5169
5170
5171
5172
5173
5174
5175
5176
5177
5178
5179
5180
5181
5182
5183
5184
5185
5186
5187
5188
5189
5190
5191
5192
5193
5194
5195
5196
5197
5198
5199
5200
5201
5202
5203
5204
5205
5206
5207
5208
5209
5210
5211
5212
5213
5214
5215
5216
5217
5218
5219
5220
5221
5222
5223
5224
5225
5226
5227
5228
5229
5230
5231
5232
5233
5234
5235
5236
5237
5238
5239
5240
5241
5242
5243
5244
5245
5246
5247
5248
5249
5250
5251
5252
5253
5254
5255
5256
5257
5258
5259
5260
5261
5262
5263
5264
5265
5266
5267
5268
5269
5270
5271
5272
5273
5274
5275
5276
5277
5278
5279
5280
5281
5282
5283
5284
5285
5286
5287
5288
5289
5290
5291
5292
5293
5294
5295
5296
5297
5298
5299
5300
5301
5302
5303
5304
5305
5306
5307
5308
5309
5310
5311
5312
5313
5314
5315
5316
5317
5318
5319
5320
5321
5322
5323
5324
5325
5326
5327
5328
5329
5330
5331
5332
5333
5334
5335
5336
5337
5338
5339
5340
5341
5342
5343
5344
5345
5346
5347
5348
5349
5350
5351
5352
5353
5354
5355
5356
5357
5358
5359
5360
5361
5362
5363
5364
5365
5366
5367
5368
5369
5370
5371
5372
5373
5374
5375
5376
5377
5378
5379
5380
5381
5382
5383
5384
5385
5386
5387
5388
5389
5390
5391
5392
5393
5394
5395
5396
5397
5398
5399
5400
5401
5402
5403
5404
5405
5406
5407
5408
5409
5410
5411
5412
5413
5414
5415
5416
5417
5418
5419
5420
5421
5422
5423
5424
5425
5426
5427
5428
5429
5430
5431
5432
5433
5434
5435
5436
5437
5438
5439
5440
5441
5442
5443
5444
5445
5446
5447
5448
5449
5450
5451
5452
5453
5454
5455
5456
5457
5458
5459
5460
5461
5462
5463
5464
5465
5466
5467
5468
5469
5470
5471
5472
5473
5474
5475
5476
5477
5478
5479
5480
5481
5482
5483
5484
5485
5486
5487
5488
5489
5490
5491
5492
5493
5494
5495
5496
5497
5498
5499
5500
5501
5502
5503
5504
5505
5506
5507
5508
5509
5510
5511
5512
5513
5514
5515
5516
5517
5518
5519
5520
5521
5522
5523
5524
5525
5526
5527
5528
5529
5530
5531
5532
5533
5534
5535
5536
5537
5538
5539
5540
5541
5542
5543
5544
5545
5546
5547
5548
5549
5550
5551
5552
5553
5554
5555
5556
5557
5558
5559
5560
5561
5562
5563
5564
5565
5566
5567
5568
5569
5570
5571
5572
5573
5574
5575
5576
5577
5578
5579
5580
5581
5582
5583
5584
5585
5586
5587
5588
5589
5590
5591
5592
5593
5594
5595
5596
5597
5598
5599
5600
5601
5602
5603
5604
5605
5606
5607
5608
5609
5610
5611
5612
5613
5614
5615
5616
5617
5618
5619
5620
5621
5622
5623
5624
5625
5626
5627
5628
5629
5630
5631
5632
5633
5634
5635
5636
5637
5638
5639
5640
5641
5642
5643
5644
5645
5646
5647
5648
5649
5650
5651
5652
5653
5654
5655
5656
5657
5658
5659
5660
5661
5662
5663
5664
5665
5666
5667
5668
5669
5670
5671
5672
5673
5674
5675
5676
5677
5678
5679
5680
5681
5682
5683
5684
5685
5686
5687
5688
5689
5690
5691
5692
5693
5694
5695
5696
5697
5698
5699
5700
5701
5702
5703
5704
5705
5706
5707
5708
5709
5710
5711
5712
5713
5714
5715
5716
5717
5718
5719
5720
5721
5722
5723
5724
5725
5726
5727
5728
5729
5730
5731
5732
5733
5734
5735
5736
5737
5738
5739
5740
5741
5742
5743
5744
5745
5746
5747
5748
5749
5750
5751
5752
5753
5754
5755
5756
5757
5758
5759
5760
5761
5762
5763
5764
5765
5766
5767
5768
5769
5770
5771
5772
5773
5774
5775
5776
5777
5778
5779
5780
5781
5782
5783
5784
5785
5786
5787
5788
5789
5790
5791
5792
5793
5794
5795
5796
5797
5798
5799
5800
5801
5802
5803
5804
5805
5806
5807
5808
5809
5810
5811
5812
5813
5814
5815
5816
5817
5818
5819
5820
5821
5822
5823
5824
5825
5826
5827
5828
5829
5830
5831
5832
5833
5834
5835
5836
5837
5838
5839
5840
5841
5842
5843
5844
5845
5846
5847
5848
5849
5850
5851
5852
5853
5854
5855
5856
5857
5858
5859
5860
5861
5862
5863
5864
5865
5866
5867
5868
5869
5870
5871
5872
5873
5874
5875
5876
5877
5878
5879
5880
5881
5882
5883
5884
5885
5886
5887
5888
5889
5890
5891
5892
5893
5894
5895
5896
5897
5898
5899
5900
5901
5902
5903
5904
5905
5906
5907
5908
5909
5910
5911
5912
5913
5914
5915
5916
5917
5918
5919
5920
5921
5922
5923
5924
5925
5926
5927
5928
5929
5930
5931
5932
5933
5934
5935
5936
5937
5938
5939
5940
5941
5942
5943
5944
5945
5946
5947
5948
5949
5950
5951
5952
5953
5954
5955
5956
5957
5958
5959
5960
5961
5962
5963
5964
5965
5966
5967
5968
5969
5970
5971
5972
5973
5974
5975
5976
5977
5978
5979
5980
5981
5982
5983
5984
5985
5986
5987
5988
5989
5990
5991
5992
5993
5994
5995
5996
5997
5998
5999
6000
6001
6002
6003
6004
6005
6006
6007
6008
6009
6010
6011
6012
6013
6014
6015
6016
6017
6018
6019
6020
6021
6022
6023
6024
6025
6026
6027
6028
6029
6030
6031
6032
6033
6034
6035
6036
6037
6038
6039
6040
6041
6042
6043
6044
6045
6046
6047
6048
6049
6050
6051
6052
6053
6054
6055
6056
6057
6058
6059
6060
6061
6062
6063
6064
6065
6066
6067
6068
6069
6070
6071
6072
6073
6074
6075
6076
6077
6078
6079
6080
6081
6082
6083
6084
6085
6086
6087
6088
6089
6090
6091
6092
6093
6094
6095
6096
6097
6098
6099
6100
6101
6102
6103
6104
6105
6106
6107
6108
6109
6110
6111
6112
6113
6114
6115
6116
6117
6118
6119
6120
6121
6122
6123
6124
6125
6126
6127
6128
6129
6130
6131
6132
6133
6134
6135
6136
6137
6138
6139
6140
6141
6142
6143
6144
6145
6146
6147
6148
6149
6150
6151
6152
6153
6154
6155
6156
6157
6158
6159
6160
6161
6162
6163
6164
6165
6166
6167
6168
6169
6170
6171
6172
6173
6174
6175
6176
6177
6178
6179
6180
6181
6182
6183
6184
6185
6186
6187
6188
6189
6190
6191
6192
6193
6194
6195
6196
6197
6198
6199
6200
6201
6202
6203
6204
6205
6206
6207
6208
6209
6210
6211
6212
6213
6214
6215
6216
6217
6218
6219
6220
6221
6222
6223
6224
6225
6226
6227
6228
6229
6230
6231
6232
6233
6234
6235
6236
6237
6238
6239
6240
6241
6242
6243
6244
6245
6246
6247
6248
6249
6250
6251
6252
6253
6254
6255
6256
6257
6258
6259
6260
6261
6262
6263
6264
6265
6266
6267
6268
6269
6270
6271
6272
6273
6274
6275
6276
6277
6278
6279
6280
6281
6282
6283
6284
6285
6286
6287
6288
6289
6290
6291
6292
6293
6294
6295
6296
6297
6298
6299
6300
6301
6302
6303
6304
6305
6306
6307
6308
6309
6310
6311
6312
6313
6314
6315
6316
6317
6318
6319
6320
6321
6322
6323
6324
6325
6326
6327
6328
6329
6330
6331
6332
6333
6334
6335
6336
6337
6338
6339
6340
6341
6342
6343
6344
6345
6346
6347
6348
6349
6350
6351
6352
6353
6354
6355
6356
6357
6358
6359
6360
6361
6362
6363
6364
6365
6366
6367
6368
6369
6370
6371
6372
6373
6374
6375
6376
6377
6378
6379
6380
6381
6382
6383
6384
6385
6386
6387
6388
6389
6390
6391
6392
6393
6394
6395
6396
6397
6398
6399
6400
6401
6402
6403
6404
6405
6406
6407
6408
6409
6410
6411
6412
6413
6414
6415
6416
6417
6418
6419
6420
6421
6422
6423
6424
6425
6426
6427
6428
6429
6430
6431
6432
6433
6434
6435
6436
6437
6438
6439
6440
6441
6442
6443
6444
6445
6446
6447
6448
6449
6450
6451
6452
6453
6454
6455
6456
6457
6458
6459
6460
6461
6462
6463
6464
6465
6466
6467
6468
6469
6470
6471
6472
6473
6474
6475
6476
6477
6478
6479
6480
6481
6482
6483
6484
6485
6486
6487
6488
6489
6490
6491
6492
6493
6494
6495
6496
6497
6498
6499
6500
6501
6502
6503
6504
6505
6506
6507
6508
6509
6510
6511
6512
6513
6514
6515
6516
6517
6518
6519
6520
6521
6522
6523
6524
6525
6526
6527
6528
6529
6530
6531
6532
6533
6534
6535
6536
6537
6538
6539
6540
6541
6542
6543
6544
6545
6546
6547
6548
6549
6550
6551
6552
6553
6554
6555
6556
6557
6558
6559
6560
6561
6562
6563
6564
6565
6566
6567
6568
6569
6570
6571
6572
6573
6574
6575
6576
6577
6578
6579
6580
6581
6582
6583
6584
6585
6586
6587
6588
6589
6590
6591
6592
6593
6594
6595
6596
6597
6598
6599
6600
6601
6602
6603
6604
6605
6606
6607
6608
6609
6610
6611
6612
6613
6614
6615
6616
6617
6618
6619
6620
6621
6622
6623
6624
6625
6626
6627
6628
6629
6630
6631
6632
6633
6634
6635
6636
6637
6638
6639
6640
6641
6642
6643
6644
6645
6646
6647
6648
6649
6650
6651
6652
6653
6654
6655
6656
6657
6658
6659
6660
6661
6662
6663
6664
6665
6666
6667
6668
6669
6670
6671
6672
6673
6674
6675
6676
6677
6678
6679
6680
6681
6682
6683
6684
6685
6686
6687
6688
6689
6690
6691
6692
6693
6694
6695
6696
6697
6698
6699
6700
6701
6702
6703
6704
6705
6706
6707
6708
6709
6710
6711
6712
6713
6714
6715
6716
6717
6718
6719
6720
6721
6722
6723
6724
6725
6726
6727
6728
6729
6730
6731
6732
6733
6734
6735
6736
6737
6738
6739
6740
6741
6742
6743
6744
6745
6746
6747
6748
6749
6750
6751
6752
6753
6754
6755
6756
6757
6758
6759
6760
6761
6762
6763
6764
6765
6766
6767
6768
6769
6770
6771
6772
6773
6774
6775
6776
6777
6778
6779
6780
6781
6782
6783
6784
6785
6786
6787
6788
6789
6790
6791
6792
6793
6794
6795
6796
6797
6798
6799
6800
6801
6802
6803
6804
6805
6806
6807
6808
6809
6810
6811
6812
6813
6814
6815
6816
6817
6818
6819
6820
6821
6822
6823
6824
6825
6826
6827
6828
6829
6830
6831
6832
6833
6834
6835
6836
6837
6838
6839
6840
6841
6842
6843
6844
6845
6846
6847
6848
6849
6850
6851
6852
6853
6854
6855
6856
6857
6858
6859
6860
6861
6862
6863
6864
6865
6866
6867
6868
6869
6870
6871
6872
6873
6874
6875
6876
6877
6878
6879
6880
6881
6882
6883
6884
6885
6886
6887
6888
6889
6890
6891
6892
6893
6894
6895
6896
6897
6898
6899
6900
6901
6902
6903
6904
6905
6906
6907
6908
6909
6910
6911
6912
6913
6914
6915
6916
6917
6918
6919
6920
6921
6922
6923
6924
6925
6926
6927
6928
6929
6930
6931
6932
6933
6934
6935
6936
6937
6938
6939
6940
6941
6942
6943
6944
6945
6946
6947
6948
6949
6950
6951
6952
6953
6954
6955
6956
6957
6958
6959
6960
6961
6962
6963
6964
6965
6966
6967
6968
6969
6970
6971
6972
6973
6974
6975
6976
6977
6978
6979
6980
6981
6982
6983
6984
6985
6986
6987
6988
6989
6990
6991
6992
6993
6994
6995
6996
6997
6998
6999
7000
7001
7002
7003
7004
7005
7006
7007
7008
7009
7010
7011
7012
7013
7014
7015
7016
7017
7018
7019
7020
7021
7022
7023
7024
7025
7026
7027
7028
7029
7030
7031
7032
7033
7034
7035
7036
7037
7038
7039
7040
7041
7042
7043
7044
7045
7046
7047
7048
7049
7050
7051
7052
7053
7054
7055
7056
7057
7058
7059
7060
7061
7062
7063
7064
7065
7066
7067
7068
7069
7070
7071
7072
7073
7074
7075
7076
7077
7078
7079
7080
7081
7082
7083
7084
7085
7086
7087
7088
7089
7090
7091
7092
7093
7094
7095
7096
7097
7098
7099
7100
7101
7102
7103
7104
7105
7106
7107
7108
7109
7110
7111
7112
7113
7114
7115
7116
7117
7118
7119
7120
7121
7122
7123
7124
7125
7126
7127
7128
7129
7130
7131
7132
7133
7134
7135
7136
7137
7138
7139
7140
7141
7142
7143
7144
7145
7146
7147
7148
7149
7150
7151
7152
7153
7154
7155
7156
7157
7158
7159
7160
7161
7162
7163
7164
7165
7166
7167
7168
7169
7170
7171
7172
7173
7174
7175
7176
7177
7178
7179
7180
7181
7182
7183
7184
7185
7186
7187
7188
7189
7190
7191
7192
7193
7194
7195
7196
7197
7198
7199
7200
7201
7202
7203
7204
7205
7206
7207
7208
7209
7210
7211
7212
7213
7214
7215
7216
7217
7218
7219
7220
7221
7222
7223
7224
7225
7226
7227
7228
7229
7230
7231
7232
7233
7234
7235
7236
7237
7238
7239
7240
7241
7242
7243
7244
7245
7246
7247
7248
7249
7250
7251
7252
7253
7254
7255
7256
7257
7258
7259
7260
7261
7262
7263
7264
7265
7266
7267
7268
7269
7270
7271
7272
7273
7274
7275
7276
7277
7278
7279
7280
7281
7282
7283
7284
7285
7286
7287
7288
7289
7290
7291
7292
7293
7294
7295
7296
7297
7298
7299
7300
7301
7302
7303
7304
7305
7306
7307
7308
7309
7310
7311
7312
7313
7314
7315
7316
7317
7318
7319
7320
7321
7322
7323
7324
7325
7326
7327
7328
7329
7330
7331
7332
7333
7334
7335
7336
7337
7338
7339
7340
7341
7342
7343
7344
7345
7346
7347
7348
7349
7350
7351
7352
7353
7354
7355
7356
7357
7358
7359
7360
7361
7362
7363
7364
7365
7366
7367
7368
7369
7370
7371
7372
7373
7374
7375
7376
7377
7378
7379
7380
7381
7382
7383
7384
7385
7386
7387
7388
7389
7390
7391
7392
7393
7394
7395
7396
7397
7398
7399
7400
7401
7402
7403
7404
7405
7406
7407
7408
7409
7410
7411
7412
7413
7414
7415
7416
7417
7418
7419
7420
7421
7422
7423
7424
7425
7426
7427
7428
7429
7430
7431
7432
7433
7434
7435
7436
7437
7438
7439
7440
7441
7442
7443
7444
7445
7446
7447
7448
7449
7450
7451
7452
7453
7454
7455
7456
7457
7458
7459
7460
7461
7462
7463
7464
7465
7466
7467
7468
7469
7470
7471
7472
7473
7474
7475
7476
7477
7478
7479
7480
7481
7482
7483
7484
7485
7486
7487
7488
7489
7490
7491
7492
7493
7494
7495
7496
7497
7498
7499
7500
7501
7502
7503
7504
7505
7506
7507
7508
7509
7510
7511
7512
7513
7514
7515
7516
7517
7518
7519
7520
7521
7522
7523
7524
7525
7526
7527
7528
7529
7530
7531
7532
7533
7534
7535
7536
7537
7538
7539
7540
7541
7542
7543
7544
7545
7546
7547
7548
7549
7550
7551
7552
7553
7554
7555
7556
7557
7558
7559
7560
7561
7562
7563
7564
7565
7566
7567
7568
7569
7570
7571
7572
7573
7574
7575
7576
7577
7578
7579
7580
7581
7582
7583
7584
7585
7586
7587
7588
7589
7590
7591
7592
7593
7594
7595
7596
7597
7598
7599
7600
7601
7602
7603
7604
7605
7606
7607
7608
7609
7610
7611
7612
7613
7614
7615
7616
7617
7618
7619
7620
7621
7622
7623
7624
7625
7626
7627
7628
7629
7630
7631
7632
7633
7634
7635
7636
7637
7638
7639
7640
7641
7642
7643
7644
7645
7646
7647
7648
7649
7650
7651
7652
7653
7654
7655
7656
7657
7658
7659
7660
7661
7662
7663
7664
7665
7666
7667
7668
7669
7670
7671
7672
7673
7674
7675
7676
7677
7678
7679
7680
7681
7682
7683
7684
7685
7686
7687
7688
7689
7690
7691
7692
7693
7694
7695
7696
7697
7698
7699
7700
7701
7702
7703
7704
7705
7706
7707
7708
7709
7710
7711
7712
7713
7714
7715
7716
7717
7718
7719
7720
7721
7722
7723
7724
7725
7726
7727
7728
7729
7730
7731
7732
7733
7734
7735
7736
7737
7738
7739
7740
7741
7742
7743
7744
7745
7746
7747
7748
7749
7750
7751
7752
7753
7754
7755
7756
7757
7758
7759
7760
7761
7762
7763
7764
7765
7766
7767
7768
7769
7770
7771
7772
7773
7774
7775
7776
7777
7778
7779
7780
7781
7782
7783
7784
7785
7786
7787
7788
7789
7790
7791
7792
7793
7794
7795
7796
7797
7798
7799
7800
7801
7802
7803
7804
7805
7806
7807
7808
7809
7810
7811
7812
7813
7814
7815
7816
7817
7818
7819
7820
7821
7822
7823
7824
7825
7826
7827
7828
7829
7830
7831
7832
7833
7834
7835
7836
7837
7838
7839
7840
7841
7842
7843
7844
7845
7846
7847
7848
7849
7850
7851
7852
7853
7854
7855
7856
7857
7858
7859
7860
7861
7862
7863
7864
7865
7866
7867
7868
7869
7870
7871
7872
7873
7874
7875
7876
7877
7878
7879
7880
7881
7882
7883
7884
7885
7886
7887
7888
7889
7890
7891
7892
7893
7894
7895
7896
7897
7898
7899
7900
7901
7902
7903
7904
7905
7906
7907
7908
7909
7910
7911
7912
7913
7914
7915
7916
7917
7918
7919
7920
7921
7922
7923
7924
7925
7926
7927
7928
7929
7930
7931
7932
7933
7934
7935
7936
7937
7938
7939
7940
7941
7942
7943
7944
7945
7946
7947
7948
7949
7950
7951
7952
7953
7954
7955
7956
7957
7958
7959
7960
7961
7962
7963
7964
7965
7966
7967
7968
7969
7970
7971
7972
7973
7974
7975
7976
7977
7978
7979
7980
7981
7982
7983
7984
7985
7986
7987
7988
7989
7990
7991
7992
7993
7994
7995
7996
7997
7998
7999
8000
8001
8002
8003
8004
8005
8006
8007
8008
8009
8010
8011
8012
8013
8014
8015
8016
8017
8018
8019
8020
8021
8022
8023
8024
8025
8026
8027
8028
8029
8030
8031
8032
8033
8034
8035
8036
8037
8038
8039
8040
8041
8042
8043
8044
8045
8046
8047
8048
8049
8050
8051
8052
8053
8054
8055
8056
8057
8058
8059
8060
8061
8062
8063
8064
8065
8066
8067
8068
8069
8070
8071
8072
8073
8074
8075
8076
8077
8078
8079
8080
8081
8082
8083
8084
8085
8086
8087
8088
8089
8090
8091
8092
8093
8094
8095
8096
8097
8098
8099
8100
8101
8102
8103
8104
8105
8106
8107
8108
8109
8110
8111
8112
8113
8114
8115
8116
8117
8118
8119
8120
8121
8122
8123
8124
8125
8126
8127
8128
8129
8130
8131
8132
8133
8134
8135
8136
8137
8138
8139
8140
8141
8142
8143
8144
8145
8146
8147
8148
8149
8150
8151
8152
8153
8154
8155
8156
8157
8158
8159
8160
8161
8162
8163
8164
8165
8166
8167
8168
8169
8170
8171
8172
8173
8174
8175
8176
8177
8178
8179
8180
8181
8182
8183
8184
8185
8186
8187
8188
8189
8190
8191
8192
8193
8194
8195
8196
8197
8198
8199
8200
8201
8202
8203
8204
8205
8206
8207
8208
8209
8210
8211
8212
8213
8214
8215
8216
8217
8218
8219
8220
8221
8222
8223
8224
8225
8226
8227
8228
8229
8230
8231
8232
8233
8234
8235
8236
8237
8238
8239
8240
8241
8242
8243
8244
8245
8246
8247
8248
8249
8250
8251
8252
8253
8254
8255
8256
8257
8258
8259
8260
8261
8262
8263
8264
8265
8266
8267
8268
8269
8270
8271
8272
8273
8274
8275
8276
8277
8278
8279
8280
8281
8282
8283
8284
8285
8286
8287
8288
8289
8290
8291
8292
8293
8294
8295
8296
8297
8298
8299
8300
8301
8302
8303
8304
8305
8306
8307
8308
8309
8310
8311
8312
8313
8314
8315
8316
8317
8318
8319
8320
8321
8322
8323
8324
8325
8326
8327
8328
8329
8330
8331
8332
8333
8334
8335
8336
8337
8338
8339
8340
8341
8342
8343
8344
8345
8346
8347
8348
8349
8350
8351
8352
8353
8354
8355
8356
8357
8358
8359
8360
8361
8362
8363
8364
8365
8366
8367
8368
8369
8370
8371
8372
8373
8374
8375
8376
8377
8378
8379
8380
8381
8382
8383
8384
8385
8386
8387
8388
8389
8390
8391
8392
8393
8394
8395
8396
8397
8398
8399
8400
8401
8402
8403
8404
8405
8406
8407
8408
8409
8410
8411
8412
8413
8414
8415
8416
8417
8418
8419
8420
8421
8422
8423
8424
8425
8426
8427
8428
8429
8430
8431
8432
8433
8434
8435
8436
8437
8438
8439
8440
8441
8442
8443
8444
8445
8446
8447
8448
8449
8450
8451
8452
8453
8454
8455
8456
8457
8458
8459
8460
8461
8462
8463
8464
8465
8466
8467
8468
8469
8470
8471
8472
8473
8474
8475
8476
8477
8478
8479
8480
8481
8482
8483
8484
8485
8486
8487
8488
8489
8490
8491
8492
8493
8494
8495
8496
8497
8498
8499
8500
8501
8502
8503
8504
8505
8506
8507
8508
8509
8510
8511
8512
8513
8514
8515
8516
8517
8518
8519
8520
8521
8522
8523
8524
8525
8526
8527
8528
8529
8530
8531
8532
8533
8534
8535
8536
8537
8538
8539
8540
8541
8542
8543
8544
8545
8546
8547
8548
8549
8550
8551
8552
8553
8554
8555
8556
8557
8558
8559
8560
8561
8562
8563
8564
8565
8566
8567
8568
8569
8570
8571
8572
8573
8574
8575
8576
8577
8578
8579
8580
8581
8582
8583
8584
8585
8586
8587
8588
8589
8590
8591
8592
8593
8594
8595
8596
8597
8598
8599
8600
8601
8602
8603
8604
8605
8606
8607
8608
8609
8610
8611
8612
8613
8614
8615
8616
8617
8618
8619
8620
8621
8622
8623
8624
8625
8626
8627
8628
8629
8630
8631
8632
8633
8634
8635
8636
8637
8638
8639
8640
8641
8642
8643
8644
8645
8646
8647
8648
8649
8650
8651
8652
8653
8654
8655
8656
8657
8658
8659
8660
8661
8662
8663
8664
8665
8666
8667
8668
8669
8670
8671
8672
8673
8674
8675
8676
8677
8678
8679
8680
8681
8682
8683
8684
8685
8686
8687
8688
8689
8690
8691
8692
8693
8694
8695
8696
8697
8698
8699
8700
8701
8702
8703
8704
8705
8706
8707
8708
8709
8710
8711
8712
8713
8714
8715
8716
8717
8718
8719
8720
8721
8722
8723
8724
8725
8726
8727
8728
8729
8730
8731
8732
8733
8734
8735
8736
8737
8738
8739
8740
8741
8742
8743
8744
8745
8746
8747
8748
8749
8750
8751
8752
8753
8754
8755
8756
8757
8758
8759
8760
8761
8762
8763
8764
8765
8766
8767
8768
8769
8770
8771
8772
8773
8774
8775
8776
8777
8778
8779
8780
8781
8782
8783
8784
8785
8786
8787
8788
8789
8790
8791
8792
8793
8794
8795
8796
8797
8798
8799
8800
8801
8802
8803
8804
8805
8806
8807
8808
8809
8810
8811
8812
8813
8814
8815
8816
8817
8818
8819
8820
8821
8822
8823
8824
8825
8826
8827
8828
8829
8830
8831
8832
8833
8834
8835
8836
8837
8838
8839
8840
8841
8842
8843
8844
8845
8846
8847
8848
8849
8850
8851
8852
8853
8854
8855
8856
8857
8858
8859
8860
8861
8862
8863
8864
8865
8866
8867
8868
8869
8870
8871
8872
8873
8874
8875
8876
8877
8878
8879
8880
8881
8882
8883
8884
8885
8886
8887
8888
8889
8890
8891
8892
8893
8894
8895
8896
8897
8898
8899
8900
8901
8902
8903
8904
8905
8906
8907
8908
8909
8910
8911
8912
8913
8914
8915
8916
8917
8918
8919
8920
8921
8922
8923
8924
8925
8926
8927
8928
8929
8930
8931
8932
8933
8934
8935
8936
8937
8938
8939
8940
8941
8942
8943
8944
8945
8946
8947
8948
8949
8950
8951
8952
8953
8954
8955
8956
8957
8958
8959
8960
8961
8962
8963
8964
8965
8966
8967
8968
8969
8970
8971
8972
8973
8974
8975
8976
8977
8978
8979
8980
8981
8982
8983
8984
8985
8986
8987
8988
8989
8990
8991
8992
8993
8994
8995
8996
8997
8998
8999
9000
9001
9002
9003
9004
9005
9006
9007
9008
9009
9010
9011
9012
9013
9014
9015
9016
9017
9018
9019
9020
9021
9022
9023
9024
9025
9026
9027
9028
9029
9030
9031
9032
9033
9034
9035
9036
9037
9038
9039
9040
9041
9042
9043
9044
9045
9046
9047
9048
9049
9050
9051
9052
9053
9054
9055
9056
9057
9058
9059
9060
9061
9062
9063
9064
9065
9066
9067
9068
9069
9070
9071
9072
9073
9074
9075
9076
9077
9078
9079
9080
9081
9082
9083
9084
9085
9086
9087
9088
9089
9090
9091
9092
9093
9094
9095
9096
9097
9098
9099
9100
9101
9102
9103
9104
9105
9106
9107
9108
9109
9110
9111
9112
9113
9114
9115
9116
9117
9118
9119
9120
9121
9122
9123
9124
9125
9126
9127
9128
9129
9130
9131
9132
9133
9134
9135
9136
9137
9138
9139
9140
9141
9142
9143
9144
9145
9146
9147
9148
9149
9150
9151
9152
9153
9154
9155
9156
9157
9158
9159
9160
9161
9162
9163
9164
9165
9166
9167
9168
9169
9170
9171
9172
9173
9174
9175
9176
9177
9178
9179
9180
9181
9182
9183
9184
9185
9186
9187
9188
9189
9190
9191
9192
9193
9194
9195
9196
9197
9198
9199
9200
9201
9202
9203
9204
9205
9206
9207
9208
9209
9210
9211
9212
9213
9214
9215
9216
9217
9218
9219
9220
9221
9222
9223
9224
9225
9226
9227
9228
9229
9230
9231
9232
9233
9234
9235
9236
9237
9238
9239
9240
9241
9242
9243
9244
9245
9246
9247
9248
9249
9250
9251
9252
9253
9254
9255
9256
9257
9258
9259
9260
9261
9262
9263
9264
9265
9266
9267
9268
9269
9270
9271
9272
9273
9274
9275
9276
9277
9278
9279
9280
9281
9282
9283
9284
9285
9286
9287
9288
9289
9290
9291
9292
9293
9294
9295
9296
9297
9298
9299
9300
9301
9302
9303
9304
9305
9306
9307
9308
9309
9310
9311
9312
9313
9314
9315
9316
9317
9318
9319
9320
9321
9322
9323
9324
9325
9326
9327
9328
9329
9330
9331
9332
9333
9334
9335
9336
9337
9338
9339
9340
9341
9342
9343
9344
9345
9346
9347
9348
9349
9350
9351
9352
9353
9354
9355
9356
9357
9358
9359
9360
9361
9362
9363
9364
9365
9366
9367
9368
9369
9370
9371
9372
9373
9374
9375
9376
9377
9378
9379
9380
9381
9382
9383
9384
9385
9386
9387
9388
9389
9390
9391
9392
9393
9394
9395
9396
9397
9398
9399
9400
9401
9402
9403
9404
9405
9406
9407
9408
9409
9410
9411
9412
9413
9414
9415
9416
9417
9418
9419
9420
9421
9422
9423
9424
9425
9426
9427
9428
9429
9430
9431
9432
9433
9434
9435
9436
9437
9438
9439
9440
9441
9442
9443
9444
9445
9446
9447
9448
9449
9450
9451
9452
9453
9454
9455
9456
9457
9458
9459
9460
9461
9462
9463
9464
9465
9466
9467
9468
9469
9470
9471
9472
9473
9474
9475
9476
9477
9478
9479
9480
9481
9482
9483
9484
9485
9486
9487
9488
9489
9490
9491
9492
9493
9494
9495
9496
9497
9498
9499
9500
9501
9502
9503
9504
9505
9506
9507
9508
9509
9510
9511
9512
9513
9514
9515
9516
9517
9518
9519
9520
9521
9522
9523
9524
9525
9526
9527
9528
9529
9530
9531
9532
9533
9534
9535
9536
9537
9538
9539
9540
9541
9542
9543
9544
9545
9546
9547
9548
9549
9550
9551
9552
9553
9554
9555
9556
9557
9558
9559
9560
9561
9562
9563
9564
9565
9566
9567
9568
9569
9570
9571
9572
9573
9574
9575
9576
9577
9578
9579
9580
9581
9582
9583
9584
9585
9586
9587
9588
9589
9590
9591
9592
9593
9594
9595
9596
9597
9598
9599
9600
9601
9602
9603
9604
9605
9606
9607
9608
9609
9610
9611
9612
9613
9614
9615
9616
9617
9618
9619
9620
9621
9622
9623
9624
9625
9626
9627
9628
9629
9630
9631
9632
9633
9634
9635
9636
9637
9638
9639
9640
9641
9642
9643
9644
9645
9646
9647
9648
9649
9650
9651
9652
9653
9654
9655
9656
9657
9658
9659
9660
9661
9662
9663
9664
9665
9666
9667
9668
9669
9670
9671
9672
9673
9674
9675
9676
9677
9678
9679
9680
9681
9682
9683
9684
9685
9686
9687
9688
9689
9690
9691
9692
9693
9694
9695
9696
9697
9698
9699
9700
9701
9702
9703
9704
9705
9706
9707
9708
9709
9710
9711
9712
9713
9714
9715
9716
9717
9718
9719
9720
9721
9722
9723
9724
9725
9726
9727
9728
9729
9730
9731
9732
9733
9734
9735
9736
9737
9738
9739
9740
9741
9742
9743
9744
9745
9746
9747
9748
9749
9750
9751
9752
9753
9754
9755
9756
9757
9758
9759
9760
9761
9762
9763
9764
9765
9766
9767
9768
9769
9770
9771
9772
9773
9774
9775
9776
9777
9778
9779
9780
9781
9782
9783
9784
9785
9786
9787
9788
9789
9790
9791
9792
9793
9794
9795
9796
9797
9798
9799
9800
9801
9802
9803
9804
9805
9806
9807
9808
9809
9810
9811
9812
9813
9814
9815
9816
9817
9818
9819
9820
9821
9822
9823
9824
9825
9826
9827
9828
9829
9830
9831
9832
9833
9834
9835
9836
9837
9838
9839
9840
9841
9842
9843
9844
9845
9846
9847
9848
9849
9850
9851
9852
9853
9854
9855
9856
9857
9858
9859
9860
9861
9862
9863
9864
9865
9866
9867
9868
9869
9870
9871
9872
9873
9874
9875
9876
9877
9878
9879
9880
9881
9882
9883
9884
9885
9886
9887
9888
9889
9890
9891
9892
9893
9894
9895
9896
9897
9898
9899
9900
9901
9902
9903
9904
9905
9906
9907
9908
9909
9910
9911
9912
9913
9914
9915
9916
9917
9918
9919
9920
9921
9922
9923
9924
9925
9926
9927
9928
9929
9930
9931
9932
9933
9934
9935
9936
9937
9938
9939
9940
9941
9942
9943
9944
9945
9946
9947
9948
9949
9950
9951
9952
9953
9954
9955
9956
9957
9958
9959
9960
9961
9962
9963
9964
9965
9966
9967
9968
9969
9970
9971
9972
9973
9974
9975
9976
9977
9978
9979
9980
9981
9982
9983
9984
9985
9986
9987
9988
9989
9990
9991
9992
9993
9994
9995
9996
9997
9998
9999
10000
10001
10002
10003
10004
10005
10006
10007
10008
10009
10010
10011
10012
10013
10014
10015
10016
10017
10018
10019
10020
10021
10022
10023
10024
10025
10026
10027
10028
10029
10030
10031
10032
10033
10034
10035
10036
10037
10038
10039
10040
10041
10042
10043
10044
10045
10046
10047
10048
10049
10050
10051
10052
10053
10054
10055
10056
10057
10058
10059
10060
10061
10062
10063
10064
10065
10066
10067
10068
10069
10070
10071
10072
10073
10074
10075
10076
10077
10078
10079
10080
10081
10082
10083
10084
10085
10086
10087
10088
10089
10090
10091
10092
10093
10094
10095
10096
10097
10098
10099
10100
10101
10102
10103
10104
10105
10106
10107
10108
10109
10110
10111
10112
10113
10114
10115
10116
10117
10118
10119
10120
10121
10122
10123
10124
10125
10126
10127
10128
10129
10130
10131
10132
10133
10134
10135
10136
10137
10138
10139
10140
10141
10142
10143
10144
10145
10146
10147
10148
10149
10150
10151
10152
10153
10154
10155
10156
10157
10158
10159
10160
10161
10162
10163
10164
10165
10166
10167
10168
10169
10170
10171
10172
10173
10174
10175
10176
10177
10178
10179
10180
10181
10182
10183
10184
10185
10186
10187
10188
10189
10190
10191
10192
10193
10194
10195
10196
10197
10198
10199
10200
10201
10202
10203
10204
10205
10206
10207
10208
10209
10210
10211
10212
10213
10214
10215
10216
10217
10218
10219
10220
10221
10222
10223
10224
10225
10226
10227
10228
10229
10230
10231
10232
10233
10234
10235
10236
10237
10238
10239
10240
10241
10242
10243
10244
10245
10246
10247
10248
10249
10250
10251
10252
10253
10254
10255
10256
10257
10258
10259
10260
10261
10262
10263
10264
10265
10266
10267
10268
10269
10270
10271
10272
10273
10274
10275
10276
10277
10278
10279
10280
10281
10282
10283
10284
10285
10286
10287
10288
10289
10290
10291
10292
10293
10294
10295
10296
10297
10298
10299
10300
10301
10302
10303
10304
10305
10306
10307
10308
10309
10310
10311
10312
10313
10314
10315
10316
10317
10318
10319
10320
10321
10322
10323
10324
10325
10326
10327
10328
10329
10330
10331
10332
10333
10334
10335
10336
10337
10338
10339
10340
10341
10342
10343
10344
10345
10346
10347
10348
10349
10350
10351
10352
10353
10354
10355
10356
10357
10358
10359
10360
10361
10362
10363
10364
10365
10366
10367
10368
10369
10370
10371
10372
10373
10374
10375
10376
10377
10378
10379
10380
10381
10382
10383
10384
10385
10386
10387
10388
10389
10390
10391
10392
10393
10394
10395
10396
10397
10398
10399
10400
10401
10402
10403
10404
10405
10406
10407
10408
10409
10410
10411
10412
10413
10414
10415
10416
10417
10418
10419
10420
10421
10422
10423
10424
10425
10426
10427
10428
10429
10430
10431
10432
10433
10434
10435
10436
10437
10438
10439
10440
10441
10442
10443
10444
10445
10446
10447
10448
10449
10450
10451
10452
10453
10454
10455
10456
10457
10458
10459
10460
10461
10462
10463
10464
10465
10466
10467
10468
10469
10470
10471
10472
10473
10474
10475
10476
10477
10478
10479
10480
10481
10482
10483
10484
10485
10486
10487
10488
10489
10490
10491
10492
10493
10494
10495
10496
10497
10498
10499
10500
10501
10502
10503
10504
10505
10506
10507
10508
10509
10510
10511
10512
10513
10514
10515
10516
10517
10518
10519
10520
10521
10522
10523
10524
10525
10526
10527
10528
10529
10530
10531
10532
10533
10534
10535
10536
10537
10538
10539
10540
10541
10542
10543
10544
10545
10546
10547
10548
10549
10550
10551
10552
10553
10554
10555
10556
10557
10558
10559
10560
10561
10562
10563
10564
10565
10566
10567
10568
10569
10570
10571
10572
10573
10574
10575
10576
10577
10578
10579
10580
10581
10582
10583
10584
10585
10586
10587
10588
10589
10590
10591
10592
10593
10594
10595
10596
10597
10598
10599
10600
10601
10602
10603
10604
10605
10606
10607
10608
10609
10610
10611
10612
10613
10614
10615
10616
10617
10618
10619
10620
10621
10622
10623
10624
10625
10626
10627
10628
10629
10630
10631
10632
10633
10634
10635
10636
10637
10638
10639
10640
10641
10642
10643
10644
10645
10646
10647
10648
10649
10650
10651
10652
10653
10654
10655
10656
10657
10658
10659
10660
10661
10662
10663
10664
10665
10666
10667
10668
10669
10670
10671
10672
10673
10674
10675
10676
10677
10678
10679
10680
10681
10682
10683
10684
10685
10686
10687
10688
10689
10690
10691
10692
10693
10694
10695
10696
10697
10698
10699
10700
10701
10702
10703
10704
10705
10706
10707
10708
10709
10710
10711
10712
10713
10714
10715
10716
10717
10718
10719
10720
10721
10722
10723
10724
10725
10726
10727
10728
10729
10730
10731
10732
10733
10734
10735
10736
10737
10738
10739
10740
10741
10742
10743
10744
10745
10746
10747
10748
10749
10750
10751
10752
10753
10754
10755
10756
10757
10758
10759
10760
10761
10762
10763
10764
10765
10766
10767
10768
10769
10770
10771
10772
10773
10774
10775
10776
10777
10778
10779
10780
10781
10782
10783
10784
10785
10786
10787
10788
10789
10790
10791
10792
10793
-1.410919458725191 -2.186371496031942 0
0.950697547620015 -2.425929096774779 0
-0.1436522506733318 -1.46603709787763 0
-1.115723857047759 -0.6321483520826369 0
-1.3903972542834 1.144286805171461 0
0.6081735406312931 2.427316494499241 0
1.028510881704098 -1.207330795076751 0
-0.1048028718519883 1.331460245720356 0
1.178604007092478 1.263962993885534 0
0.3351904395032319 -0.8336778952135507 0
-0.3334987155346532 -0.6425535698597977 0
0.8944432207447273 -0.6215930891362208 0
2.475823902754302 -0.5691507428226511 0
0.5122734268769403 -0.4652866065529955 0
0.08186001573713973 -0.4791397959500893 0
0.5114054014138777 0.8410926744841789 0
-0.127541572471496 0.6610084123270705 0
-0.5965390618140262 0.2425217840738705 0
1.085242152000256 0.6138242007539836 0
0.6940249529546 0.4537124336740185 0
0.2742768621095146 0.4811026823231677 0
0.7836364589078986 -0.3309443969066663 0
1.030500097722833 -0.2617534947347397 0
-0.02351923705858737 0.3493022131796523 0
-0.2680400024922768 0.1603408381376658 0
0.9755362186046329 0.3197072904503132 0
1.696198003648602 0.2140622122078478 0
-0.2817601380763032 -0.1747672690794372 0
0.5839127753714916 -0.254856639841425 0
0.3497987781362253 -0.2900449380681701 0
0.1336189342551591 -0.2687444691181675 0
-0.06309331213748837 -0.2145839378042424 0
0.7687080392112634 0.2490085088258321 0
0.5380317312244527 0.2841838848475384 0
0.3250422998717772 0.2736957384904299 0
0.1451923019052386 0.241051200754993 0
-0.01556435628460277 0.187942706712955 0
0.7149242746808411 -0.1852294389798472 0
0.8790107547670548 -0.1802069798249051 0
0.9092794981478143 0.1724722581627381 0
1.001996854787183 -0.1326803003066382 0
0.4563587062427898 -0.194031002867503 0
1.014257935103001 0.1178614071493265 0
0.3462934246171395 -0.1775943585369094 0
0.2232333654599883 -0.1801694312994256 0
0.6416134260045685 0.1828785521307719 0
0.5312180567719746 0.1685544093671404 0
0.413172304859316 0.1775933672532934 0
-0.08948578179105179 0.09151815678083014 0
0.3078611061407952 0.1632845263941781 0
0.2080882630084682 0.1585621688852071 0
0.6156222903267657 -0.1510666974198624 0
0.1147469848542006 -0.1603531045769759 0
0.8028892357011408 0.1383734644491988 0
-0.9752171230957968 2.632814554780122 0
0.01306244741824417 -0.1338889146645888 0
0.1158527040477183 0.1434816631447401 0
1.693022286462592 -0.7277818384690425 0
0.7909434494039957 -0.1253450482068147 0
3.077657670436008 1.556639338536078 0
2.360631059569428 -2.033747395335124 0
0.7148935706175914 0.1243632954504326 0
0.5345781057551365 -0.1347428736170746 0
0.0387671328631953 0.1175535870441223 0
0.8644231294075486 -0.09767376459485477 0
0.939191496056125 -0.08530209579965813 0
1.410527603426811 -0.06635703733120789 0
0.8740948995363456 0.09983210080518223 0
0.6833948973465281 -0.1147578236112392 0
-0.07575447751541953 -0.07654984661557897 0
0.9433509526199253 0.08018432404821493 0
1.32729435572785 0.2855876384695762 0
0.4668680930484073 -0.1231998682277808 0
0.3997102341656408 -0.1234088219276208 0
0.5929452889732024 0.1228232297949537 0
1.966901277137799 2.377335795185338 0
-0.01464653384516118 0.07875222366851495 0
-1.541512194541531 0.2123234879971984 0
0.287160023268022 -0.1297068569973363 0
0.4662896848340028 0.1274479040828724 0
0.9968617254340155 -0.06283703465334065 0
0.6528260919479171 0.1024370384732922 0
-0.3015256060544841 -2.722799366367689 0
0.3637920464102603 0.1258274996240021 0
0.7366604979692437 -0.09158764985566825 0
0.3439727075236989 -0.1165172932011132 0
0.5216619734646593 0.1081135694992705 0
0.2317676426471875 -0.1157155365260425 0
0.167774850583141 -0.1184492621165351 0
0.631159747516727 -0.09777643568875341 0
0.9965071181352094 0.05831084607091856 0
1.163431608762379 0.03542290556399622 0
0.2615616939952419 0.1220364321833413 0
0.581213229996987 -0.09504253255894117 0
0.7625276743786416 0.09021994925532868 0
0.8165440740201629 0.07956142643515454 0
-2.530610757741441 -0.8183983018595464 0
1.66347102226289 0.8741017854805904 0
0.1686484315315168 0.1144265031358222 0
0.3119340091942885 0.1125697794943649 0
2.718948370472905 0.5725266979509639 0
0.4148521510934425 0.1096973590059981 0
-0.7696952362769687 0.8996797534282779 0
1.192485567255051 -0.1531876653883221 0
0.1168606950091099 -0.1025381654047882 0
0.06208815225486915 -0.09575832045028305 0
0.5212944636956391 1.517710644936015 0
-0.07617850459837522 -0.0007531240577878867 0
0.8164117924890588 -0.07535659146984475 0
1.295457268011127 -0.5708267048756254 0
-2.454839024504185 2.242272674862617 0
-0.818113860315152 1.702061082761242 0
0.4677651238295019 -1.433614719863585 0
0.2157784841618337 0.1061993155417041 0
0.00978487626861466 -0.07990397429125801 0
0.08522881532480653 0.09541495647671495 0
-2.67677481945546 0.8677049215444195 0
-0.7268048418270932 -1.162302637646079 0
3.395798797855659 3.068779668402279 0
0.8954170537308128 -0.05994928374272825 0
0.1282116512106408 0.09455660259101881 0
-0.2932267339200827 0.4406396377756168 0
3.60636434838723 -1.416229485566334 0
3.601625711335182 -0.2280222783041615 0
0.6898643498671611 0.08159249064306476 0
0.5399618422815033 -0.09148523591545062 0
0.499721498692631 -0.09315694525547928 0
0.7747124726361186 -0.07039278860799404 0
0.5600589992312435 0.09126229484359596 0
0.8545146728566454 0.06186579924373728 0
0.9001551774429485 0.05922935781826515 0
1.982706391869145 -3.393544031949057 0
0.6162097108325917 -0.7463087545428582 0
0.4859850773391858 0.490020611641474 0
-0.7899856500349483 -0.2300701404787465 0
1.748655126171568 -1.504107328465802 0
1.09553264371934 -0.0358615612471157 0
0.4755833776914733 -0.3190652196740996 0
3.444689493105094 -3.076674335681685 0
0.1864888185801901 0.7983084407425773 0
0.3001254106148423 -0.501384488140451 0
0.7001577015807892 -0.07636883902992359 0
0.05002749876864004 0.07697880380797992 0
0.9579839399023294 -0.04772187667192503 0
0.6145226093331417 0.08580267906656995 0
-0.1497994580223854 2.127406414916865 0
0.9475294036097561 -0.4328422311499745 0
-0.02599605502116767 -0.83168596805452 0
-1.527839185052591 -1.304626128438917 0
0.4345735867051971 -0.09720001746123771 0
0.6625157977873197 0.304264654408387 0
0.8076053092746884 0.7485310091222401 0
0.7085945057892509 -0.5254443691465118 0
0.8481458122742431 -0.05796485430661415 0
0.6653907381923005 -0.07528498313317784 0
1.35108694829617 3.503044867104577 0
-1.412974714164295 -3.465284543414026 0
0.002709757038894369 3.514002641262938 0
0.7240600186109847 0.06916266418907249 0
0.8013032921061848 -0.2121824410418474 0
1.851213651289643 -0.2560156896783125 0
1.067507234956467 0.0326733074090371 0
-2.420541305463388 -1.853124236309099 0
0.01789900159351698 0.06143144259693342 0
0.1800525252336262 -2.127345086479782 0
0.600906664268797 -3.592029828518786 0
0.4846640707523364 0.09296621122179054 0
0.4491737012053498 0.09119519412448913 0
1.852186419909024 1.618056474064439 0
0.3120843425302002 -0.09560442190417269 0
0.2771762499782217 -0.09489290198698658 0
0.3741779677292227 -0.09537965680922397 0
0.1325922147803762 0.4037325022325164 0
1.076740015464757 1.939197320626507 0
0.7754566075063679 1.165733687349573 0
1.124705255087521 -0.8685887924187203 0
0.2024036078753305 -0.0961389377512756 0
-0.02603916591088782 0.03944510384567176 0
-0.7554875823733832 -1.899945561670658 0
0.9582833551918575 0.04522245098672809 0
0.3438891236929303 0.09413326476311268 0
0.3800459983993767 0.09413615853727458 0
0.8985398906956632 0.5165287411102915 0
0.9438188667033929 -1.805959381717882 0
0.4308264052538308 0.2803138672851441 0
-1.989810266797894 3.478186823122577 0
0.6469560583235801 -0.3913997171184816 0
0.6848139812797808 -0.2867363712455099 0
0.923206902292471 -0.04405319989310813 0
0.783794838619975 0.06204858334285576 0
0.4685186600633324 -0.0860087429542478 0
-1.630993573662601 1.971468365039175 0
1.002043875443707 -0.03244120738896993 0
0.2490633470560589 0.2264451742863608 0
-2.662883210112442 -3.150094015471578 0
1.142044896074704 0.250356303676622 0
-0.2146465061992228 0.02858365179504831 0
-0.4673663806790668 0.004974528521682721 0
0.282127659700362 0.09457351682461722 0
-0.1500865271555007 0.2584703299686233 0
0.252494589031636 0.09022470683508813 0
-1.076676827451773 0.4671156621078484 0
-1.875937322897295 -0.4934005356386817 0
0.4020571439994803 -0.0890341378298776 0
0.9122863938733716 -0.3077598383498526 0
0.2470431758625704 -0.09006920873104045 0
0.2996140783903876 1.193615379977496 0
0.06010863237961416 0.1857866558417772 0
0.6043087522712418 -0.07665173118212348 0
0.9284746771399118 0.04099922834136636 0
-0.01410445339028565 -0.04894305667603834 0
0.1706346805957972 -0.08668787563536219 0
0.1399708996403782 -0.08330922987625165 0
1.002111603248705 0.2208203299474825 0
-0.3651288846280435 1.011004930015928 0
1.157198242437189 -0.42312064605052 0
1.389938643480972 -0.3197325412315515 0
3.653513875357302 0.767691650139778 0
0.5843232564217324 -1.111148453903613 0
0.1408476002094808 -1.187913084171343 0
0.2473102255850362 -0.2883170146031186 0
0.09311521480474302 -0.08014202355018731 0
0.8572472750123399 -0.8956495508553789 0
-0.03196150504224714 -0.01553569588752335 0
-0.1651255283979098 -0.4388648204985989 0
0.8752526083687563 0.2777395264506692 0
0.1910859010449986 0.08766372163364475 0
2.167545164751302 -1.078442685228254 0
2.277746340238641 0.1525892101266794 0
0.6487820443099261 -0.222831203860686 0
0.6586034700053777 0.07233182081307854 0
0.4399735690982632 -0.6572523935040221 0
1.497348701301268 -2.145295935770863 0
0.2297721519183978 0.3454666657609166 0
1.077153970259242 0.9459270398189473 0
0.4701486130386273 0.1890734744514815 0
0.5314114617370982 -0.2080228630741886 0
1.00211833626817 0.02938692731133445 0
0.155336978999789 0.08396269926785468 0
0.004833054180786781 0.5333180302063225 0
0.7482711402195774 -0.05963382859911202 0
0.3712125737813601 0.3953950421179704 0
0.5343171967955056 0.0786358479478176 0
0.5838800584490376 0.07594117151721168 0
0.8288660613754177 0.05081721608916242 0
-2.333217389825866 0.1607090932772066 0
2.319916652489433 1.10344152609835 0
1.479669307730353 -1.167356246254383 0
0.6163440874053208 0.6564521529250607 0
1.441948021641844 0.620491505934438 0
2.34803593147239 3.376603381900312 0
1.125777067303958 0.4378422290170268 0
-0.4143015483864412 -3.746626165379942 0
-1.958962899837634 0.7723866983133363 0
1.044246349871388 -0.01252877512882834 0
0.7913373920650855 0.3763866052448499 0
0.1711691387359154 -0.6917029272955419 0
0.8723954578660782 -0.04436346315767543 0
0.6389692174483678 -0.0693454867961084 0
0.3728009359406582 0.6746225092950895 0
0.2839192375345477 -0.1948909370886937 0
0.7538681089671897 0.06097574598328807 0
0.9396509692246783 -0.1504846047909421 0
0.3488318900123797 -0.08625789857407647 0
0.7985852512015464 -0.05429782631086277 0
-0.3708595814669141 -1.023548881911102 0
-0.6143694156382218 0.5956964015214513 0
2.862083951985303 -0.09339761425387524 0
0.05229159278820299 0.2905948723127013 0
0.4034394686648453 0.08413824590368765 0
0.7159686303976914 0.1978387150427914 0
0.7234837210285889 -0.05921675285214988 0
0.5637067424357965 -0.07646538723205022 0
0.8237020426479762 -0.04837270958165178 0
2.900050688481029 -1.173886659374063 0
0.4026968997174072 -0.1823342452841009 0
1.313860530851727 2.621290875923891 0
0.508792069993523 0.07755709584589485 0
-0.7264773475050124 -0.6187517965551224 0
-0.5220583345822838 -0.3839249790030451 0
-0.07365762427742276 0.9691182649024861 0
0.1044121082642421 0.07578675527203646 0
0.07856229808014201 0.06931399393298335 0
0.5747582886421314 0.405081568811387 0
0.877968422752549 0.0436438304934368 0
-1.269470894230498 -0.1847061988265157 0
-0.9941987548944201 3.662124886002956 0
0.06796421233452105 -0.06845770131367845 0
0.04151345642470374 -0.0601610396361512 0
0.743053726782267 -0.1435261926453754 0
0.392130107307859 -0.4172371550023113 0
0.6666326805130979 -0.1659755226974229 0
1.287592704470242 -1.549290112193789 0
0.5879679341026585 0.1793607092496464 0
0.8392108174335351 0.2075808953309068 0
0.2563512132188159 0.1748009299064298 0
3.902484811979457 2.201706311103619 0
0.3591820572774223 0.1794922303114803 0
0.9768614321875511 -0.02869194386652431 0
0.5187001832292708 -0.07582615610172175 0
0.6335505077804309 0.06779808162914329 0
0.4164931906919883 -0.2553786079722324 0
0.04654896185991118 -0.2286446496721551 0
-1.998483100335057 1.428562986293603 0
0.3858212272408201 -2.804274630554874 0
0.943760515490355 -0.234770185244355 0
1.060646916990703 -0.09333993036763322 0
1.077452156708377 -0.1769911560416456 0
0.3080507909483002 0.08691581792935935 0
1.105077669240155 0.1231191993119423 0
0.55317392775763 0.1309084672017279 0
1.110303996845027 -0.6253875281987672 0
0.9582941014422441 0.1382581613137863 0
2.028020862919389 0.5392264592434028 0
-0.9318449606732025 0.1010685220195079 0
1.161097322321906 -0.2776535735596102 0
2.829840979751288 2.409653521666477 0
1.246298785604302 0.1523178233726944 0
0.8572860012328621 0.1527087363884537 0
0.822437748072701 -0.4504640320757315 0
0.1606039749161489 0.1598753507613483 0
0.9764535935053928 0.0277283582140251 0
0.02917860201127787 2.821699472583542 0
0.8416003423585999 -0.1459245561894755 0
0.7032257312001782 0.06044472110565098 0
0.2260165061942083 0.08393902015253997 0
0.5759471389893849 -0.1392562612791048 0
0.5823858658597748 -0.1918505226495004 0
3.231215965854916 -2.213169265801469 0
0.09929172114248737 1.747986964890291 0
0.4825762788915902 0.3699088359088883 0
-2.954031873289208 3.181299216818213 0
0.4284982363192432 0.08014141941809634 0
0.1700323393816954 -0.3903566314853866 0
0.8034138625407135 0.04977272233276705 0
0.221913377507497 -0.08262932566209938 0
0.5594335278927149 -0.3498908129506081 0
-0.667010657974813 1.304839917035703 0
1.528849635939461 -2.818259446374087 0
0.6133033833875596 0.2484716244556071 0
0.4935423266626598 -0.1616104270879831 0
0.1683188954302035 -0.1741273674865561 0
0.942605118063796 -0.03168190809558691 0
0.9027686630773947 -0.03548052668410581 0
-0.3802958812864926 0.6773770932941804 0
0.6450017545888174 3.132500688456993 0
0.6832397398659751 -0.06076702816669376 0
0.9021604356444826 -0.09839929229320792 0
0.2880164933954095 -0.3785756727981781 0
0.7585499158367611 0.1335132080438162 0
0.4484941937291035 -0.07787911291245857 0
-0.03313147709111678 -0.3705751595647708 0
0.6786332800684002 0.06019069396707852 0
1.039368401344916 -0.0541280781468062 0
-1.487820530546798 0.6678267783947704 0
1.421723188429375 -0.8410528639758348 0
2.63504978624934 -2.789875407692202 0
2.823063757857586 -3.77382001288349 0
0.744840795927 -0.2490115051978893 0
-3.136308708513154 -0.1792666680393054 0
0.6716995855141443 0.1449926834582391 0
0.1482833577661745 0.5352072781023884 0
-0.01176219085564638 0.1306138935213683 0
-0.07701654108178431 0.1589180226373557 0
0.1358705289836868 0.07376376580458159 0
0.4314269981467949 -0.1485300444902452 0
0.9073062882641564 0.03477083242115743 0
-0.8736515304711462 -2.507024010225477 0
0.4685542636504039 0.07712644378207036 0
0.5840800410714427 -0.0674739436844841 0
0.8474393238781738 0.04150310866955469 0
0.5535275982606511 0.07046060740245623 0
0.6034608443646352 0.06650123728966295 0
0.1205638561000637 -0.07182968246111433 0
0.07638137105177314 0.1336670938548777 0
0.6312948505193507 0.1397900112307156 0
0.7729470361359058 0.1881495784705796 0
0.8573719619699194 -0.2542121434340865 0
-1.905465930243907 -2.793655148499263 0
0.5384764729013465 -0.07072830215663922 0
0.3269967075554458 -0.08007529487122145 0
0.7031910499725231 -0.05654018631860561 0
0.9158584585228907 0.1155533564552708 0
-0.2634030112073412 -1.948622062597951 0
0.6592953989232869 3.968561655911351 0
0.5795478006495979 -0.6003961394086247 0
-1.72343088108683 2.756403652881599 0
0.3864087511568295 0.2313845123078387 0
0.8368719909409469 0.1152723064229608 0
0.4282532665548728 -0.07633623491445776 0
-0.07352084095950821 -0.6184691748632746 0
-3.096554091421705 1.649419196350616 0
2.073270600373017 -0.5907977788811629 0
0.006244613676294837 0.04057333051837365 0
0.8925080075611502 0.3706859274442931 0
1.000230917836916 0.4408767741116243 0
2.466468444020213 1.67702904216497 0
0.1876097237718352 0.209915526850458 0
0.02405159308860129 -0.04961189891998413 0
0.4882276241117735 -0.07481598578987464 0
0.2975998866419903 -0.08143571447046605 0
-0.3151071994621923 1.73149290185525 0
0.649096857817845 -0.1301432227204992 0
0.9098490141861653 1.490206359589265 0
-1.164963400023796 -1.077442480453396 0
-1.026347433286211 -1.524815623459876 0
-1.54230998006437 -0.8100140343539568 0
0.7558406480755975 -1.355087540486124 0
0.5200293149160149 -1.863218339186842 0
-0.1357327342580868 0.4594465825752826 0
0.04418643861180569 0.05593529296427924 0
0.5335646137102582 1.959673707613781 0
0.7678579090828358 -0.05038580079219569 0
0.3631339691417914 0.07995843854929936 0
3.047789786660435 -0.6171335433242302 0
-3.155527545185894 -1.427325381554274 0
0.3278757396764448 0.08032037022101046 0
1.252088138109572 0.7680862899020391 0
4.095828417585704 -2.086061956864501 0
0.5004525997322108 -0.1268306168284689 0
0.4858122635399599 -0.2543413733662662 0
-0.1587128951628003 -0.04551866225583242 0
-0.1502536314273542 -0.157899474540671 0
-0.1718918733503321 0.1393827907199827 0
0.1761614791429547 -1.686950365700246 0
-0.02685814129727922 0.2718846056186722 0
0.5158972869066036 0.2273871339638847 0
1.606537994237151 1.281390496241115 0
-0.02200941623163439 0.01324816420018955 0
1.386266478191738 1.651931197974456 0
-1.109864117413479 0.855648025818736 0
0.9771713320150266 -0.09804124535222655 0
0.3688068079154063 -0.22705990942265 0
0.9541615915728965 -2.995092751223941 0
-2.02011523930763 -1.090326585444983 0
0.9983319333030022 -0.3500253917577433 0
0.8775628020256967 -0.1342925084469425 0
0.980934114722424 -0.1881843448711183 0
0.3674887378240718 -0.1452540248738585 0
0.7657992449675076 -0.1012660010367142 0
0.6175702957976018 -0.0634834035308371 0
0.9466627167413396 0.02815209245934001 0
4.059510186383713 3.848275553065534 0
-3.109386323399141 -2.399575682717264 0
0.7527381903179288 -0.6700991041098583 0
0.6070396462038712 -0.1187253715624906 0
-1.004241585706163 1.153604695729509 0
0.7688608831950903 0.5997304826593093 0
2.239758529401538 -0.2495375199054572 0
-2.185674031051217 -3.867340024883888 0
0.1996919929393057 -0.144853271984214 0
0.669498657277162 0.2385193684936528 0
0.3205503583997205 0.2169687654806052 0
-0.5402710038709301 -1.528073635472562 0
1.028678556578786 0.01360181064219705 0
1.062695688813934 0.1764536494250695 0
0.5012762849742107 0.1410736353040109 0
-0.6939995060061885 2.201265895031833 0
1.54351156092247 -0.5126805790528717 0
4.059541251810348 -3.825431456835567 0
0.2040686584664724 0.2783680349794361 0
-1.224064357593301 1.54943010292766 0
0.9809233309165355 0.09662703864751815 0
1.348096729973782 -3.941257727043121 0
1.435923286689019 0.1274216921920576 0
3.077643243640507 3.949578760265805 0
4.153841933290852 -0.7378531490336306 0
0.4322588122797092 0.1437587654603294 0
0.3968510165493417 0.1404038925134101 0
0.08428835669365922 -0.1306974133065535 0
0.1213220388224535 0.192594569239975 0
0.4885632666836537 0.07412263422374646 0
0.683729688115388 0.113860599888893 0
0.3829037861802264 -0.0781197259878362 0
0.1753464754565859 0.07465884420817179 0
0.2069778748589994 0.07684438650324717 0
0.06562422729753678 0.689464121985081 0
0.2677805413911292 0.0788522917488281 0
0.7334191402903933 0.05171766221936433 0
0.933945460069223 0.2402854712242481 0
0.4094268798499928 -0.5339246381896939 0
-0.1685242178430217 -0.2954742516731401 0
0.1917555031139653 -0.0764391463578122 0
0.7103744272374213 -0.1035633777130775 0
1.042760813835324 0.0767939745185087 0
0.8521704903887033 -0.03892986811040048 0
-0.7928469615703209 -3.182640397379823 0
0.1350760802899666 0.3215840190467082 0
0.7675891888682008 0.04790798554334665 0
0.7945125677694364 0.10466252211679 0
0.7799110626664417 -0.1689322694915338 0
0.188541975226649 -0.2312872199560457 0
0.2625516168105126 -0.07886886282406949 0
0.8282302217237938 -0.1101065877914434 0
1.538831951323941 2.112609625466312 0
0.2531531719482297 -0.153397158611818 0
1.615908274576407 -0.2088977446077271 0
0.1564195233211107 -0.07327178366390037 0
0.3213091949851928 -0.1465102301414193 0
-0.4137412250694184 0.2934753046010611 0
-0.1124234504402325 -1.078386857260254 0
1.975919367066606 -2.455667883580102 0
0.8718043026692606 -0.0691241889605216 0
0.5571834816813929 -0.1157105165910448 0
3.804240594091674 1.483818641514658 0
-0.5385197387483606 -0.8125697089821459 0
0.6586202965514443 -0.1027236471437715 0
1.333708479471029 1.036912790449892 0
0.7382565358445949 -0.4121709863728782 0
0.3470255346556482 -1.080131306780352 0
0.7326553611188307 0.1003102428014396 0
0.5954165945675847 0.5203754871463708 0
0.02089088979810455 0.09202693814290189 0
0.2591990207603846 -0.1163430775767909 0
0.706909744260224 -0.1389364429408659 0
0.3333335341571481 0.140460251265907 0
-0.4913656478728707 3.168042005607486 0
1.813010657067722 -1.056727596027858 0
2.458937355616224 -1.505505259326069 0
0.6987178749793702 0.9554218071215219 0
0.6534137725390613 -0.05842037825463398 0
1.833938113276897 3.022381225266224 0
0.987565239773821 -0.7680569463016831 0
0.6131714247081183 -0.4892290487259112 0
0.06365066487669428 0.05808471182218033 0
0.5125782876405263 1.07486579126205 0
1.261928779137455 0.5532128786751612 0
0.5203218404969313 -0.9139736053281976 0
-3.013113577007981 -3.907738996835604 0
0.859142974241268 -0.3789353883837214 0
0.08572856609677153 0.2356849607498453 0
0.3152646306690876 -0.2466743757352531 0
1.014910565525742 -0.09562589936292841 0
4.212705404288487 0.2618135344770113 0
0.07367374218225832 -0.3469138032250719 0
0.5503590638067815 -0.1698010875249478 0
0.3628659869583166 -0.07685369464723274 0
0.3881344174576464 0.07586629351023801 0
0.149490663699555 -0.9641210766455074 0
0.2915592571268513 0.07780079175527693 0
0.6221073647597093 -0.3167298383676465 0
0.3300031552371878 0.9511687717604949 0
0.8112978718136764 -1.113053093543855 0
0.7938618507059264 -0.09177070358521726 0
0.2311864951649308 0.134781825689098 0
0.520783332784132 -0.1098705256199506 0
0.9403705800310063 0.6667468047281579 0
0.02265396873106394 0.1577729339256694 0
-0.3349115312008483 -0.3847969064292786 0
-1.873683939633622 -1.765721109579593 0
2.841276969236587 1.065978307641666 0
-0.7180688034157465 0.01629963598972454 0
1.931473187357662 4.004661740347723 0
-2.68097998345506 3.974806339476444 0
1.062861907394821 0.2857577103393016 0
0.6480715340874473 0.05820555709635566 0
0.2918162090960419 0.1369577800552488 0
3.240644018527611 0.3752028450125732 0
-0.01244684025636715 -0.0263432828883938 0
0.99130145253686 -0.01746388237290628 0
0.9610708667579408 -0.02267775668311983 0
1.547231230836309 0.3845870414193689 0
0.02330051263514955 0.2346580293143762 0
-0.8145773247710241 0.4110976982927738 0
0.2435421867329426 -0.2301455813154305 0
-1.157177947842431 2.025746152622781 0
0.03046055082523973 0.0462750536051274 0
0.73739471760805 0.3219535628579234 0
0.4482684110044156 0.07345461368943566 0
-0.005391354293837833 -3.282963657275925 0
4.197611487785609 2.950353424632234 0
-3.241351480097672 2.41653544124285 0
-0.4751244941382802 -0.1862624918607915 0
0.5324649774394041 -0.296160252515365 0
-0.9133935345095099 -0.8796028143189263 0
0.8002882614741732 -0.2721108001389783 0
0.3812151258763049 0.5090193876876191 0
0.01024712273660152 -0.03662231684912891 0
0.8779264546093332 0.0672882989840069 0
0.2650242995776828 0.2895800059622268 0
0.4409833341723884 0.1162259219029978 0
0.7870066982540873 0.0435652073472456 0
1.00151499873964 -1.498767837302972 0
-0.2437813424448899 0.8396336377693566 0
0.2383903515068787 -0.07588862594225686 0
0.1399004920840032 0.12136928131441 0
0.1962142049575532 0.1306789100315333 0
1.052362972067493 -0.5124963344541628 0
0.2426780257943335 0.07599736821059247 0
0.4352945739675607 0.2143403781111896 0
0.3108782091344278 0.3459127877463607 0
0.9163828378225205 -0.02763930631404947 0
0.8866608787354917 -0.03065596049806126 0
0.2518487284142454 0.6214061271438668 0
1.973771282951102 0.03920692235364366 0
0.03419473161121302 0.4389396825247386 0
0.08565658196693036 -0.06250407288081368 0
0.1323590057764456 -0.2116185739703262 0
0.1211646126753289 0.06648245325580313 0
0.1071551685805927 0.1150504127896211 0
1.189822203300122 -0.05448540175125018 0
1.301209991944694 0.02534342489443523 0
0.4739854951803019 -0.07020914255784666 0
0.5031822021235753 -0.06849204309374791 0
0.5975965425694172 -0.06103694372443994 0
0.7823900212552332 -0.04371367418294027 0
-0.1438811089091741 0.04178966593634342 0
-0.8507708319403515 0.6574972969199118 0
0.8446907083397283 0.08733096022970689 0
0.8616904594849356 0.03432525000965894 0
0.6959693695670494 -0.2325220400893698 0
1.002740944747776 0.1683720505403989 0
0.8914938913676195 0.03080549788976996 0
0.8420691402613639 -0.08411742178973286 0
0.568146189516153 0.06370339147571775 0
0.6178227534078335 0.05991929852632655 0
1.091020741216976 -0.3381590819537634 0
0.1370680960626559 -0.1333899128036437 0
1.241909352426926 -1.091117909855989 0
0.7982918880603643 0.4873604727834769 0
0.2827067439552806 -0.07551854804683654 0
0.3479544708524036 0.07521669073114275 0
0.3131698711778722 -0.07532255167074631 0
0.4131204515522387 -0.07299896724075607 0
0.1308959181375618 0.9985281081929367 0
0.1062225164086637 -0.06415402264210154 0
0.3751462441677952 0.3177796595459433 0
-1.656917644713634 -0.1554910857270754 0
-0.3670249300414667 2.55716160857389 0
0.8371589756736619 -0.03695215730112338 0
0.9602363154019877 0.02149617301871055 0
0.9318671719359963 0.02497181623416127 0
-0.3803325690395666 1.286252327469919 0
0.7177826392302104 0.04864146448608106 0
4.219742478555419 -2.925310423079046 0
0.1689828880084558 1.45431349126828 0
0.7377973463042053 -0.0484660969282758 0
-0.03186876151620159 -0.08788464011365892 0
0.4103102023457182 -0.3185943344708586 0
2.998226764789152 -1.716619180519016 0
0.2991732141745891 -0.6448461317106888 0
0.5231788804414474 0.06736406593730483 0
-3.294733481053863 0.5134095610281245 0
0.730089535257665 0.1626606758464245 0
0.6804979515484668 -0.09105941334532677 0
0.6677088354796292 -0.05451155863624009 0
1.008269624613297 -0.01606657417117291 0
-1.439332387675833 -0.4893308123518499 0
-0.5410076450959471 0.838144584120885 0
0.5929646451467144 0.09781076751819645 0
0.8170089866904801 0.03976366109223241 0
0.9556475539993785 0.1879072392954993 0
0.8062052962229649 -0.04154650895784557 0
0.1772051250517603 -0.07114202488169338 0
0.9195543605230366 -0.06889343897907635 0
-0.2797401580953752 0.2930050192019555 0
0.2064302472609645 -0.07340681384046288 0
0.6243256410405855 0.1132383897359313 0
-2.368582997335251 -0.3490773598652396 0
1.063795920891775 0.7786076382533555 0
0.9128045311408425 0.0872544378242294 0
1.239292248229684 -0.7389327867241338 0
0.1718457434466989 0.09498129054957445 0
0.5759577210433988 -2.258222695015593 0
1.701009371196838 0.6034973056304132 0
1.930235659767194 1.137155735712417 0
0.2397876560221818 0.1113021259510207 0
0.3980951808218131 -0.07314566567990249 0
-0.06464698542312758 0.224648978603267 0
0.6627247560918027 0.05492852750043138 0
-0.2481085880796549 -0.8338040821970667 0
0.2413503001658353 2.239263677730246 0
-0.04870069877573863 0.1080478834739493 0
-0.05324463881094969 0.06768663507901337 0
1.914828196503765 -1.922354114064951 0
-0.5494094978029035 -2.304176092304195 0
0.5946988068494612 0.3109783772400252 0
0.5530948971693718 -0.06465222238122463 0
-2.479150901992051 -2.500367942923311 0
0.09616864835975451 0.06214213906374134 0
1.591901699825567 -0.007533296881307705 0
0.9703502937471959 -0.07285599060248187 0
0.4267513022047275 -0.1261249602051455 0
-0.9280871547267893 -0.4711582686018765 0
0.8099020837226991 0.3079483502721337 0
0.7555497589395753 -0.2049942889106587 0
0.9906893282101883 0.01767965684960883 0
-0.4498608287343424 4.093928988830427 0
1.393602123820442 -3.365289530389139 0
0.6877163077344611 -0.8998208446595943 0
0.7558523525707607 -0.08023186963876275 0
0.4854935360176648 0.6220690240485227 0
-2.378234371342834 2.930619125685753 0
0.06511365519507931 -0.1801567417037107 0
0.4951173474943991 -0.3915906200112301 0
0.8048176768096509 -0.5596986826649302 0
0.9411748714857222 -0.05918839936933127 0
-1.037081588593045 -4.08986447139643 0
2.17499124474873 -4.08333560532714 0
0.8963643888858652 -0.5158295962885906 0
4.361704292436153 0.9695516077393923 0
0.6826531400857953 -1.628452089338702 0
4.263699968911157 -1.45321700126701 0
0.06931349634148665 0.3630599354608322 0
0.8926502210257118 0.9160365464397157 0
-3.229561045627462 -0.8413644338738002 0
0.4813320739848289 -0.1054920769418125 0
0.182079594416959 -0.5612518733156342 0
-1.400745878091069 -2.712872016476629 0
-0.4857982292503823 0.4622995517334583 0
0.05928132706010771 0.101285037574789 0
0.4118959856101492 0.07348787661421821 0
0.5687625632874587 0.2249401169551244 0
0.9231954911012208 0.0655301593801358 0
0.6809086337869072 0.3834982978726167 0
-0.3469310371942819 0.05258151626929413 0
0.8393819870037311 -0.1890068785678088 0
0.6214932639894739 -0.1901495211316308 0
0.4760985595819016 0.2520382636258331 0
-0.1264196403731118 0.3581618840077906 0
0.3900602016913287 0.1178532432009468 0
-1.548364190122677 4.04611630420579 0
2.412533024648443 2.782659933596388 0
0.1608589945500008 -4.128697214219861 0
0.7473350556637225 0.04666292416250267 0
2.533351355084187 -0.9441119879278344 0
0.9710189624715579 0.07017649684019089 0
0.136462537639756 -0.06780484579945609 0
0.932069218140045 -0.1177480444045962 0
0.1921442542865017 0.07143559079981604 0
-0.2305570272453599 0.5712851256943213 0
-0.06616652661346348 -0.1546659372015475 0
1.79636150829353 -0.490858764922082 0
-1.23783719640928 0.1952187496904537 0
-2.576883992392723 1.442217940124884 0
0.2219840825118067 0.196472474874662 0
0.7126389794298906 0.08958053480064065 0
0.4959992879956848 0.1161842753946404 0
-1.931556440227837 -2.32308753580983 0
0.8640573835299734 -0.7513544171552567 0
0.8854080770352963 0.132282684583817 0
1.00221753147118 -1.016994864883642 0
1.026962486860875 0.04921291893244449 0
3.622720386942003 -0.8057495887313062 0
3.361763185300717 2.070537231120371 0
-1.286832774660311 3.140945170550862 0
0.717240929579788 -0.3480181683274923 0
-1.389697402838059 -1.744519453641952 0
-0.3858152423628363 -1.307983738906687 0
-0.008183481519091377 0.02434488664145967 0
0.1517604320025498 0.068700062910531 0
-0.01470400075536371 -0.01123546456047435 0
0.7196952769575028 -0.07986135181409663 0
0.09121247889475406 0.1705926865239126 0
1.139169743938597 -0.1024507702653478 0
0.8466286359482784 -0.3146063164762234 0
-0.2637804275291072 -0.06597632033793756 0
0.4630304302349121 -0.1521730962318583 0
0.4562880704377128 -0.1029587839456488 0
-0.04734215049466495 -0.4949198370001372 0
0.3687770262888815 -0.1203296487869438 0
0.5380669474615782 0.06500552376114299 0
-1.931332986654124 0.3211446870884243 0
0.5879944287105706 0.06117159136478854 0
0.7519931858944462 -0.04509065800310158 0
1.288010217943361 -0.2327602471582894 0
1.257702238413233 -0.3595632413319868 0
0.7558293497031845 1.726098207540066 0
0.8316247599197777 0.03655014201074978 0
0.6702286760678575 0.09138014578359598 0
-1.639765879718774 1.482737243751787 0
-2.459461777334729 -1.370330338930622 0
0.5415587059471428 0.1001859200874029 0
0.284265135254881 0.1960067026140734 0
0.7331740383383882 -0.1173909879756716 0
0.9806970997062878 -0.04970846130216037 0
0.7434156643319894 0.07900926691887072 0
0.3187675375243583 -0.1198112224598017 0
0.636099777968034 0.08920600387270222 0
1.207074117750192 0.3572425429086019 0
0.8885958813945318 0.217976756782818 0
0.2121826703190376 0.4247998071320143 0
1.154401225291226 -2.105476805016455 0
1.331616981673523 -2.45395596311611 0
-0.5288094108729221 -0.5826538031126097 0
1.007080607944739 2.339486513011964 0
0.8892146146672086 2.75683275835372 0
-0.04510822205153743 0.8168291099368837 0
2.363847831903149 0.7307284110475673 0
0.6247153420129041 -0.08022791482333932 0
0.6110686396522178 -0.09590180329313895 0
-0.09258536239642773 0.0424773026735626 0
0.4625933818047744 0.1580322796360576 0
0.4147828644742001 -0.1071801648966948 0
0.1996889269856235 -1.44192720641369 0
0.5678671111322235 -0.06170213352692057 0
0.9785291045956359 -0.2874423582073262 0
0.2956823694516862 -0.1097511055826625 0
0.7215390588355272 0.249719583097493 0
0.6481896427999431 -0.08591994914067018 0
0.06063577030317441 -0.05575523161495702 0
0.3366539250417677 0.1180257728604544 0
0.4662352587638893 0.1053067625613726 0
0.06026931393217281 -0.6089138782016069 0
0.633474759478733 -0.2677590308502927 0
-0.1134211613215854 -2.31720617629664 0
0.333509455237145 -0.101030682701698 0
0.6926790819747819 0.05071476165933604 0
0.5062246270238868 0.09709890329925142 0
0.5426419270073233 0.3502090242319384 0
1.2872885865107 4.156488633072993 0
0.4313257050768731 0.09971583327131882 0
0.8666383471129185 -0.03171117796399003 0
0.1528387043021909 -0.1016343402815883 0
0.6684312642802939 0.7957438573440481 0
1.005379572038324 0.01519452381965823 0
0.08201300934515252 1.215049444327128 0
0.576967639502192 0.1500553979588022 0
-0.05220700582247668 -0.04786599124081607 0
0.4831178970636227 0.3099571830404385 0
-0.5873391465237509 1.075188368686419 0
2.127497827023793 -1.458194766841678 0
1.54276996922859 -1.771533253369537 0
0.5276148540919028 0.1353390230292748 0
1.342332076561763 0.4279679266592982 0
0.99304719853076 1.150760906217177 0
0.8235183442741834 0.1711230466032773 0
0.4981635099104263 -0.2009097755845683 0
-1.021794445425944 -0.1322906671720654 0
-1.400629443692615 2.409774677232758 0
0.6327195286442828 -0.05629844187620726 0
0.5598543230104616 -0.09596989277115532 0
0.2931908727766493 -0.1641646096056635 0
1.011372974300514 0.08692724669721763 0
2.153464893428731 1.953303965527999 0
0.9227312291428178 -0.1928514057134688 0
0.7999373587696805 -4.154465548529158 0
0.5815896307008979 -0.4227844452299864 0
-1.745462293048831 0.9634752493673551 0
0.3611388421659767 0.1059173636331018 0
1.230198657582406 -1.323649152642291 0
0.4940493164398078 -0.7769867375553197 0
-2.117591775987933 1.901086791506706 0
0.3429016464829628 -0.07340099605619332 0
0.8319800745498643 -0.06577304388171064 0
1.057880319952044 -0.4229225239679025 0
0.1850612146418762 -0.3201591162868325 0
0.5844884735324433 1.29733667695157 0
0.9308380288383467 -0.02308555927246858 0
1.032222755076202 -0.03229703842460187 0
1.040631453310372 0.3694296688172913 0
-0.1900650192349236 1.135887594831003 0
0.7942371422948798 0.0825813820985863 0
0.6825972534357946 0.1828404330802841 0
0.8056715203142218 -0.1530150690014346 0
0.397831301015697 -0.1512231455458748 0
-3.223062515341773 1.118952599599464 0
0.5741702097103141 0.1083668178394951 0
0.3917200457360123 -0.1051365842082856 0
0.4237438973146337 -0.2180339846085486 0
0.9422124557927758 0.05584953360804529 0
3.338622602980403 1.146819201856401 0
3.430713357055955 -4.051136489144895 0
-3.280727233154687 3.805954969548258 0
0.2935483006767246 -0.3016672560713791 0
-3.218633543968769 -3.000796901096681 0
0.3123257765098137 0.07358205875604446 0
0.3577401947745216 -0.3594778887471786 0
0.2041006812021165 -0.122156095552873 0
0.4577260600976449 -0.06840464320859323 0
-0.4915003491691452 1.546717878004257 0
1.934811412897172 -0.8220997617134176 0
0.7358463716923042 -0.07158213509426337 0
1.000622288327895 0.5490139969045689 0
0.6046838860985914 -0.2273360048862221 0
-0.7135257946952129 -0.4188191286153447 0
2.577777318373672 -0.09325630431496568 0
0.1881715951921854 0.1086411392273225 0
-0.4422345330724683 0.1591791205637802 0
0.8762893877331885 0.03013307442235847 0
0.9622337369724554 -0.1266898052317205 0
0.9159302003473612 0.02477745672751826 0
0.1455220594790679 0.1027345132536585 0
0.9790026938104319 0.04809785720061289 0
4.378502096164084 1.736695799131308 0
-2.048463330665567 -0.1328050865381359 0
-2.285777494137281 1.083849969396165 0
1.489389611432298 0.8472705187356998 0
0.7170177491031522 -0.04837067591219921 0
0.290766439838553 0.1150085296577355 0
0.3221624424577222 -0.2090726340291137 0
-2.811522197858376 0.3676199520568859 0
1.984757578105328 0.83987003049764 0
0.8369675812732391 0.0693043851177448 0
0.523486285366535 -0.0650765467916915 0
0.3247551371222515 0.09873595328837706 0
0.3732252193644779 0.1536136151421698 0
0.6816987423902421 -0.1432622446780243 0
1.29372344231034 -0.09962542177345883 0
0.5028294489460967 0.06585675869429328 0
1.029333088995401 -0.1725896672174396 0
0.6825369737513612 -0.1993791007558366 0
0.03544974355487787 -0.08677091499479599 0
2.726268257775911 -2.346695233590538 0
0.08887678466164835 -0.105111852548449 0
0.8199851975166929 0.2507111607176817 0
0.3727548484747245 0.07168556759825134 0
0.5213059630943953 0.09063806706467195 0
0.5225058666145141 -0.1621036319696935 0
0.5016870289682286 -0.5533231267570146 0
0.6923441833947643 -0.04950822093909529 0
0.6136536452341094 0.2093506859808736 0
0.2223421445878455 0.07169040007145511 0
3.728846860088186 -2.558979072685109 0
1.936836750604664 0.2921712866868277 0
2.291356252508566 -0.8012725582277935 0
1.458852426445538 -0.6715761356722079 0
0.5405442777354141 -0.2503500015053175 0
-0.1341027160080046 0.2021204449349556 0
0.6289383637202325 -0.1207698874592571 0
0.3137555967542993 0.8300739853832289 0
0.2391396468359057 -0.4432742124772732 0
0.4427148644334922 -1.249860171117415 0
0.7656171517907642 -0.1297110166302939 0
0.08164120285376862 0.05665492664995701 0
-0.04979504732384361 0.4309689278526363 0
-1.953139984156781 -3.387945241120379 0
0.4217330421735537 2.789689037579041 0
0.8138295260863058 0.06240684001116649 0
0.2671330617608361 0.1487695438311942 0
-0.05598180293194324 0.02091687248135786 0
0.7939992466164572 -0.07282675346060216 0
0.4381249786062172 -0.06840419019586677 0
-0.2219572670707374 -0.5712982419807604 0
-1.036453333099709 -2.152584945395748 0
0.4309740124091483 0.344669079744143 0
0.6770391182299176 -0.4583416817983869 0
1.230950691649116 -1.831979741278199 0
-1.94020232041818 2.35215632912124 0
0.03607391203223977 -0.0444827138308473 0
-0.3878231629287754 -0.0941081359951499 0
0.8917146299370458 -0.2251111902833907 0
0.9464551351225662 0.1102339954136054 0
2.171993704971023 1.417207439446568 0
2.863202957111777 3.11478197357435 0
0.8897467239005883 -0.08320460265448927 0
0.2666189904051639 0.1047115789565451 0
0.4410533700083962 -0.3634412782345513 0
2.852762028176546 1.909394245209642 0
1.06197463654397 0.1205939160734776 0
-1.160630654219861 -0.3924312566342432 0
0.4363944307683434 0.4315187031333178 0
0.4994765211255698 0.172822859052605 0
0.7686363760914535 0.07351639799783538 0
0.4779853085106162 0.06620497955154495 0
2.430909637334322 2.317918937288487 0
1.015875481909908 -0.05060313555168394 0
0.8377600171221512 -2.107141911463681 0
-1.346388746894541 0.4563603309768804 0
0.6331357917940972 0.05539983386671524 0
0.04794027411945764 -0.1309804811094341 0
2.12489438259862 -2.946177793721839 0
0.1109149826134872 4.075354881012762 0
0.8215773108084655 -0.03575041364779668 0
-2.36870590178812 0.5733262148873017 0
0.1086536856834918 0.09525484369384404 0
0.279876414740161 0.07360390695548266 0
0.7322735490046339 -0.2976936463379612 0
0.3567420141343901 -0.1028417627345014 0
0.9758628160452552 -0.01632507365999042 0
-0.05257844259895133 1.575682046314349 0
0.9695854972800579 -0.5744879881802922 0
0.2554826398676067 0.07349939353850284 0
0.6739582751224644 -0.6122448657458317 0
1.251020406432867 3.079827669516487 0
0.1649833359940448 0.06873212746159033 0
0.1922667691511717 -0.8323871658492761 0
1.153539308875283 -0.5341686623921307 0
-1.614768235895433 -4.015424825483985 0
3.555774794340695 2.585592577485587 0
0.5531329515472508 0.1953694835801538 0
0.8626023795475798 0.08057032223419106 0
0.7035229154386787 0.1504193151195143 0
-0.00224236648062455 0.1058030838481934 0
1.623622636666646 -0.9362275226703114 0
0.5908857460320598 -0.1626525112830331 0
0.6083357420263789 0.1614247030919526 0
0.1655341619550346 -2.518133552382655 0
-0.1977488611073333 0.2061471445487299 0
-0.02226689468673943 -0.2854968577941339 0
0.5891671653156139 -0.08337134752642179 0
0.1100414328531349 0.279576116551723 0
-0.0930136757094347 -0.03640938290110461 0
0.6849233049609309 0.5502094544944488 0
0.2193877201104624 -0.1018442892827535 0
-0.9188077597576256 1.432830255122449 0
0.7943143093655231 -0.03927099005635423 0
0.5990550494428019 0.08116757581709058 0
0.9919094861958921 -0.2378511719077198 0
0.1823924251561211 -0.1033643422132603 0
-0.1029051775561368 0.5637039669608869 0
0.4000871332205845 0.071206127200279 0
-0.04400260929508652 -1.270494985289659 0
0.109194191212166 0.0613147053723001 0
3.727782127435934 0.27244400590388 0
0.0666378445453413 0.08402114739369317 0
0.01599427676970672 -0.1923991511315051 0
0.9212827909034079 -0.3716796161688608 0
0.5590152577791585 -0.2252993290536041 0
0.8542960854267171 -0.121704636054329 0
0.2502005401814316 -0.07317704905267687 0
0.8159754324240176 0.1040769393677829 0
2.449214538364466 -3.34541006694571 0
1.508438670952149 -1.435696625028524 0
0.7977758555046465 -0.3900460720700871 0
3.080689532286521 0.7085030632754159 0
0.4206366161052593 -0.09261667739960594 0
1.037762747485464 -0.1273487793994437 0
-0.3170489610238101 -1.683206749756789 0
0.03441693578403333 0.07039056764506582 0
-0.5867448107239646 1.925158758614937 0
0.1579475547726077 0.1975833931101791 0
0.7785827876133394 0.1587460350427164 0
0.357905694546191 0.2167870097899176 0
0.5843147271778035 -0.1192167050197612 0
-0.007024159184551808 0.06147668585786473 0
0.4332934759130974 0.06857409760038133 0
0.3082197024999494 0.409816257329913 0
-0.2709056978718584 1.481037422599024 0
0.9063564820975405 -0.05131911291096841 0
0.3709639768523403 -0.1747712824940917 0
0.7466788123582422 -0.7924469908116858 0
0.1736106535968559 0.1383502353019849 0
0.291686604242837 0.2485571982829082 0
2.516952330266989 4.170043474629892 0
-1.008523489052629 4.218094670091824 0
0.3981893512087243 1.744698132949262 0
0.7696392966218933 0.1119889444848075 0
0.9269844951525352 0.2922996001158983 0
1.154786959152908 1.536341277726562 0
1.103230522789705 -0.2482814377814438 0
0.8890133879578643 -0.04718907675292421 0
1.345989672116226 -0.4508742087651845 0
-2.148277670638438 -0.719813245572704 0
0.9060787493916662 -0.1581678516907027 0
0.2271512208038555 -0.1440670223911693 0
0.6415380814129488 -0.1575264494972662 0
-0.7888956934059692 0.197612586683053 0
1.741224427499907 -0.1003928917544738 0
2.620936694919923 0.2861613521297933 0
0.05678463040728858 0.0500780045418379 0
0.3886990702827977 0.1994914756518201 0
0.7525709777318955 -0.1752957810133944 0
0.9140107326384472 0.04996031043827781 0
0.004829161677133727 -0.05772532558373017 0
4.14644168926997 -0.2879074541015064 0
2.717772697969926 -0.347568406803336 0
0.2461577468044264 3.193226058600178 0
1.017884742249535 -0.001368529230178273 0
-0.640194709009413 -0.1410419390868072 0
2.608549699189086 1.355586641766026 0
0.4841713886008281 -0.08979312527312394 0
0.4413409844312824 0.1855265517243373 0
0.7006740212878356 -0.1635091995981691 0
3.055062158397851 -2.649682718150624 0
0.7835691342529358 2.023861125998814 0
0.5502159529973069 -0.07834903224605713 0
0.02190741671508158 0.03764497213674559 0
0.9760148024208571 0.01581282198192541 0
0.4580143426591711 0.06646562551734782 0
-0.6434816660229746 0.4038212723204718 0
0.3450608908283396 -0.1407692015476957 0
1.53871859198779 1.012548743038536 0
0.3946925609179943 0.0992997928584225 0
0.6536435276442263 0.1315127180992466 0
0.1595937719642676 0.6497376152358338 0
0.8945250564057146 0.07937889832488382 0
0.3731193087227029 -0.07066826195430381 0
-0.07743940852382566 2.430666745477091 0
0.9457618237247003 -0.01901290330116263 0
0.1615014238175138 -0.1456489580130969 0
-0.1197763310438321 0.1279887425394526 0
0.5776698689302397 0.09188297627827459 0
0.4326858692785319 -0.1816836676959295 0
0.1029373596289215 0.4776653929398997 0
0.0756921608609442 -0.2898495317571896 0
2.301131837881707 0.4314927185736058 0
3.645973776699801 -1.909533181748086 0
0.8115813764811401 -0.0965631527308862 0
-2.947623852419946 -1.889300217144764 0
0.04928833884692853 0.1457183557877035 0
0.9743896430660315 0.2687283248709179 0
-2.707288866728634 -0.07417834763457068 0
0.2400405444088364 -0.3469615859790864 0
0.6345215007117496 0.3527782830284936 0
0.417865743734583 0.09178675412721646 0
0.5230051433685714 -0.09324830849059351 0
1.091246290143313 0.07452262125288789 0
0.7841230824211435 -0.05834776963267354 0
0.8638693365392692 0.04899549919864229 0
1.11135542878162 0.3490032657932918 0
0.222099586563702 -0.07110448950488069 0
-0.08813864123536731 0.2748221776821275 0
1.086290184867201 -0.1329296492659825 0
1.407377593909032 -0.1944606414731455 0
0.1177767380519371 0.08304071525499447 0
1.830153636448841 3.522264350791792 0
1.554128174035969 -0.3502987786932831 0
0.6531168863606753 -2.591218629311566 0
0.2066713269990838 0.09274994376827041 0
0.6691747172016879 -0.3365333705424708 0
0.8127943905103163 -0.06242028872133773 0
1.682358859980777 -1.26345430689479 0
0.5770487263871152 -0.305133768188602 0
-0.5747613373892596 -1.01860820771903 0
0.1857965294934645 0.1811857571203338 0
0.3709418072201544 1.393526929540314 0
2.926411744299828 -3.22381963058299 0
-1.880130652559247 -1.421897770685858 0
0.5693967251343358 0.07833430416493317 0
-0.03186645951199547 0.6248777864972642 0
0.4580811381266781 -0.2310361247349945 0
0.8302868828389522 0.1429224272228801 0
0.07679039777168323 -0.05439872856889506 0
0.8751923987916359 0.1842632546140408 0
-1.28019322844506 -0.8419659379788275 0
0.3312782261406746 0.1862393901026677 0
0.8013121606911981 0.03610076606208216 0
0.7774557063339749 0.03924264648037847 0
0.8610852502278028 0.1200312031235293 0
0.2198184438540997 0.2303188163003025 0
-0.07301420619916886 -1.700631182106933 0
1.129749170589956 0.1838501989265377 0
0.5391355186195601 -0.1091803360956621 0
1.731089538653288 0.3954869902689539 0
3.579635909297537 4.212974682545333 0
0.895828070208602 -0.02524316190257787 0
-0.2367038704857384 0.6962816300786404 0
0.1320585642564919 0.0632642548849312 0
0.1104060688480893 -0.1288702064176435 0
0.680194514736389 -0.07596752896531733 0
0.2537053465178282 -0.1821555290317908 0
-0.9701807963506066 -1.248392720554563 0
0.9279059062459408 0.1475630487901613 0
0.9058542425093629 -0.1278845161828132 0
0.5876472070150117 -0.05735969961780624 0
0.6075760499339363 -0.05571190507225835 0
0.4717878699469297 0.7331418589080507 0
0.4542526157659019 -0.4406963878181805 0
0.4933535740359108 -0.06459161013310311 0
0.7717327956210258 -0.0397643947494493 0
0.2617140579090558 -0.09184118808786501 0
1.114520947934879 0.01606213189769667 0
0.02344086554750076 0.1972185757515902 0
0.9007786811390313 0.02455214717056153 0
0.5577420709568928 0.0597269806613871 0
0.6077627947775761 0.05615916324994263 0
0.8511733271375896 0.03065929076693824 0
0.8925117831879252 0.04648803856024275 0
0.3378389504658369 0.0705488548687799 0
-0.2770939722446546 -0.4874970392984654 0
-0.4215448712672283 -0.4740914289600652 0
-2.50820352731939 3.413713828066655 0
0.2334172148520894 0.1615630586281423 0
0.9547205570764068 -0.1055547932389057 0
0.8450843566524817 0.421531312076468 0
-0.769140705996522 -1.406162131310792 0
0.8367374325217853 -0.0510534096048723 0
0.2739175767668402 -0.07044219978930594 0
0.2921819602986984 -0.0699260150479061 0
0.9195807031635642 0.7974364660544004 0
0.1097284038086966 -0.08676329174937955 0
-0.174619822256705 -0.6935952968468785 0
0.3467090274734791 -0.7321900991323711 0
-1.434449519646037 -1.069624426598198 0
-1.044433477616399 -1.826606915778956 0
0.007512160032315161 0.07819817482921401 0
0.1760590252320005 0.3579700645228507 0
0.8020788442487181 0.2224121771644191 0
0.322226320169351 -0.06978884439174528 0
0.2990507355864487 0.1004611649735869 0
-2.133265855523574 4.219575221723258 0
0.370003072920278 0.2745397819541444 0
0.9829337830674764 -0.663500850177535 0
-0.7833680212671968 1.09568193276019 0
0.04888700130198442 -0.04900124816160684 0
0.7112896931999833 -0.06762690110496186 0
0.6767266431397482 -0.04746982521178134 0
-0.6829908538421163 0.7443749237674377 0
0.675037566774225 0.07632449299503695 0
0.7074501952604975 0.04607785693253558 0
0.450333554800682 -0.2797945016122596 0
0.4470866704450499 -0.1337731827428279 0
0.04195986564694751 0.04478917274866086 0
0.9856145426152549 0.1252608266485951 0
0.799506043954004 0.06337040845527325 0
0.3123952262222623 0.1336569710989299 0
4.458338337729667 2.453092085263948 0
-0.9267952046151617 -0.6453513221378757 0
-1.22994484220383 -1.309473133022326 0
0.5541846291553787 0.1095745644467999 0
3.240690297161802 -0.9676872800897521 0
1.284814749755175 -0.9463396704851916 0
0.09688571759613993 -0.05692242901312446 0
0.1270762624372063 -0.06084548447993288 0
-0.4953978901867362 3.597126128347236 0
0.5314067386694603 -0.6889843492100359 0
0.0538698024549548 -0.7275774981963852 0
0.7554420479238103 0.04102188256127758 0
0.1471400665523358 -0.06412777083496202 0
3.525236172298624 3.657563776857547 0
0.4811252928988258 -0.1392255957459682 0
1.631974189113507 1.822408509482639 0
0.2834622927962913 1.935698386128155 0
0.8969220884769281 0.09860297315263357 0
0.8339388099215834 -0.2256190962848601 0
0.1673952373331289 -0.06571389258781012 0
-0.353954598010277 0.5533297135333984 0
0.4029463240835008 -1.661890886771017 0
-0.5834747777531848 0.09034073920950156 0
0.1352108120112489 0.1658877297340107 0
0.8629310744893535 0.6073778547477007 0
0.6723067462443262 0.04877385070591726 0
1.388650502054473 1.392890271545617 0
0.2758582811824845 -0.1107066019844865 0
0.1356332267805418 -0.1005952646903962 0
0.1627855277463696 -0.4685601026958615 0
0.01298983264995745 0.03226030154359299 0
0.5892414390990793 -3.170864556753627 0
0.8600233825798859 0.3310486345866568 0
3.231384793548763 -0.2658460587153664 0
0.9557249587963069 0.3869724156651623 0
0.9140721520978944 0.4474078131165234 0
-1.671380570511811 0.4330737898129703 0
0.8802307220201275 -0.4395911040472816 0
0.9784837311156604 -0.1561178595835404 0
1.470886620994501 0.2667201335626442 0
0.5778919412971301 0.05714304835690185 0
0.7482752292668962 0.2169732526826463 0
1.055480003124879 0.2355811470521931 0
-0.7276731847482787 -0.8164828624245749 0
1.184793014768907 0.110656525125114 0
0.7382083889348824 0.1212114854374864 0
0.553876472156392 0.1561261024745513 0
0.051167932276744 -1.921678003863486 0
0.6960777065651097 0.09970795402430814 0
-0.0388573382697158 0.1586318167003632 0
0.5217190961136868 0.425779787227635 0
-0.2807766070630893 -0.2796451786961794 0
-1.510189835440474 3.558045267903946 0
0.7199120563281705 0.6953978588210392 0
0.3578754535749955 0.07014512376902329 0
0.6915674543364305 0.06298918967410369 0
0.237339816961222 0.09524552082664649 0
-3.454322537772722 -1.827339962052014 0
1.202226357170204 0.6630383719461452 0
0.002115547593678204 -0.02673570062886858 0
-1.863158736698213 -0.8025584958661068 0
0.07373427293467635 0.1149190330568151 0
1.158125379918856 0.5327905541885039 0
1.223141918219981 0.4530707180225996 0
0.7623382949852306 -0.06296954111320477 0
1.23196272626162 -0.4818625386164868 0
-0.5460730073247442 -4.282450080535114 0
0.5431304166793373 -0.06089265478592066 0
0.9101646604771364 -0.2625033188819281 0
-1.027812627281366 2.317469510942088 0
-2.796396885717296 2.631464105167664 0
0.4960980411366724 0.08512679281795445 0
4.438202789033097 -3.457272009817594 0
0.01311091876936187 0.1258575231640605 0
-0.1194013597433796 -0.007945436893773094 0
0.1585862544095009 0.2824371368965002 0
-2.72019585879806 -0.4454124851518738 0
0.6423242947916967 -0.05143410029365611 0
0.8753989489855414 -0.02639640326406509 0
2.070297105042745 -0.3787735021695074 0
0.7092439595528821 0.07333059800380609 0
-0.1230765608603556 -0.07728743217705429 0
0.003480985111097689 0.3074235085779758 0
-0.134842184343811 0.08549153172820981 0
-1.257174500889626 -3.080262536094939 0
4.443258531519927 3.40087844065059 0
0.4703387713491873 3.512915799834686 0
1.115736559914346 -0.7471286116989053 0
0.08963543715350684 0.08095019834676967 0
1.622772187672204 2.462454400996749 0
-0.2025317884950797 0.3262283216549858 0
0.3513252331106014 -0.06922519850581899 0
3.348754096650079 -3.562178565088665 0
0.5200966047780455 0.1954597906928952 0
-2.67588376568847 1.898400254785768 0
0.518206360302353 -0.3396073277512854 0
0.3026131977746421 0.06960209631243713 0
2.745689686043024 -0.7364135882426154 0
0.3225189233494105 0.06926902360973847 0
0.554205134343699 -0.1370756522816275 0
0.02277832537824606 -0.0373194773006047 0
-0.3704265051052275 -3.106311264184499 0
0.9504284193060684 0.01839176976162997 0
1.125580983189158 -2.693592848341461 0
0.841843167148291 0.05446391003698055 0
0.756526917364663 -0.4756965541425437 0
0.4137205718272274 -0.140421529350962 0
-0.9351945211657449 0.9691435798423319 0
0.27774228158954 0.7213876357753684 0
0.7255159104954044 -0.2182308062834286 0
-0.390018335639247 0.825375822621271 0
0.5478797327049111 0.08384628843692668 0
0.7070424359595973 -0.04577431530530998 0
0.726319206760172 -0.043657623635853 0
0.8150343144687854 -0.1280344805880231 0
0.280823835403076 0.1687392160089584 0
-3.402526726009901 2.944255683384244 0
-1.3421098345686 0.9007263618736692 0
0.1780417909438483 0.2472007659324961 0
2.909343658069259 0.3030140240108421 0
0.0649483366901708 0.8829676794427286 0
0.6521604103404963 -0.07106368559872886 0
0.4224106278964331 -0.06686401191597822 0
0.3186133024227128 -0.1721269491845911 0
0.5131367398468381 -0.06155230863942431 0
-0.01778884266480196 0.2264408571041409 0
0.5777442871391689 0.2683675866733548 0
0.5971150341345138 -0.1367816862080716 0
2.355081350724804 -2.407147287259867 0
0.3247416599400261 0.5488141426130534 0
0.3956053364645212 0.5890008156400185 0
-0.1156088312921067 1.864299519255084 0
-0.9347354782625894 -3.605413227338308 0
0.04039592722713377 0.09371234288320532 0
0.665119615683651 -0.2514365757097647 0
-1.801313878309085 0.1100363913322081 0
0.4932702950834346 0.06257900694164291 0
0.5129482220187773 0.06142692357280211 0
0.6165493805950126 -1.26399653839567 0
0.2325338293260503 0.06900610434441651 0
0.3243925162363792 -0.4395735232750602 0
0.1923989181483415 -0.1985862143329626 0
0.1231270902596882 -0.3229698179674773 0
0.7882496540715885 1.356938709367364 0
0.6452946891475742 0.07861062622964826 0
0.8824342904144865 -0.1104529666335769 0
0.7488370816844595 -0.106491724076146 0
0.1425354304419788 0.08937713078838236 0
0.4411175383714833 -0.1132396221544985 0
0.02163201988161585 -0.4161035503580171 0
0.7378798749542702 0.4125523738745403 0
-0.002343948798971108 -0.9701218989338303 0
-1.392510739343805 0.02502973052690224 0
0.6518697500328776 -0.1913753371371849 0
0.7394380643026732 0.06613024354779361 0
0.4485014329900592 -0.06649426576988354 0
-0.8690167196228257 1.957530459964056 0
0.3945421071376829 -0.9509171997874835 0
0.8592169083895991 -0.04927213629698911 0
-0.2294515997953467 0.0994293786862506 0
0.06966317721290316 0.5962860612901092 0
0.5368853889493742 0.1181855670808431 0
0.4150884978609037 0.131553400062226 0
-2.572567146806738 -4.282309552790035 0
-0.9783421880444486 0.3103969219338875 0
0.03864814320044715 -2.845966288512894 0
0.08439037498896895 0.2026737118330587 0
1.146248293664029 1.094559087199392 0
0.7192919827446996 -0.1562541667686982 0
0.4235805996225525 0.06730475180203428 0
1.142816990701749 -0.1968359935473712 0
1.933987545430848 -1.251838099617041 0
2.02237502648091 -0.1542221039733127 0
0.9887838149414687 -0.08230473220138304 0
0.2785141089500115 -0.2336173743621252 0
-0.6616647245250519 -2.816280404908946 0
0.773725345794755 -0.2346900655538272 0
0.9689773257415339 -3.404245694110439 0
0.201350546786037 0.4992955586278539 0
4.413982879252958 4.298395723089538 0
0.8554819147424177 -0.0737550418508145 0
0.6210824268696613 0.07307812766503068 0
2.65448825777231 -4.268311085985978 0
0.5062947320320523 -0.08150399320289896 0
0.1415487025816111 0.06302503505884101 0
-2.850058216496907 -1.130183890987669 0
0.6635181952430385 -0.1185117803194633 0
0.5784524182029226 -0.05678352359144382 0
0.2311361087683002 -0.09251940927759747 0
0.3883856101923674 -0.06784347661692731 0
1.064824971381226 0.4929679739991472 0
-0.2171146151242756 0.9866218111418468 0
-1.737704337700942 -1.120371661563314 0
0.6385523483717583 0.4238645617792747 0
0.4677697194825574 0.06503750779213519 0
0.7621010156853757 -0.03969838633557126 0
0.5058851418203775 -0.2284229932629358 0
0.5327258936642776 -0.06041339228524692 0
0.482936759553359 -0.06352161770972893 0
0.1871310001869252 -0.06697612677382116 0
0.6224536065470797 -0.0536912707059346 0
1.016314494601377 -0.07301095896051719 0
-3.489875146284949 -3.58668243130571 0
0.9893353238554455 -0.03897873800916013 0
1.211741947602871 -0.6376134669580142 0
1.005021238657299 1.709250306989025 0
0.3895171722686664 -0.0910553113175382 0
0.9055883044707976 -0.02276734019952168 0
0.8799867224474122 -0.05742844648356685 0
3.191549669439131 -1.385408356444963 0
0.8415487438050748 0.03074782490873273 0
0.5481256589065016 0.05941211573402205 0
-1.204837873504108 0.6187633151447534 0
0.5979687203473949 0.05552007713076526 0
0.4813848842413308 0.1451216616593008 0
0.5971362241192775 -0.1033244549955231 0
1.24855778703908 2.153292308157957 0
0.09811189161083475 -0.1900496819195495 0
0.09076265676715044 -0.2419914425443981 0
0.6819012956907905 0.04704775280866756 0
2.6439701029019 -1.769690685656285 0
0.3786055973479642 -0.2641819638763468 0
0.3323917129999137 -0.06942797240692548 0
0.6977014465930527 -0.09305656054889488 0
0.3023043175258364 -0.06991881226233632 0
4.447679620457497 -4.242684682603 0
0.7268355430581313 0.04413171880134906 0
0.736631218572191 0.04167477145147973 0
-0.08807898464331741 -0.286366030661782 0
0.2435993421606411 -0.1053550132190141 0
1.239069380962131 0.246159425623502 0
-0.3884605909220264 -0.7825052863126956 0
1.591327155662425 1.526934230846506 0
0.8560419104738027 -0.02929221658227846 0
0.8462776093665969 -0.03108044860326552 0
0.1250725191250815 -0.08698760583196832 0
-1.152178323381848 0.01829034650665347 0
0.4974183340032624 -0.1091974920082088 0
0.2934590152556471 -1.218073080466424 0
0.941003366942194 0.0184471354942384 0
0.954589918410614 -0.03345599686024055 0
0.945238486883452 -0.04506950177229707 0
0.8068028570711273 -0.1827402727948206 0
0.1173787126407562 -0.05969475314704156 0
0.1974239030443561 -0.06700582376792723 0
0.9773456877572495 -0.8951958879853903 0
0.9994992884222869 -0.009876245958324681 0
2.181377778560309 -1.785938715648418 0
0.6102981186068976 0.1005540798412482 0
0.3610580701551572 -0.09008205500443436 0
0.2146045321629888 0.1258649462251105 0
-0.1333706152686627 -0.9256197320198261 0
-0.5208522426553251 0.7022444890557196 0
3.926731681887798 -3.328238520562696 0
0.2669040711394988 -0.1351141641229724 0
0.2460034443910944 -0.1290368548619903 0
1.35000328211986 1.914415460664207 0
0.7510293142949745 0.1034859259874196 0
0.989374689078554 0.03731368199804033 0
2.253477892025297 -0.4669011709362503 0
-1.382404753686738 1.798438849671864 0
0.6119850335925 0.1282057040148965 0
0.6878877382760926 0.2750350706666522 0
0.5767304653894637 -0.07910632987727277 0
-3.502147917904819 1.98846085844341 0
-0.8596751982641659 -0.0771997345881269 0
0.2914211879438382 -0.09546190561314462 0
0.4868749427665386 0.2196823464773329 0
0.6492618092538691 0.1562883935566672 0
0.6952249747201303 -1.044989413185992 0
0.5747112382739511 0.1287207583649882 0
0.1823517568521367 0.06630122619270219 0
-0.3855068517697861 -0.2778864644946146 0
0.2021507036713165 0.06762020367697955 0
0.2124783825707164 0.06778523287632766 0
1.652584926878258 -2.403041100588869 0
0.9195729463304961 -0.08874656672199387 0
0.9094417809707037 3.499839531895668 0
2.409291192660481 -1.234947029618664 0
0.6433307810625278 -0.110720848585234 0
1.031344711474617 -0.2143400009156032 0
0.5311858450248943 -0.08160660259708782 0
-0.6410453830216182 -0.2921081525375911 0
0.463769349897777 0.09091826209872327 0
-0.003420356957582963 -0.1065304853424882 0
0.3482204637321571 0.158611472680223 0
-0.3401024028546252 0.2237248167341528 0
0.2519138947212946 -0.7284508008837542 0
-0.00920267727045521 0.009091923145290448 0
1.166955988169346 -0.3550321526642724 0
-0.2146413310617917 -0.2211871973564602 0
0.2732310986224732 -0.9488943924992554 0
1.006028072829631 1.34658291407928 0
0.7770514348278359 -0.08721670780981405 0
-1.838089288595816 1.723254192296229 0
0.956504588280111 -0.06374155712515359 0
-1.177515414102203 1.283575136821084 0
3.138637446619499 2.761808381213473 0
-0.1155550107396661 -0.3605769047373634 0
0.1909039695923942 -3.718506056791631 0
-2.617686897769946 -3.641972526261468 0
-0.2088423445706515 -1.219636034636491 0
-1.188785495511631 1.047745018566805 0
0.3476177544309709 -0.5726376943446803 0
-3.530494733820561 -0.4669418896746574 0
1.035245004842624 0.1524084265917309 0
0.6101887843800997 -0.3589107761341457 0
0.2090487386358372 2.558957668637468 0
-3.10803394972594 4.274396948215566 0
0.2387792906084501 0.2609683366971807 0
0.2029073833995284 -0.2763316705362018 0
0.878762883794031 -1.261838331791495 0
0.1377427985570671 -0.1826093639184157 0
0.3605818236068595 -0.1994501539718868 0
0.9430674734616664 0.0415303539199415 0
1.840345453063791 -3.815464960811552 0
0.3931561975985782 -0.2105682495309847 0
0.4556906255190784 -0.08969641356586559 0
2.558917090568305 0.9399393533078488 0
0.8637055934858938 -0.156174027526309 0
-0.1412777611585304 3.164939375970054 0
0.7763830899444563 0.08517159576770748 0
0.8569280646809547 0.2424138470299303 0
-0.8883846414422012 3.052309210783292 0
1.736682678253344 -4.300101268339578 0
0.0520460729302305 -0.07743836194119733 0
0.6727512071269999 -0.06599873860296668 0
0.7306757619079904 -1.837300374492511 0
0.1506268965982754 0.1418795720866245 0
-0.7290018171527081 -1.642024252457722 0
0.5148138977930847 -0.1433344863710971 0
0.6424558855022166 0.2138801393841727 0
0.5756217391236652 0.9455860893060279 0
0.6461862441930204 1.078422711072654 0
0.9534610855957953 -0.1765658689329154 0
0.2789141552642795 -1.891958881536582 0
0.3830230066563974 -0.1333083040817372 0
1.432361705690144 -1.00450423345774 0
0.7807145830012928 -0.1456122631346806 0
-0.5036232197737718 -1.853788590827492 0
-0.6243316536184544 2.800209568257836 0
-1.313566410174639 2.767398351821354 0
0.05407091929927493 0.0646103410451682 0
0.1874655865078424 0.3214552517752743 0
-3.470763853799927 -4.31228102476076 0
0.1851041838286313 -0.129865511421341 0
0.3570994666480369 0.09255077670705708 0
-0.1826207769987744 -0.1006121983359399 0
0.09820744793388672 0.131022327091131 0
3.810297058842194 3.291052309715667 0
0.7807564259793762 0.1311331127560219 0
0.5738750338353125 0.7509855674006278 0
0.8623977639413903 -0.208696656789187 0
0.7784618066912012 0.0504221401431131 0
1.695092576288001 -0.3347086966226659 0
0.6572126520935322 0.08634505549608407 0
0.06805361989682485 0.1604206052532025 0
4.50379960138837 -2.429336977658572 0
-3.554505058697284 0.1206613368337594 0
0.1249714792560857 0.111175646708425 0
0.9899256931941991 0.07760343755453443 0
0.5554380452564471 -0.1960032916333213 0
-0.039842967972119 1.1171451126563 0
2.757721606229358 3.580281022947825 0
0.925944098734783 0.2057761042249802 0
3.454913693272881 1.667859590198273 0
1.829927292757441 1.351884242732286 0
0.7460050500272809 -0.5948587053267347 0
1.228691708372154 0.9340950030948447 0
-1.643369182403392 -3.117564988736101 0
-0.02513785151878596 0.06066863155455242 0
0.4380483333482007 -0.08492850504355337 0
0.5120344305477664 0.1253863845745656 0
0.6456339120532475 -0.5509039873586273 0
-3.543062688611714 -1.125246485527215 0
0.3937043574930315 0.1623930011921831 0
0.1402358809267447 -0.1564644893466524 0
0.3766156506088991 0.1090818373280586 0
1.027856611888331 -0.3084340187414545 0
0.1621292573988144 -0.206621192168794 0
0.701789282534826 -0.1196633817723245 0
0.5529221682068468 -0.5152635355478088 0
0.6469173877775981 0.2671927784696939 0
-0.2314094184589702 -0.3692510603094886 0
-0.3282861783069791 1.969255775236091 0
-0.3874524362140184 2.221209543031368 0
-0.9546871828311195 -0.2883892463913058 0
0.6947694527392767 -0.06518572845263909 0
0.9626759695795515 -0.4992184674604512 0
0.9042854747275095 -0.0762959707068903 0
0.4827272678556821 0.1079008100804214 0
0.27336457082793 -0.08203640473454255 0
0.02473219158118302 -0.06708337851627255 0
-1.983539581119289 1.06318083834283 0
0.953568414510362 -0.3305719715186647 0
0.5283340416040017 0.5528252922039392 0
1.206038142006419 -0.2214002571944248 0
-0.5975850881311193 -1.315267379443648 0
0.6669979964855302 -0.08994570423825538 0
1.836662812956918 2.041645217420669 0
1.510648940268027 -0.1088507704746981 0
0.03032831136173632 -1.541878354040292 0
1.017425862125116 0.02622502246720618 0
-0.02212354004917182 -0.1400654749568537 0
-0.05519993253508657 0.3120044121832136 0
0.7447234509714551 0.1872596947561204 0
0.05515855483087595 0.2169241337400429 0
0.47533549225795 -0.1756667463014812 0
0.8286575380478353 -1.503263761363614 0
0.657487266142958 -0.04914356083619695 0
-0.07572156868403468 0.1246884452715884 0
-2.164254812018858 -1.620067997947255 0
-0.5257729424201303 0.3477362444584545 0
0.5107030126534983 0.2603610431956126 0
0.4421341531398986 0.06520628514811266 0
0.9652943744568366 0.03339090894483495 0
0.714876720596108 0.06192488722549712 0
-1.65523945351748 3.177386384073476 0
3.884366576789397 -1.094010070778023 0
0.0361507901183085 -0.1585889235431459 0
0.3391464849592401 0.08206438550389659 0
0.06564245304274295 0.07109871587265325 0
0.07267775430992861 0.05107836537173301 0
0.05782149404932032 0.1258901625053673 0
-2.333375932396965 -2.896411454869368 0
0.8124508753153902 1.00893175562281 0
-1.640205740279426 1.224730736830469 0
0.3786152701015801 0.081955445987627 0
0.07623364003698413 -0.08346690998363782 0
0.2528274565974279 0.138254081706964 0
-0.1471257422977976 0.7735959450808707 0
0.1852792087377784 -0.08926586670331904 0
0.1089248781991597 -0.4110015012604367 0
0.3829346440275183 0.06748151573038122 0
0.3781335891787606 -0.4775955397927596 0
0.9621446822747395 0.08806052803914698 0
0.7094261553220309 -0.2612844657270619 0
-3.531323402675054 1.447017442903946 0
-0.04495157396560347 0.0007781115303971424 0
-0.05800818764200479 -0.02197071019033987 0
0.4481482109255441 0.1341067536166582 0
1.345955232272539 0.1840584743665721 0
0.2676651325214264 0.06908317531693087 0
0.2669855797109822 0.375816090635321 0
1.083306484768944 -0.0004080488300730836 0
-1.068126798782915 1.7349543897451 0
0.08584419381161093 0.3179714250519601 0
0.7299265694692104 0.08469404221002712 0
3.168031133430352 0.05427323918988639 0
1.136687988541687 -1.004872625698149 0
4.540328666140514 -0.5050608206763654 0
0.7434025196382497 0.2798290746260497 0
0.8202643275274893 -0.6348124355209881 0
-2.806984480570684 -2.702209809328751 0
-1.24122647617136 -2.43929789993007 0
0.2623257568314983 -0.06888635265069705 0
0.9320938807579833 -0.03372522015901912 0
0.9576340357329823 0.060790299579595 0
-0.1887798101830782 0.403281909275887 0
0.8839992752681685 0.1576562270023559 0
0.4408993797010223 0.08313616271926859 0
-0.4807905714740859 0.5933407594802536 0
4.513261503261683 -1.910773949482325 0
0.4292787291667882 -2.072420951342334 0
0.02496717898451439 0.3876106106893924 0
1.232408862216375 0.0592729226694928 0
0.1563667709846711 -0.08691382781524706 0
1.105341397963799 -1.653443260427256 0
4.094835161914888 0.6545639958961678 0
0.1573104929568251 -0.06373662409632334 0
0.7850675208927713 -0.1075874985950026 0
0.8467275536553862 -0.1027626852783786 0
0.4524714747511123 0.9547680234600049 0
0.003054839306552115 0.0248308525434627 0
2.469878892339949 -0.3216146539534514 0
0.5442841186474858 0.2499460768761493 0
0.4129959938233537 0.1522156199522383 0
0.9295034860839644 0.09769831537172302 0
0.642274096273175 0.05088983133640178 0
0.6525668943265285 0.05022731485636293 0
0.3475076698509594 -0.2534296305817776 0
0.6310832043125909 -0.1397928844635295 0
0.6877558414495812 0.2134731313669333 0
0.9649080196015625 -0.01416682835828732 0
0.9550345002019894 -0.01548628451742557 0
0.4206562558035815 0.248548397518593 0
0.6940040626559648 0.1325509145214871 0
0.3918246116723688 0.08764337028351643 0
0.3061275752212105 -0.1356655588906085 0
0.259093486322163 0.2000378582338197 0
0.3395349115242754 0.2443410984383756 0
0.7660169290595059 0.03876970612489871 0
0.7651455367039822 0.8523023760914176 0
0.8556045691408822 0.1031758479488177 0
0.5942785912219291 -0.0718117907527447 0
1.421680173835812 -0.5464572860539724 0
4.523722715124699 0.6041800269895308 0
0.7707549638618848 0.05978380281879798 0
-1.029331120008592 0.6848566971881989 0
0.9674751662725993 -0.03660661144222081 0
0.985132166107814 -0.01096729372273273 0
-0.4940042688155026 -1.173001820560828 0
0.4522586293338036 1.218963953598778 0
1.003849282691264 0.04383010659836199 0
0.9592278341135416 -0.08720255678361245 0
0.7531431499372209 0.1570533014585584 0
3.873366369351777 -4.338696194212404 0
0.7167884961623047 0.106704110441172 0
0.7351781856869117 -0.05988752252840761 0
2.054446757333483 2.740854265807239 0
-0.298835702035526 2.877407633962054 0
0.9952932617307964 0.009217930216778927 0
-0.1278380222462409 -0.2187726640506898 0
1.326442232071976 0.6586843350964136 0
1.57519659756924 0.7102906287220039 0
0.8191987997046735 0.1231821786584729 0
1.555041751534286 0.1566707614028555 0
0.2259797653771737 -1.062742258399255 0
0.1898816595076796 0.1488397562995856 0
0.2476215984164917 0.06815017834439231 0
0.273459139407884 -0.1556513296048458 0
0.3718307236516097 -0.08106592340854168 0
0.1671023762641201 0.08037534378917498 0
0.2700359240386297 0.09065539138032482 0
0.7660962539674634 -0.2780684298987712 0
4.576889432681329 -1.111505471414386 0
-1.639494009978171 -1.597140680589773 0
0.2087228387324128 -0.08501813352168879 0
0.2877400225978182 0.06912168829494438 0
0.2901650215468445 1.565979174626223 0
0.8820866838389019 -1.013435418032315 0
0.47972940384025 0.08179594718389778 0
-0.01509316534366607 -0.07161501195105627 0
-0.3540396432392199 0.1357748961295429 0
0.5989010851989809 -0.8463632381554356 0
0.452369698459677 0.1056038989219784 0
0.3813477033518341 0.1322183776058187 0
1.031964843635368 0.6973486083169548 0
0.08654556158985861 -0.8759508836995776 0
0.2426075381134481 -0.06802909282652692 0
0.7575073446048847 -0.3690613369486537 0
0.5666996133555851 0.4641503360510665 0
0.9326646940081219 0.3450354298532854 0
0.7459220987090245 0.5191777646248211 0
-1.980751319423979 -4.339904442829354 0
0.1495150037569366 -0.1199923512463731 0
0.3003264055550791 0.3006452661186916 0
2.800397562717966 -1.476866318770551 0
1.781452651908327 -3.084354743772584 0
1.736481310391342 1.051024379546679 0
-0.9095990506766827 -1.083698823280249 0
0.2295032313866361 1.066125917378036 0
0.4573821763393507 0.08097636049432171 0
-0.004492655274925624 0.1598104370344427 0
0.08719481281988316 -0.1604855669512976 0
0.4805214929159207 2.215397587477292 0
0.4166271469691176 -0.163499839770183 0
-1.647175905711256 -0.5978582006487565 0
1.149290903664916 -0.02419915304047855 0
0.6078658846101178 -0.06655023836646551 0
0.3467630063156789 0.4465727405309212 0
1.023063827841271 0.259509571850735 0
0.482968688181645 -0.1223903351304272 0
-0.7483789902361696 -0.9871889094448463 0
0.7222328687156399 -0.09385402096578065 0
0.8845228619880732 0.05571599694569909 0
0.6305266547514663 -1.466671010644464 0
0.2821938892745398 -0.2680430017645035 0
0.3472248606380539 0.1307082171795988 0
0.6959456261515203 -0.3932635385686262 0
0.2325762072101352 -0.06780655329672122 0
0.4912431168347729 -1.027789733314513 0
0.5316293516868583 -0.1850124940925857 0
-2.087857233047133 -2.001842921127629 0
1.008097250079526 -0.005456283131178406 0
0.6685612590357743 0.1077211656037606 0
0.2627860211691894 -0.5734603269627447 0
1.861696080081017 -0.6547738766416166 0
0.4785956448065632 -0.08017569198500459 0
1.039183406960134 0.03165927253590415 0
1.052235536613688 0.0113851398542037 0
0.2025828320111015 0.1143046180916689 0
0.6275083124022407 -0.06589959064939523 0
0.2762493294845909 0.1163860810459484 0
0.5692809648790897 -0.1070656110131038 0
2.313839051981929 3.802777034429006 0
0.965184723316497 0.2222513795858588 0
0.1607140434330303 0.4544399761653892 0
-0.7527078798218837 0.5419829561451418 0
1.806924799193178 0.08462989346857136 0
0.2214332427703065 0.9118019712291194 0
0.6165278928704245 0.1829421837175002 0
0.7923693402020359 0.05375651243703285 0
0.7919448728340945 0.03525951337775449 0
0.8269993144033336 -0.08977806412707175 0
2.89951236109449 -2.037823330167924 0
-0.6623265576568194 2.479339899623119 0
0.6942491446294018 -1.162900479958351 0
-0.34544873139512 0.3619955143166293 0
1.004564582966875 -0.4047318746675078 0
-3.553270160528383 -2.603363326541047 0
0.6200491011665994 -0.1082692778774191 0
-1.603489336809128 -2.407088508435203 0
0.2196796735090446 -0.2101553607055176 0
1.339523083262908 1.227527509608428 0
-1.468455053308036 -0.2705993749743845 0
0.9133384787078361 -0.03917553086756534 0
1.069322499418512 -0.06334737943032645 0
2.103808739723867 -2.138225906477706 0
1.553062315920848 -0.7766339908235411 0
0.1952222617054392 -0.1714863804182321 0
0.6179344593415599 -0.6664778145642195 0
1.484721664486016 2.909262365806842 0
-0.3285348009614824 -1.495733753213655 0
-0.5843930591996739 -0.03441879079812617 0
-0.7176003127665421 1.492993779710156 0
2.243183018783436 -3.676113704774382 0
3.886587077257559 1.094686235508596 0
0.5699307168297341 -0.159182474159879 0
-0.02487328822203565 0.1007294623041342 0
0.6679058425810871 0.06494488314956216 0
2.122493205702258 1.697941970785286 0
0.920700742636245 -0.01936343962071309 0
0.4964523077833333 -0.2894035336538225 0
-1.092063365204335 -0.8196321001801972 0
0.2516892260340532 0.1040241889224937 0
0.5213035062847808 0.07893135926555311 0
0.7242964406958086 1.52257515797558 0
-0.7687321707557135 -2.163091981852677 0
-0.02821701108038211 -0.03578507243063435 0
0.8218360127567161 -0.3507246709349596 0
1.029055054535234 0.194663100378124 0
2.775500244261628 1.616648917544759 0
0.7434434244945807 -0.04108214200153427 0
0.3813555948465609 1.078878761051887 0
0.636964033112335 -0.08085345902263218 0
0.7608049002773254 -0.1554728389539684 0
0.1111197802086543 0.2198758091257829 0
0.462881754709551 -0.4973193440356068 0
-0.09685355653808413 -0.1153011708737253 0
0.5283691262736283 0.05933140149309911 0
0.6618161618313682 -0.06271568669370409 0
0.01908867547143828 0.04969671330259449 0
0.673108733660416 -0.1043175839881627 0
0.3124631392437601 0.09935299245758002 0
0.9180922473490764 0.03489098625028427 0
0.4362217974038645 -0.8588254744024596 0
-2.261617083830028 1.619975632952463 0
0.1173677611275441 0.05808304729495937 0
1.001067985565468 -0.04679079249059831 0
1.572431674803698 3.830661947633898 0
0.2156196269576386 0.0855049749311982 0
0.9570585926993896 1.023808210066176 0
0.4565882307557861 0.5542983740947095 0
-0.008500654451277095 0.04322692933998547 0
0.8211276347457083 0.03188163533986462 0
0.8112017766477766 0.03302824839674643 0
0.6924551028889946 0.335357746485936 0
0.6156150643318266 -0.07405133475701961 0
0.4688288658843145 -0.09830416109064793 0
0.6303858017242412 -0.440319005454937 0
0.786369268550108 -0.03583967423957903 0
-0.4401011456738123 1.144433620470896 0
-0.2819737942983947 0.009275306520845112 0
0.8854133327263547 4.358426477936423 0
0.4430335454959452 4.358749262068162 0
0.8012717549275852 -0.03366399632936913 0
1.015484536510995 0.06631414086223915 0
0.5408639460857019 -0.3934431684323662 0
0.8843523386952712 0.02381030937481641 0
0.8112696460372402 -0.03311930895991828 0
0.4673393262659289 -0.06307380945612527 0
-1.747805560423282 0.7111847441618733 0
0.07084498987692106 -0.1143930148679111 0
0.4135357045682837 0.2019798146609539 0
-2.843421572732774 2.267686571712419 0
0.8811616664582171 -0.3400237374253526 0
1.962773524017928 -1.638004437675131 0
0.6091940038023268 -0.9796096004311317 0
1.79223094821345 -2.166440914493267 0
-0.8859130546265253 0.8047592391675901 0
0.2528610507511237 0.5418713244344673 0
-2.867345267635307 1.182623230742751 0
0.4167273943448703 -2.470555598646375 0
0.2226634264667037 0.09555825810416109 0
0.3625526466825306 -0.06798168035655458 0
-2.643075817440764 -2.12883887517151 0
0.6229759351534746 0.05262158964687034 0
0.8794833503749442 -0.2866423379962273 0
1.298021765133808 -3.05118469182908 0
0.712986786149618 -0.0570584945504386 0
0.2754026999190449 0.1326663841365813 0
0.3469501294263837 0.1080050876839324 0
0.7972953876204184 0.1767151996181597 0
0.8669173678031066 0.02594224107660659 0
0.9846782377326201 0.01095762033154149 0
0.8476745598623667 0.1799342068696131 0
0.4053371178974801 -0.06725124975360185 0
0.5599455248194577 -0.05856677276076301 0
0.3778103468690094 -0.1091400281039168 0
0.8785407575924608 0.08347810154886991 0
0.9265593368274883 0.5780848332407827 0
1.137746211569475 0.08216526142900858 0
0.8152693931108596 0.05030626497098603 0
-1.61039493012642 -1.916312183706089 0
0.3177751134145892 -0.08606604341668871 0
0.2836932870570787 0.08366431967823854 0
0.6006186500876288 -0.08875606012277483 0
0.4822134229606795 0.1248021027155548 0
0.3279629773963664 0.1602776335911604 0
3.36766536596913 -0.5655102678688338 0
-2.065292624650521 2.648338565990569 0
0.6614575443525713 -0.1463146670782116 0
0.09251889063939503 0.05396270446739668 0
0.1026987858282547 0.05579120738858134 0
3.353246957981826 -1.713133035911078 0
0.5420471664219445 -0.15193894085768 0
0.127506342601102 -0.117290137011006 0
0.7554933802265006 0.07344264306279302 0
0.8303452636737848 0.5455437342458297 0
0.4305254580002689 0.1642629134864532 0
0.6240565516612019 0.09524065663012729 0
-0.01029089221454572 -0.2290291062486831 0
0.3919202186225766 0.06724399328392364 0
0.4593425571750859 -0.07937261007954796 0
0.4479465577890015 -0.1670955823066068 0
0.2951042539884871 0.08808747811876474 0
0.9399504969650893 -1.126274705846169 0
1.570229700824556 0.5433919924062274 0
0.02510573396502637 -0.3232697774699337 0
0.730288666272398 0.3646752612184823 0
0.5076331831350197 -0.1784658611314325 0
0.02871033388301914 -1.109488817319213 0
0.3194756268786123 0.08845151989632349 0
-3.01891785318674 -3.434078329943704 0
0.9098166300384877 0.070760996696639 0
0.6418347650656006 0.1177855782690449 0
0.8287523779721185 0.09355812089910379 0
2.209499021785202 -0.04419170651906285 0
4.518858606482901 -0.1126672951316257 0
0.5167872161247652 -0.1260813332159104 0
-1.31211456420299 -0.6442605732130786 0
0.160063974575175 0.09676728011219991 0
0.5960679994604492 0.1435705121379855 0
0.5872873139455389 0.3548160771613226 0
1.073146441165036 -1.335717078422848 0
-1.001951346281888 -2.84082245008188 0
-0.1689532972434803 0.002291344308125727 0
-0.2159194495811193 0.480042685847161 0
-0.1816607498697636 0.06990596257959841 0
0.2305367547300057 -0.5098157378508753 0
0.727064420382767 0.1402752457505928 0
-0.6090634292393023 -0.6929342260402492 0
0.3260371338247617 -0.3326430746983181 0
1.169321357275605 -4.38787951586181 0
0.1685646721380229 -0.100583641250449 0
0.5111481692775339 -0.1009854286535909 0
0.1734192239225099 0.06456745669225292 0
3.802952085219093 -0.4683253924551997 0
0.9587254404604041 0.4947952236649174 0
0.9247787530728167 0.01868169156401941 0
0.8029939839082163 -0.2425461999308028 0
0.3218575339805705 -0.1074871350023894 0
0.2319148978416283 -3.08544181044849 0
0.6719793475991993 -2.889082891121091 0
2.55568375941244 2.018088764221001 0
0.5933265768650946 0.07022121565125181 0
-0.009587627173403435 0.001722829356236578 0
0.9652874903780249 0.01353796576049187 0
0.05601591704760685 2.038013162174615 0
0.8304605567810198 -0.0311534049825968 0
1.008402774080649 0.86873259906873 0
-0.08080920233597041 -0.4264396996955896 0
0.8022821130106745 -0.1111302360463012 0
3.972568862252335 2.577835894942017 0
0.03190250571644533 0.05791841032197823 0
1.343589681958967 -0.6806524311703122 0
1.548474864555403 3.23497959612903 0
0.6514012728933991 -0.2973896460324574 0
0.9981062366273687 -0.1120240893356372 0
0.09136377919138103 0.1108695036231656 0
-0.1330621378092101 -0.5241682325771595 0
-0.06302778265628829 0.5043570593041339 0
0.6464510188120279 -2.025748853133485 0
-0.05392822080892665 -0.7266561701638906 0
0.6104551014647572 -0.1723585256783592 0
0.08088760989567528 0.4132629924498578 0
1.032748835187287 0.1000714277220554 0
-3.573271235239846 0.8418790471693143 0
1.023985850194764 -0.01532430579457309 0
0.9725911783364249 0.1631049882537573 0
0.8392074418354186 -0.2822105771198836 0
0.2131404140324135 -0.06665043962505506 0
0.09830449335485586 -1.337997113575891 0
-2.259966198978082 3.804043737157613 0
-0.9236392821183248 0.5174006533777292 0
0.9092517579616622 -3.81666463562409 0
1.882931385720101 0.6791655025187835 0
0.7096286952359675 0.1742775278511304 0
3.916190767487027 -1.629625183414814 0
0.6043921899983637 -0.2851984675110444 0
0.08735950696605022 -0.05350920952012629 0
1.774421659519065 -0.8669436471302997 0
0.8290867713801978 -0.1657675351935111 0
0.9691101968199 -0.0576483587736137 0
0.628362290312206 0.1617069305701965 0
1.386381736883343 0.03151267075791071 0
2.139069746162434 0.3140716549830678 0
0.1549825330251965 -0.238066922938468 0
0.2092039974557467 1.304564346422764 0
-0.00474972551066949 -0.01462433308968441 0
0.01453390640282131 0.270975440445812 0
-1.40941777949001 1.370542023778903 0
0.9008343461136575 0.2541185125473854 0
0.9264699511951429 -0.05667664147876945 0
0.02496370032857384 -0.5325574968674436 0
0.9072764712151147 0.1381999668397803 0
-0.04872711848750249 0.0454191816566191 0
2.192241820838885 3.059107486673975 0
3.230083318270348 2.41235106006311 0
0.8508686998981979 0.07587846961476448 0
-0.045711673743305 0.1912809065820043 0
0.268081444892324 0.329633183809478 0
-2.701989463114591 -1.633422213374168 0
0.04085089159118685 0.328580742862384 0
0.5686118357083035 -0.08762059741287281 0
0.4070521151104477 0.0655816995410341 0
1.762987117672688 -1.733933354079723 0
1.828391869540844 -2.74212936188388 0
0.5773591827308233 0.06799312740380332 0
-0.5972670030707691 -0.473178416934386 0
0.3532968220372023 -0.1578091150107558 0
4.59367682665429 1.349289859859374 0
0.8128483737486074 -0.3095956766975828 0
0.5830496721667863 0.5918330510755552 0
2.978056960218732 4.32480434783098 0
0.3324597866131425 -0.1292026151613439 0
0.3376407495547082 -0.08323067944038076 0
-0.02369318281424918 0.001134901315462523 0
0.757892336148721 -0.05398203727989213 0
0.1579134738388583 0.06231655083378776 0
2.799391919488246 0.8042604643585861 0
0.01653281132762624 -0.1025753771951758 0
-2.346738341795397 -1.063475304354012 0
1.670749510948843 4.358439587507448 0
2.209147505029966 0.9063284317357978 0
0.4606603196699682 0.2133306007541383 0
0.6162002338948038 -0.1319220057892875 0
-2.893109494316147 3.608129920034632 0
-3.505889440042463 3.361934476473606 0
2.774010136175442 2.762556543759229 0
0.7089119712030606 -0.08548590262134954 0
0.1627056132789073 0.222860570031746 0
0.8609148488059001 -0.06176690026356657 0
0.3394740459989366 0.3078511666325622 0
0.8035589515222747 -0.0821839603406138 0
-0.4533097917689684 -0.6735988548996139 0
0.1818635107935592 0.1221354312226088 0
1.004896581026315 0.1427118972326362 0
0.7580141804773468 0.05126391668307063 0
0.4212207244277569 0.3873886540961993 0
4.174824535078647 1.373517612822015 0
0.5433663444202557 0.0734551073727803 0
1.331638334888125 -1.212197331346583 0
-0.2282242343354345 -1.025302844737684 0
0.8380378941214689 0.04494878545537578 0
0.8069367046432553 0.09168452766527879 0
0.2614843697492507 -0.2101998278153036 0
0.7804470789670008 0.285211158348637 0
0.8124510563838224 -0.050054371922096 0
0.4790757649150151 0.1673492435407524 0
0.7827572420503848 2.266130843765483 0
0.4004680196870923 -0.3627638340661799 0
0.2876674982233947 -0.08619426033747876 0
0.3084853599392626 -0.109471618697144 0
0.8723493423548039 -0.08318442951307513 0
1.070930532336404 -0.2859393078066349 0
-0.05408024106369722 -0.1107152117472464 0
0.8846186291504901 -0.06959305340128745 0
0.07922847552095026 0.7862193199859592 0
1.142384824302813 3.806029290529173 0
0.1543943176103297 0.1245119529163577 0
0.9670306754510083 0.1140553078097883 0
1.454086484818116 0.4850211428460347 0
-1.36700598540248 -4.371453088881756 0
1.19195743428659 0.2003249659489842 0
2.966954726812212 -0.899945009940043 0
0.7793151610527191 -0.1935514940291841 0
-2.996405803136828 0.6935267695011295 0
0.8035130706486376 0.6676538537124519 0
-0.004277203627071641 -0.03851485262433673 0
-0.2270415448906025 -0.03650681741836725 0
-3.562767487336358 4.350000000000458 0
0.05386332502933916 0.2543282227061472 0
0.6294329500964544 -0.2397926816921859 0
-0.05056639515204696 0.7191627333597688 0
0.4065381628872649 0.09604044806978586 0
0.9443172601546982 -0.2700545155725743 0
1.682069571913968 -0.5759374078692311 0
0.1461116875429238 0.07784831260237418 0
1.633811081383623 -1.102204167389612 0
1.21223249920025 0.002111639685734612 0
0.1676166304788525 -0.07653926716994112 0
0.8399996359343626 -0.516834258389231 0
3.148312382766379 3.44427817775819 0
-0.03734408635341283 0.1326048324062966 0
0.476323753390904 -0.2136932034668861 0
0.230622409020272 0.3053078433189697 0
-3.119659193254369 0.1889964084142376 0
0.8405917986491274 0.3759314192123535 0
3.769071635032896 1.844744492954178 0
0.7491503962637087 -0.1243694677676181 0
0.4981540133049692 0.07479145810714086 0
0.7479462601982063 -0.07137419147700863 0
-0.5349457163288391 -2.552186331882392 0
0.2267742439454961 0.1181829584839551 0
0.5131031741114254 -0.622497446872646 0
0.7895440894656871 0.4250720256166397 0
0.4282708041627963 -0.1092770377167744 0
0.1788831786131334 0.08554178214190797 0
0.3546780697023436 -0.1285887526822808 0
-0.264885537763371 0.223769296142376 0
0.915808879304013 -0.8198531253360672 0
0.7904338778732463 -0.04824326595373894 0
0.7749720579849848 0.3356485504709543 0
0.5176373396602115 0.151683139575085 0
1.315305223356584 0.1031278015671782 0
0.5575439939811425 -0.2773820987539277 0
-0.1465297452998052 0.8854790362200164 0
0.814506534236234 0.1971898482254452 0
4.004824107519111 4.360218902509817 0
-1.648466167133332 -0.3820867648827587 0
0.02170189128572906 0.1101555986358684 0
0.5872977214648006 0.2067672645118846 0
-0.07002450250853952 0.3765005889208546 0
-0.4489078393433726 -0.9088099993180146 0
0.4262685223348087 0.1201058805199562 0
0.4252802831511355 0.8217298335080474 0
1.460353445983984 -0.4145331681106638 0
0.6846976584647636 -0.7098479626791875 0
0.1308988389298555 -0.07678165690740074 0
0.7267393181409632 -0.1344638463814814 0
0.03264627820393932 0.03969891346998566 0
0.4948793259978517 0.1964602204787335 0
0.3689766652022509 0.08931383811718924 0
0.6447756339210448 0.4867206419986742 0
0.3927589576641806 -0.2400998749928553 0
0.3325461219798567 0.09040846864598211 0
0.6704626197472251 0.1249835214706116 0
0.9613245654614813 -0.2089266253326258 0
0.4032405187549262 -0.1011970875873486 0
0.0443478179254375 1.361394642899342 0
-0.5573295265380536 -3.439909708080631 0
-2.143462133451656 -2.568619785347317 0
-0.6350623103316785 0.9449623459686857 0
0.1960944060973017 -0.1086961327758431 0
0.6373542149036052 0.1027139278727644 0
-0.3769065481871265 -0.1866493392143753 0
-0.08340416104946327 -2.085258524865234 0
0.7171570244021531 -0.1176693015194967 0
1.101737875142312 -0.4688490605720894 0
0.8856896156665548 -0.02424228253734554 0
0.05763788822684131 -0.04642111903806793 0
1.058941511639274 -0.03536577211904038 0
0.3075385619982447 -0.08460126013798674 0
0.06757885210255285 -0.04889851536032478 0
-0.7863884716547676 3.37335005396789 0
-2.048474830221776 0.1214509334162319 0
-2.337608565338613 -3.329232115820898 0
0.4443835693081931 -0.5904674940863121 0
1.043187672423896 -0.5972782109279858 0
0.8889908345068278 1.249225543651012 0
2.131149432753923 4.392305772960528 0
1.989817336104779 -1.002456289212935 0
1.171995077117148 -1.212313932680364 0
0.1364955358304246 0.2152308588736545 0
0.7742029333324759 -0.9580617429529112 0
0.3372328381684166 -1.361504042764531 0
0.3394823062059789 -1.519556519670601 0
-0.7070024292077588 0.2994809544637461 0
0.3581854266892861 0.1422506625332099 0
1.35316836776431 0.8875535324784816 0
3.366792589769029 0.6633301606342946 0
0.8267090095209595 0.06332671370973303 0
0.9827315409240824 -0.06427463557383827 0
1.259641325360334 -0.1641865040918967 0
0.5458416009276306 -0.1247554510911709 0
1.230061474585434 -0.2843722231015114 0
0.5584615907849566 0.08061155858035038 0
0.6991764653343027 0.04439249183203976 0
0.1462563994947954 -0.07520151544311365 0
0.8349120941978934 2.502331776467809 0
0.7241573749286228 0.05777784641471817 0
0.04606462273551818 0.1680131627242739 0
0.4045191033722093 0.1216786780311733 0
0.0959553632926546 -0.06869017213697035 0
0.4035037832992261 -0.2861830198059304 0
0.9376020882243918 -0.01740013970786129 0
1.118310350194992 0.695799908636004 0
0.6101870222364926 0.0753750251821398 0
0.04579244071183832 0.4947207499710211 0
1.19697175827232 1.751844154804828 0
0.1117279891565481 0.1632526200381709 0
-0.4172623021731871 -2.086756682239813 0
0.1803506493366153 -0.1539780308829866 0
-0.4904712722704514 0.9814376162749473 0
0.8430022494245624 -0.07119922680234131 0
1.017448351994946 0.3049304601472133 0
-1.269825868316068 -1.954635807362968 0
1.012514673380115 -0.4652859172479762 0
0.8782503920912245 -0.03638841927525892 0
0.1157774611683545 0.3580609596526415 0
1.693539680116303 -1.940030110355699 0
-0.03686254030946738 0.08198217200637883 0
0.2141056987732838 -0.1598225245574545 0
0.235141081587795 -0.1616314675721901 0
0.5782115899596287 1.689760864023367 0
0.8672120846875122 0.06125490877803887 0
-0.170433971632764 4.393707855471981 0
0.3455638807453009 -0.09817221037229272 0
0.9282087336108051 0.07964824513075651 0
1.050255564499935 0.05270134964134935 0
0.6908114608940894 -0.08237482889403799 0
0.105136530964351 -0.07597804259256155 0
0.5027207203555943 -0.06170789900967071 0
0.282460897755823 0.2223400799406584 0
1.05871960228772 0.4322630274528663 0
2.888362055795727 1.344561413341217 0
0.4955769567883202 -0.08336589345234915 0
-0.03237492291817386 -0.05843064956811828 0
0.6303290915923432 0.07964651850860219 0
1.407394897852168 0.3488929723656025 0
0.01248931146085868 -0.02984052496822949 0
1.161452075182935 0.8419324142861538 0
0.9383723818186499 -1.64167392383512 0
-2.109535920261439 -0.3992898426546585 0
0.5973828119023576 -0.0543239093145846 0
-0.2092027795383622 0.2671081950549136 0
0.3484024154976386 0.08533672247577417 0
-3.02599102094142 -4.370856119149122 0
0.04691511941456739 -0.1075696817413064 0
0.6843429508836092 0.09649606271570815 0
0.3226973059688296 0.1237297254844255 0
0.653147477219941 2.671801817983935 0
2.144587495341579 0.7122647301769928 0
-0.282833018545549 -0.7288488080573524 0
0.5212486852854623 0.3192329479699955 0
0.5293329003573447 -0.07138350500115688 0
0.5881337902763656 0.08658720575935659 0
0.1080649955236532 -0.5493721752970667 0
0.5675409111606082 0.05674254515129687 0
0.8030589786986453 -0.06642513974342117 0
0.3534335485154927 0.3522022770138765 0
-2.116561001450311 0.5418779562101651 0
1.483169501439277 -0.2679546633265941 0
3.740993389851572 2.912920003290483 0
-0.2315013362587864 -0.1516659375114717 0
0.5482265779003287 -0.1015346778477391 0
0.6147705184064589 0.2836150675843684 0
0.7734277438508828 -0.05960212394959322 0
0.9856259705879863 0.1950975268466312 0
0.3990158694215252 0.2939630341901978 0
0.3928002763823685 -0.08132958564177645 0
0.8435443683241237 -0.04375463040364649 0
0.2159922930469041 0.1427739312134068 0
-0.2661872296078452 0.3691964373117599 0
0.6845021183554874 -0.04557029928447418 0
0.2827287155382973 -0.06895069635885159 0
0.4453811575755883 -0.09411105014212437 0
2.106479282955593 -0.7772609292555019 0
0.6997210329613591 0.1163612241067307 0
0.3288732293794966 -3.385114878743753 0
0.6963468454158914 -0.106846656237712 0
1.052345465567613 -0.3717243108544191 0
0.3064882008218741 0.1877012127162985 0
0.9203307828337178 -0.6966385914798227 0
-0.009515083895567626 0.4767448048752253 0
1.467028358063625 -1.600881471908487 0
-1.410088386337253 2.11467893101871 0
0.5692556476854085 -0.1249703856618881 0
0.8531503167897136 0.05146361263643857 0
0.3478146685685408 0.06817341963758622 0
0.4182898612103444 0.08143417054199796 0
-0.8300662069383301 1.268283742781701 0
0.9352592114730923 0.1279438018216482 0
0.9080316650448795 0.02135017706052155 0
0.2097014881251447 0.1791383454299875 0
0.6989343805942181 -0.04465379804817535 0
0.6842404358013885 -0.1780175685092051 0
0.5299005994370899 -0.1210207649503058 0
0.6441969139017322 -0.06114253906330121 0
-0.08991180486118405 -2.558858691010313 0
1.095861687110095 -0.09077055730045003 0
0.1072807834346664 -0.05666301995042182 0
0.7037626777043798 -0.2082574809515051 0
0.312862458295269 -0.06887399099261707 0
-0.8339211468449377 -0.3627527564128092 0
0.4967545834939058 -0.143855090365147 0
4.599726039698835 2.817917652231331 0
0.9484699138476386 0.1604478266238253 0
0.3655348297786002 0.0673598193292628 0
3.832546337189952 -2.922925028779331 0
1.00365054276473 -0.1596122728093585 0
0.5737223715709606 -0.06933957627237397 0
0.08996891279571537 0.07039696274253249 0
0.6568769390521002 0.0624075033624515 0
0.2583339348203967 0.08239086052045931 0
-2.021289526089529 3.024760248313991 0
0.6727855936463613 -0.2226091775219622 0
0.09982347370187022 0.08671781115352442 0
0.7504136480530339 -0.09293585464811137 0
0.9039816231056612 0.04535124532250186 0
-2.574027899568809 4.386008811448962 0
-0.8070280987713848 -0.5131479213039485 0
0.8395920817304203 0.2860762860482922 0
0.9320338223367173 -0.1006716242644985 0
0.7423390589156116 0.05520803260137099 0
0.2160198204001133 -0.2505272567405981 0
-0.4855961296034291 -0.09074382464999027 0
0.4306685659055108 -0.06429672074942087 0
0.0306683206453056 0.1357836098445269 0
0.5647309515998901 0.1752348331450677 0
3.074862926856181 -4.376273132183556 0
0.5325859792322764 0.09085236679485431 0
1.658422811873479 -0.4303606942280002 0
-0.2473669324781642 1.288874388846341 0
-2.190956074453234 -1.320414631279862 0
0.4141242599415247 -0.1214129869272628 0
0.5415848754279767 0.6796729422685021 0
-1.243784260274115 -1.56538032522413 0
0.6113313391278099 -0.08460604282070805 0
0.1129381252088941 0.0705711819923007 0
0.01980337561311259 0.07565804412100834 0
0.4055635197991346 -0.07907512866285744 0
0.8845853196182523 0.113734883906114 0
0.2118211133554919 -0.6297993372494037 0
0.1954165580169181 0.09830880608500894 0
0.7788518523743991 -0.4341552504409648 0
1.257849048988506 -0.04296683888402343 0
0.4645866972559681 0.2832135068480865 0
0.3042866699874536 0.1248432194647409 0
-1.844501336634264 -0.264974668230623 0
1.588531602008649 0.3053477043973609 0
0.6867692042769443 0.6269985765724896 0
0.6978211721626895 0.07232190862075979 0
0.06524739183426545 -0.1461523615691971 0
0.3936491426994818 0.3546135675037105 0
0.2372846637919518 0.08521166485630029 0
-0.146042639907361 -4.377137131658406 0
0.870877459881255 0.03785567289525702 0
0.9287885074850835 0.05355380979857127 0
0.4805371440463813 -0.3560298242701105 0
2.661575581745582 -1.196457887890341 0
0.05030436643712979 0.04435419958664163 0
0.4829998002612797 -3.933675873292128 0
-1.08328321171507 0.1891973833516946 0
0.4935679014182283 0.1014442780290897 0
4.10409774109709 -2.517370203207271 0
0.6640063674245559 0.1991816857019532 0
1.01498345821487 -0.02598797790446683 0
0.1371442251028622 -0.6194498916684876 0
0.124197102504779 0.1283690852919133 0
3.89283890743589 -0.03341487228292611 0
0.1945433525833212 0.5793093903403911 0
0.1300845479894794 0.08343950731207841 0
0.4845672593974282 0.06199233698163396 0
-0.2145916479420166 3.854316957012747 0
-0.6156498568363922 1.6933678347371 0
2.971516428174136 -0.3274814082329545 0
1.001123502188069 0.104431632730487 0
0.8051938576337364 0.07425866197976616 0
0.8617229481853915 -0.04031969189536871 0
-1.657057195443921 2.252306362838906 0
0.8888938953444333 -1.397148709861762 0
1.108752869572063 -0.3926248286594463 0
0.1373430140884825 -0.06082038929726166 0
0.9342673999617143 -0.07175528716692231 0
0.1977163858207493 0.08032177956450315 0
0.7292717955594983 -0.05220282265720924 0
0.3881819789639219 -0.1186675905835651 0
0.3450019190269189 -0.218753929270831 0
0.7168920195785489 0.04332554439693751 0
0.07819945359879862 0.08025753764134633 0
0.5602864848773302 0.3156208193951044 0
0.4104998426071225 -4.421172423623938 0
0.3271639754353118 -0.279048095664559 0
0.3721829935285699 -0.3258982970253409 0
0.8970176116472457 1.867979982521171 0
1.485733893528115 -0.007439672623412042 0
0.8833721814881225 0.03630561681300142 0
0.05487226686867094 0.08894858867034575 0
0.6251004036579334 -0.2139386633153673 0
0.1774421867216746 -0.06483289965170216 0
0.4192854720301637 -0.08065269947352113 0
1.067337566959361 -1.107194362915302 0
4.576644408115095 -3.834353033386496 0
0.303049133724117 0.1509111304012786 0
0.2191978181102661 -0.1289078317632578 0
0.8947809023703723 0.3136129783864207 0
1.132253750635805 -0.1533290275323465 0
-3.609220216036853 2.518279799262735 0
-0.1302151674569774 -0.8087811728121042 0
0.8460004801606135 0.1317535270096777 0
-2.271954544668298 0.8158630181212354 0
0.8556470577453903 0.4844954725385239 0
-0.1038208317262576 0.2351535228989958 0
0.938041262813907 0.03400490263070845 0
0.3242350520238464 0.6257093869538852 0
0.2307498293689654 -0.3935184970103494 0
-1.710653547486712 -3.66215730983027 0
0.8282257216420784 -0.04173815915023273 0
0.8675187867391654 -0.5671336649295718 0
0.07218257761252692 -0.216195607017632 0
0.413298137387397 -0.06478385373620665 0
0.644096218402214 -0.09799439800530033 0
0.1925215690933333 0.06516216052660251 0
0.4479880853742527 0.2423058252743366 0
0.3702818250644753 -0.6396241608970871 0
0.4308502088894157 0.4857770177596532 0
0.9805662437036049 -0.1195489480509508 0
0.6023281695988056 -0.2025826546299248 0
0.06450795600188466 0.04830122578640814 0
0.1324915192900366 -0.7704615454800103 0
0.7483694671483654 0.09245320495378115 0
0.9986375554403397 0.6186076310191764 0
3.152193582731655 1.83910316593608 0
0.5145291119201246 -0.2663642249206666 0
0.3352728641579863 0.1034580540139177 0
0.2466729572900819 0.1242302539496033 0
0.6148703385313309 -0.05322350048844727 0
0.5298786360496399 -1.574573427209048 0
0.5613834341960027 -0.4676049442377443 0
-1.885892111534605 3.869268332144494 0
0.3533503745894369 -0.07956458446787229 0
0.7047206272503631 -0.3164334278049803 0
0.8343241613502369 -0.1276964352639013 0
3.523667424687737 -1.09678145222176 0
-1.105820289670628 -0.2549779341104876 0
0.3344873681056972 -0.1603313272258899 0
0.6672084946273378 -0.04822758165838688 0
0.3798058909643365 -0.0667702190645245 0
0.4541265993254515 -0.1175963277406543 0
0.2531134372616279 -0.08264376241158737 0
0.2513332101264646 0.1564311077998943 0
0.5125808950666393 -0.07190125923858573 0
0.1837662520772566 0.09675338970025288 0
1.020976853551029 -0.1167064846559665 0
-0.3653979785426474 -0.03552240708920472 0
0.7466289910874788 0.03989482272871882 0
-1.25585296644777 -3.822540677012968 0
0.5426874417098794 0.2172846654951578 0
0.7711126928434797 -0.5350569804075982 0
0.9232477975889766 -0.1368100454638161 0
0.93489525250367 -0.04586423756874768 0
-1.586543590960587 0.02358288770878616 0
0.7345659960587999 -0.0403971798368122 0
1.012552422933748 -1.991359446154201 0
1.101684330463865 0.2015800589306082 0
-0.3812627079120707 0.4467968593822876 0
0.7248581115765644 -0.06928813815098456 0
0.6672244748003854 0.1683291661498688 0
0.4506345249710255 0.06388065048699748 0
0.3016977562478281 0.07941823668734427 0
1.40630409426787 -1.93996948586775 0
0.09707398937036971 -0.09308369153639932 0
2.498013302928564 -0.782702642446763 0
-0.2910925616840636 0.09182001538692104 0
0.6453081750814273 0.06672308475719652 0
1.008207831668901 0.004325269771876254 0
1.034277658807697 -0.002769260218106949 0
0.3302794153339983 0.06705229068030116 0
0.09022426907170816 0.1528695876210928 0
1.061968515383888 2.577461072423055 0
0.7785103557523557 -0.03636671742237431 0
0.9825771839166284 0.06131497507434959 0
1.070591147764471 -0.221082231661219 0
0.870809335466857 -0.05505839691871278 0
1.757177600916014 2.736693186844933 0
0.8002145006563028 0.1209497682029808 0
0.2008128834508089 -0.08193742193031664 0
0.9523247870329785 -0.02564134040395984 0
-2.299159183898051 -0.09787087658386495 0
0.7829203135778628 0.03570182168220818 0
0.6490246299139097 -0.04917125251824266 0
-0.1291261177920413 0.3081496576800074 0
0.3269978030079586 -0.09123438908551455 0
1.154305121200334 -2.341345664723206 0
0.307112333436225 -0.191984439900452 0
0.2993567719847692 -0.2149517194895491 0
4.597094757983164 2.07103707966862 0
0.07107374520789143 0.09726153803431577 0
0.3249821939536947 0.4979994602259663 0
0.6622549822111299 0.0485908276675989 0
0.6275879180332219 0.06256798826788987 0
2.40011051405765 1.476113659406188 0
1.089027210953704 0.1479931385750433 0
3.542250875290061 0.09861195204294856 0
0.1252681336251271 0.05901459613738402 0
1.95094561488871 -0.5028952758322314 0
-0.5268965124327862 1.371890237630106 0
0.9906186231745367 2.129984672236269 0
0.5077955578122321 0.1102041450021558 0
0.7310037569440895 -0.1060675572429143 0
0.5146113354256756 0.07052465433359331 0
1.433863498288697 2.388719336444782 0
0.7745528657344024 0.2196220356748369 0
0.2689905808802774 -0.1048690465166391 0
0.5999516379428265 0.1107793876782939 0
0.8579174001554917 0.02719186673160259 0
1.228470399784937 -0.1013553547056405 0
0.4385393206991079 -1.135044794568479 0
2.37253333391509 -0.9923249742081461 0
0.6146393955768341 0.05227535885271505 0
1.378325265788768 -1.362702595064948 0
4.589518587614728 3.845282646237804 0
0.7786201959891295 0.09944261279001926 0
0.3802874007059164 0.1798024676380232 0
-0.5022004675820809 0.2498064146185486 0
0.8904244396135521 0.06671878447150424 0
0.7389114965295214 -0.194681746167209 0
0.4547795352476023 0.1195814943032288 0
2.491968624149956 0.545574484095193 0
2.721294043663248 0.07282374711078109 0
-2.871298517705457 -0.7829636484861764 0
0.9879648617496446 -0.02759733184664241 0
0.9562424281349824 0.02983301219051906 0
1.228052066579802 -0.8441020904440993 0
0.7846571180047949 0.07469174611607619 0
-1.887400154428079 0.5455902265144601 0
0.03327428531294307 -0.03800832239115209 0
0.9381952521527078 3.038712269622247 0
0.8934589974037224 0.02258077968307793 0
0.3018628403666326 -0.1222114558273318 0
0.3974272891213655 -0.06526723692687715 0
0.6823942509048162 0.0703890898650549 0
-0.7577058484417452 -3.916449613735877 0
1.177001792991914 0.3114626529201582 0
0.8345730071654628 -0.4141706022102606 0
0.282807170199289 -0.3361827807446088 0
0.04304064334381949 -0.04152987341170065 0
-0.723605555013432 3.90144206019137 0
0.3788703705143688 -0.08857728307084217 0
-0.2991550305583823 0.6232903483425192 0
0.5519160302654763 -0.05648677486565656 0
0.5681399173355541 -0.1777256020664986 0
0.5507494265588119 -0.08933573870278963 0
0.9075671763134441 -0.0637928909472316 0
0.1917413794065656 0.7247916884044221 0
0.00690244370583805 0.05374291742783154 0
0.5629370314793264 0.07175754026964137 0
0.04172065460732377 0.06701326880910054 0
0.5426609220627953 0.1432328426160578 0
0.4335060272467201 -0.731972369275509 0
0.3849951822251004 -0.1962054375660534 0
-0.09103716957214433 0.1929159852353706 0
0.2958805861992627 0.0679314563602323 0
0.7480467789488884 -0.3322875968015485 0
1.835246283233377 0.5271857309576204 0
0.533232162733558 -0.1022046997659896 0
0.2304268459835481 0.1054143763214815 0
0.158635658799948 0.07464338031135398 0
-2.580981545015425 1.141653724327815 0
0.03733665016351078 0.08340075723564445 0
0.519309781094044 0.05944193989373599 0
0.2033951492997669 3.826476913404484 0
0.4753412813340764 -0.06204281440032103 0
0.07505195348511778 0.0624515748528974 0
1.57852359586046 -0.6459291915403629 0
0.2399810851545554 0.06687482614511225 0
-0.1114728137947882 0.1651788289466057 0
1.058316447717091 -0.1564994985777119 0
-1.683148768917415 -2.171233074436141 0
0.8706125707993728 -2.642161892830252 0
1.358877996317488 0.5273554139245035 0
0.5377213172346489 0.05869046139503603 0
0.7956185279831836 0.04289642453860947 0
0.5406704515585642 -0.08020105481750057 0
0.8385147560440573 -0.0289409728910063 0
0.5874794589481804 0.05467760502983866 0
0.3949026043524416 0.2615593489376389 0
0.02667816947135098 2.24294913276883 0
0.9569003557839505 0.014086305920359 0
0.2147441561136046 0.3814042189074196 0
1.056271479946638 -0.6969505071322517 0
0.9126409260968698 -0.01975158229951582 0
0.5154902006462454 -0.0865547371236783 0
0.1341380081784634 0.1434389651530656 0
2.229178384030615 2.520045641682759 0
1.104161451842805 0.04064773630256842 0
0.4154570324366963 0.06506493243777928 0
0.1497183596552194 0.06119715498868912 0
-1.208067053586075 0.3686480235424233 0
-3.084846585511074 2.018911551273886 0
0.08773217352151444 0.5331912774625709 0
0.9995187947077036 -0.02222726658039301 0
0.6905072521490067 -0.1303438379641193 0
0.8568177103756832 0.04238699306145507 0
1.376401364203123 0.7640457952283898 0
1.361347114672198 -2.218032071143021 0
0.876551454619918 0.7029374718539503 0
1.672806152140872 0.08939348345034941 0
-1.788291107389802 4.41477254039175 0
0.5235849223596722 0.3893714285007813 0
0.2544461655679848 0.427062435282887 0
0.2845493128445915 0.152386272661405 0
4.605735271627001 -3.021932640365171 0
0.462814277603797 -0.1383002624207675 0
0.831118569274005 0.03047768053731983 0
0.6363372656965411 -0.1768005497340379 0
0.8241792312674452 -0.05797768468427943 0
0.8089238524997561 0.04155356111807326 0
0.6829540162564813 -0.8077985317159334 0
0.2784098976003386 -0.1774824869007467 0
0.7770335856821411 -0.05113174180163158 0
0.8980404933524622 0.03751481526030951 0
-2.404375877394124 2.600765621693718 0
0.7517400622467965 -0.03889053410531541 0
-0.3330587476385964 -1.154002230059621 0
0.9153330627099028 -0.468237141622127 0
1.149182321058071 -1.492031234231144 0
-0.1226960167928126 -3.920936405077352 0
0.262144745806999 0.2550384990428836 0
0.6849739123565585 0.05571898971502949 0
0.4903927916477939 -0.09963209324837735 0
1.072401323252397 -0.8388887185468615 0
0.8828709670267595 -0.09718551861281378 0
0.3254576638423544 0.1110406749958414 0
0.967877406403205 0.05385064894425805 0
0.1426132895306724 1.114403036078255 0
-0.06272004548988451 0.08824181526651249 0
0.7675296028629199 -2.311463332668648 0
0.3652286168300372 0.2414358671897825 0
3.576308678280976 -2.229418446077404 0
0.9326889723530319 0.01709742716769523 0
-0.6664187691719675 4.419903166012556 0
0.9778179601669192 -0.03943326340116321 0
-0.07967475791312885 0.06607015972781795 0
-0.1112775144016877 0.06959608422698123 0
1.218428383088893 -3.656225025223717 0
1.105196708984649 0.2524859526773245 0
0.6035122577872327 0.8771954469270664 0
0.2400274526340124 0.1803753002448747 0
0.9710341545415913 -0.02355360100839966 0
0.6209107646690923 -0.09109371328177637 0
-0.8283618962361868 0.07073723990671228 0
-1.280249262599553 3.910996306815832 0
0.7675890232816801 -0.07897904394321364 0
0.7640784979093348 -0.0924880679957687 0
-0.4945805619443507 -0.2842587847706172 0
0.1151535093045267 0.248242343013357 0
0.4737225827833385 0.09661802636837181 0
0.7461780446077461 -0.05257448111157412 0
0.9643598852895701 -0.3764246670194471 0
0.6607836375775434 -0.5035492042351568 0
-1.314197911021676 -0.3414282262330104 0
-1.35371285056667 4.404730079681245 0
0.1263016751062776 0.07442103299687471 0
2.538275869049318 -3.952192839178309 0
0.03453601165431916 -0.05612739939822355 0
0.7033031562897808 0.08522858238686817 0
2.619919482282378 -2.100172252706448 0
-0.3254006110425024 1.134834503829221 0
0.675481391909186 -0.05780883351983623 0
3.10984335305836 0.9932967535559665 0
0.05429078100301377 -0.0651585913548573 0
-0.02996184208831577 -0.1832659374244733 0
0.4388244027193688 0.07305960478585277 0
0.8544960075676664 -0.08769095346464173 0
0.3339767904899789 -0.3956706953075944 0
-2.526772259637499 0.36860899787119 0
0.2956107286765416 -0.147476147520227 0
0.2049329313519237 -0.06534867022525088 0
0.9167689769385468 -0.1082009578255844 0
3.37825665242861 -2.508026202111195 0
0.4448001627140654 -0.2543062571165191 0
0.4318557144652518 0.09133855955168453 0
0.4616170057373329 0.1421567506907614 0
0.7832122735086715 -0.0795531142031403 0
-3.487498860150666 -2.227994917319563 0
-1.066457454082335 -0.5068731184417864 0
1.125732053382705 -0.06159859590831543 0
1.73378169731891 -0.1908336969393684 0
-3.519714538406945 -1.468303207849518 0
0.1043771675411257 -0.1130655510688907 0
-0.2421549591982743 -1.36076304912777 0
0.09573379168479636 0.0985611852394718 0
2.189146731239984 -2.6424249254761 0
0.7428177817539808 -0.08169061317241347 0
0.7182513059115739 0.08060071549032038 0
0.9183117561545071 -0.2199610074659753 0
0.5100499958618239 0.08825118314922731 0
0.4420601699581109 -0.3107192467366524 0
-3.068728990289572 -0.4961766068659275 0
1.063835354851682 -0.9529671196319102 0
0.2827875702796669 -0.1054241683177238 0
-0.3244021342640676 0.9094529220414439 0
-1.142183773513172 2.551827146455991 0
-0.3108467136228138 0.7704201224523818 0
0.9253112940378968 -0.1699346759408158 0
0.02203917385039546 1.028976202288069 0
0.9873712883100774 0.0269701633842426 0
0.1822818647377278 -0.0801427999291453 0
1.337161109405029 -0.162491455863553 0
2.250999397415975 -0.6723958243971406 0
-0.6766254971554649 0.1586203390925238 0
0.8532708790583796 -0.1796568905480799 0
-0.110993096544283 -0.1621730828752059 0
0.9470661170773416 -0.0737418414008443 0
-0.1779439534256667 -3.560565801151822 0
-2.425940489537366 -0.6072272697456078 0
-3.121312735334783 2.835587903719773 0
0.8156148835904619 -0.04200960719207879 0
-0.1616451578417357 0.5254615083208325 0
0.1849662240585616 0.07794391289756766 0
-1.431650794186296 1.588297627103426 0
0.4421538234325242 0.3099130561238557 0
0.5756697815877798 1.173191974314804 0
0.001223561266595482 -0.6617018480433708 0
3.700831654201152 -3.849650969707951 0
-0.02290862865755719 0.3981110347685808 0
0.5842598814924774 -0.2141884838047846 0
-1.582329531999786 1.71216088033171 0
2.59635369530809 3.091592858261659 0
-0.8570398926662297 -4.424160636438257 0
1.041538725819843 -0.07746392240745165 0
0.3973531115322708 0.07992815556490912 0
0.9367098731759362 0.06839607480897499 0
0.5612407594586999 -0.06763442258201811 0
0.3349849032214445 -2.323312486537081 0
-0.4327917400101384 0.383601722223162 0
0.8974862118647418 0.1955279362050937 0
0.825064720413338 0.0434243823420033 0
0.7112728408470994 0.05604699821008602 0
0.3208583058107187 0.07833084921683503 0
0.8739173701074788 0.05314394152927934 0
0.8403032067767358 0.8204665019738238 0
0.380250466626569 -0.1577196980630957 0
0.8980289602745634 -0.1985849140639737 0
-1.394853798860379 0.2808222816748254 0
0.970317460698399 0.02276957357797307 0
0.3576396690870605 0.1179069543085061 0
0.3962412764549057 2.41033726639267 0
0.60553905355532 0.09182793295340948 0
0.7869251724976307 -0.7290045996041343 0
0.9304903878367122 0.1773732947206825 0
0.6474329975908644 0.7269425360048567 0
0.5310452631279761 0.07141424303811275 0
0.01082974948971742 0.1787479335782776 0
0.9914539519705238 -0.009055975877501992 0
0.4298787838515366 -0.08626825600820563 0
0.7495327201446171 0.459661337579512 0
-0.1632404462247456 0.6160455965502576 0
-1.894105559139038 2.067511582709255 0
0.86474707603498 -0.140221063294837 0
-0.6354236698277789 -0.901731224682436 0
0.9992781527301391 0.3595335349397595 0
-1.042158746054155 -0.971375131147673 0
-1.035082783575695 -3.387286977770862 0
0.2327348569003491 -0.08519255469419021 0
0.5676884760457688 -0.05572563393004978 0
3.364269421902943 1.468435696231793 0
0.1352614874628727 0.1050842992787658 0
0.7744941816303569 -0.1145009675330195 0
-1.729121691124823 0.2724428360481847 0
0.0003539373271338593 0.01806585902489385 0
0.216485106924393 0.07564784492059726 0
-0.4291192765387116 -0.3638173630595416 0
1.012991320086185 0.03658746308940578 0
0.3296903889303993 -0.1899671800904376 0
0.8289751514341251 -0.820380360993654 0
0.418003582495361 -0.1964000090117234 0
0.9593148061027873 -0.1508871611355375 0
0.800243171267176 -0.04572743626365082 0
-0.03660973972677181 0.02505256194008203 0
-2.263681614971425 -2.278564803239852 0
1.32439240006985 -0.03569198911284772 0
0.07937735838574358 -0.07392441731641526 0
0.5084112934656844 -0.1159276223761546 0
0.2749524590729026 0.06770352979680699 0
-0.2204335089218966 0.167138677793643 0
0.5908149420154034 -0.09481352465114147 0
0.9746249883405789 0.03993204184526966 0
1.159276842642146 2.837572773882527 0
0.0006915362422355788 0.2098994677179236 0
0.2165403490123768 -0.07652736960159259 0
0.5966107124520936 -0.3329673117275377 0
0.3190049894884047 0.1475759207976597 0
0.3437898426993483 0.1972503113688254 0
0.2953632861897534 0.2782860703637822 0
-2.412538345076553 1.876583390704389 0
0.8851929123033092 -0.1560109960949413 0
0.8930832915926142 -0.03756232345159585 0
1.711094891354623 2.29152179075501 0
1.908114327366806 -0.1133665887939741 0
0.2395864747256982 0.2113230778658755 0
0.5791740535724217 -0.3845965292879412 0
0.3260616494443614 0.3890944102725731 0
0.3037699816284271 -0.09475878075287282 0
1.152721076491096 0.1440844789083707 0
-3.702859610512226 0.4271244996947289 0
0.4116800000222725 0.226464054481996 0
0.7298874796201125 -0.081201119734875 0
0.2604187708184514 0.06738334568009408 0
2.090255916988505 0.1533816344981795 0
0.8157293829205353 0.154117914579834 0
-0.5914324233163915 -1.717640638546193 0
1.932306269252909 1.840952130517835 0
2.224598828648719 -1.271840297314399 0
1.344297707688367 -0.807846673110897 0
0.4647407352435315 -0.07485810556358526 0
-0.2270867149328607 2.340831726365857 0
-1.522634632005174 1.018681166644759 0
0.7136741622727683 0.2957608616037907 0
0.6916282972723018 0.04437700562079718 0
-0.1675585583210989 2.647633302535821 0
-2.261461025628066 1.36530352460985 0
0.06163113502904407 -2.357771534666165 0
0.865702987882829 -0.02573445581575628 0
0.586462745510999 0.1076705895121913 0
1.299412669401779 0.3606445437185455 0
0.03194490553316443 -0.2730171475302624 0
0.8645681967227022 0.2085917414528103 0
0.228904302622532 -0.07560729575201655 0
-0.3568499764847556 -2.455065544249834 0
0.6117522054877349 2.137973473810688 0
3.613358348646426 2.308525378708502 0
0.8283404701823196 -0.07673256164982814 0
2.445951318181816 -1.750201779627138 0
0.2098516942621961 -0.3070939829886751 0
0.7122662305144207 0.2214488812325086 0
0.5924569688975677 0.2333832979068969 0
0.6387255284794063 0.05874099157869546 0
0.9012486186340215 -0.0466462675681326 0
0.2476948461387984 0.07988640973817068 0
0.4945980479937375 0.1560832961465808 0
3.059951157076226 2.159732534596004 0
-2.645099163523441 0.6183652972806732 0
0.3939367423866279 -0.1387437392533701 0
0.1668213287698592 -0.2980068540148458 0
-1.534687028757634 0.4200651723729774 0
0.5507745269189295 -0.322159916984342 0
1.003181612859287 -0.2734985443414656 0
0.1073024317822344 1.595585972003272 0
0.0004925647583984612 -1.42666483086642 0
0.6525510334405972 1.441986076131967 0
0.6831985862332175 -0.1599458781152551 0
0.4450556519132198 0.1480963788229261 0
0.9078201362425267 -0.03075624596066979 0
0.6363989557878313 0.2447236688037342 0
0.1751074198275704 0.1065353194049137 0
2.13407513929803 1.207410141978048 0
2.955666039912811 0.5423855237759858 0
1.635288979534212 -3.522310584423291 0
0.4001182053716573 -0.807688991866242 0
-0.1073532952887739 0.01429473525606268 0
0.2563916689972637 -0.06763259606516228 0
-1.033771948203537 1.580981883080304 0
0.8289528508885329 0.07908905162567301 0
1.220114846788854 -0.4123989306449361 0
0.4411691504210979 -0.2017747874530636 0
1.173068350315618 0.3866000850110052 0
-0.2678926015036321 0.05479201637445284 0
-0.5698501200896088 0.4878005701199513 0
-0.1404096038866746 1.715698443030795 0
0.6089905914088929 -0.2574945237341472 0
0.4689107666260806 -0.1133611585245788 0
2.202192585284962 2.2227441850368 0
0.1459824047768794 0.1765322622902169 0
0.251713574024593 -0.1025474601145436 0
0.924313212202545 -0.02777091474794071 0
0.2166843455205055 -0.1146956673956508 0
0.8426293487777716 1.642795176935914 0
0.8282066935360484 -0.2538253999114577 0
0.9814541607017945 -0.01933204739803979 0
0.2839318636490712 0.1067322966437273 0
0.792950156419933 -0.06254579647124839 0
0.8374248652899414 0.1003775632096462 0
0.1718758670290398 0.4064332699093911 0
0.8636915982805111 -0.1120705850732464 0
1.163077867743864 -0.6904880977625251 0
0.3701678026203242 0.1010045451015884 0
0.8013196541177428 0.9388949131762026 0
1.931913289849975 -1.449499380356222 0
0.4242921602980343 0.6414668688408185 0
-1.292086536799101 0.7735302171036909 0
0.6579831139800801 -0.0829795883539831 0
0.09769157446119439 -0.1462326847303294 0
0.5844441393151515 -0.2368839701201084 0
0.08725079548294259 0.06092176039156159 0
-0.80368984909205 -0.7055305868831048 0
0.3426743551860447 -0.06736758560285926 0
0.6070055077856998 -0.1082938191482476 0
1.340543903870858 -1.729895777259895 0
0.5651285478596211 0.1198901721671818 0
0.7355998089117854 0.0737426678887894 0
2.332246408401358 -4.425140292844252 0
0.4042993447322831 0.1075803146103818 0
1.856604436338215 0.9064910223008251 0
0.5425265472093963 -0.2296887838117229 0
0.9825834776645328 -2.207829166864679 0
3.635062785772874 1.215451454374773 0
-0.7583491785955833 -0.07688467632671542 0
0.6320686579290009 -0.05010546538876029 0
0.5654682289803961 0.1406002722575254 0
0.9433977429261169 -0.1339493601497706 0
2.378292351689571 -0.1124844109538665 0
-0.3562540453770253 -0.5432238991728997 0
0.6116286068874024 0.06592548241923334 0
0.2348604780649536 0.07745562457428032 0
0.1185305537081029 0.1018335499164372 0
0.813417541130421 0.344232451219712 0
-0.07444410374963628 0.03845147599540585 0
0.468084133634065 0.4176634138913906 0
1.00265430506381 0.008346921197306846 0
2.59092819981229 0.731421210666751 0
0.5182535185850954 -0.4302949344813677 0
0.08323690705500322 0.2637109051136548 0
0.1212915023454878 -0.1457680797876514 0
-1.021426671194927 1.34363940987954 0
0.2731615433432467 0.1859206597924772 0
0.9233972171177143 0.0288970111204176 0
0.6014805727692419 -0.533399786930841 0
2.631211788649205 3.87366879384429 0
1.50736524740414 1.183901610929851 0
1.23537452294172 -0.5564511608926899 0
0.4026999204027956 0.4362266726458148 0
0.9315379009394533 -0.5609975023849114 0
-3.612742966383305 -3.909516575225507 0
0.3318313674656541 -0.1107011604915517 0
0.8577732530095059 1.130878995361808 0
0.7627762327993565 -0.8711626617607131 0
0.6139826418598211 0.1161015464490783 0
0.6849249022450634 -0.07015584154699159 0
0.6209134373291222 -0.3987039073582623 0
0.4037212729081937 -0.1139013107840512 0
-2.219861266107829 2.208529209561974 0
-0.03333509578864755 -0.1164634372470795 0
1.161947642231357 0.6034287247501093 0
2.480706165754937 0.1008324239314157 0
1.012000941547814 -0.1977710047032874 0
0.4367943011269125 0.1307636339397318 0
0.007299833316527305 0.0934292640876625 0
0.8521395306655238 -0.04812501249977753 0
1.069351371289122 0.09767173189244169 0
0.9135172050539602 0.1034962501446062 0
0.1172894398008947 -1.06325846192815 0
0.5684193885098483 0.1005983736236983 0
0.4510851595967911 -0.1507918390183914 0
-2.692462877218084 2.983298965337557 0
-0.4212559317723756 0.07991548356749822 0
0.2060123677059863 -0.1044903083972198 0
0.3696497266217851 -0.1051640465491535 0
0.6659848665241193 0.08091819095596281 0
0.4815981384289316 -0.07140811079656766 0
0.2826853851054743 -0.4327743004878647 0
0.5501249550821392 -1.749977958190692 0
0.7463807130241983 -0.2272202543369222 0
1.042493118679966 0.1224865887712525 0
0.68552215860285 0.1588143624601258 0
0.2455255455444582 -0.07928367837979075 0
0.6355897585041195 -0.3453094172230363 0
-0.3281974211545526 -0.1095769765478695 0
0.5502145627907191 0.0936638554804303 0
0.7859887489652514 -1.226337074083627 0
0.3147607247042463 0.2427590042886579 0
0.9815835708938314 0.01885967624302748 0
-0.5399924462263502 1.191384271836582 0
0.5588569405778357 -0.08335087329720625 0
0.4414116458245927 0.09884603237151587 0
0.62877656624381 0.3219216115293059 0
0.3127732031932862 0.06823764563334768 0
1.84621354923168 0.1992871834085833 0
0.4644493041444342 0.3386168742119389 0
0.2551405921654902 -0.2562872519601973 0
3.201159246195462 -1.978011069691261 0
0.148864647134948 -0.09259147702238281 0
-0.1507909172442335 -2.968794995467505 0
4.637131307052468 -1.449217949076395 0
1.003460048260673 -0.07693133786313909 0
0.178496119674879 0.1625790358978341 0
0.2757357300648726 0.08076687699266871 0
0.8396221102902586 0.1606221148417866 0
0.7986689761284116 -1.708243911751672 0
0.7340967977242459 0.7653884714376678 0
0.3394198048148503 0.1747553880643507 0
2.883148331198009 -0.5423816244474515 0
0.8924782308166728 -0.3946934703441708 0
0.3571866819926287 -0.1151089561448994 0
0.5911211245880217 -0.06501190599796616 0
-0.06139241233064714 -0.3188020771539264 0
0.1593980753275385 0.1068626253266259 0
0.9020321784767825 0.1182373987397305 0
-0.3749531306875322 3.384015650875007 0
1.297105350281448 -0.3077804757572865 0
1.332955950855563 -0.3762976397824992 0
-0.04307264858693545 -0.03343397108441009 0
-0.5763029536576365 -0.1852109667577849 0
-0.05674695848247573 -0.07336536466029252 0
0.9570387875093085 0.07542977836522016 0
-1.54607164439299 0.8480890054238448 0
0.1031224310053362 0.06940003268046695 0
-0.0650327813898663 0.2523816040788418 0
0.1948502373261554 -0.3621310450042282 0
0.8694431327439827 0.1399138064159438 0
1.054416124033824 0.5662264893880673 0
4.198342713377268 -1.166670066507713 0
3.505713552974043 0.4291489957472907 0
0.4971444153146373 -0.07465370312293808 0
2.61080094610209 2.510677913001071 0
0.68665402638169 -0.1022548193046527 0
1.524494707180528 0.08595532405933978 0
2.767535302510399 -0.9986439552727924 0
0.5244244452186373 0.1206747068367374 0
1.648019205599778 -0.0872165464505103 0
0.9706895395809811 -0.0465240243884268 0
-1.239231305427635 -0.5280398649719739 0
-1.479536034546369 -1.528035483776503 0
0.5472999113973884 -0.06987391273261361 0
0.7288494700130086 -0.1753080703762936 0
0.3671296088249013 0.749276046817265 0
0.4718805763906489 0.1160464721467749 0
0.07667765856905318 -0.09949983310681879 0
-1.720962300421664 -2.693578536355761 0
0.8156256062784042 -0.2001986235124593 0
0.5535827790104503 -0.7527713183614917 0
2.3988279162373 0.3161336226965102 0
0.8755442896755321 0.02412628097282969 0
0.5434930535544835 0.1747096466360598 0
0.6945276576266349 2.934479630016527 0
0.7165264754007442 -0.2401414350301712 0
0.9298331746921339 -0.01671076252402811 0
-2.071492434734857 -3.097331435428352 0
0.02178763099009849 -0.3665789808719347 0
0.1758477438036604 -0.2589541137658969 0
0.9507838276012016 -0.05587484673285509 0
0.08684315506072809 0.1273071122387402 0
0.7983966665204764 -0.1414474034205259 0
0.7223043828330951 -0.4513820599450228 0
0.698555469681328 -0.1503804428262114 0
0.1312268684840694 -0.3753599632366027 0
0.6912431029991331 -0.05785203196888429 0
-1.862455721018368 1.242585361119863 0
0.946430859835117 0.2693678258623268 0
-2.177787357848171 0.339324151468186 0
0.8235522094711724 0.2307079401368138 0
-0.9689202720080015 -0.01944395657206385 0
0.03801062766071757 0.7459035667399011 0
-0.00100627433500052 0.2503298474980538 0
0.8828489215655355 -0.04579274510892557 0
3.077505078859199 -4.044116532401025 0
-3.129018777889795 -1.14219513793379 0
1.242044095400107 1.407618147759675 0
1.343594595518531 -2.693651285615937 0
0.384063167669265 0.1026934585642417 0
-0.153848021375185 0.162401628540251 0
0.3831129185213626 -0.1002315944940237 0
0.6464926445376279 0.09262765506532722 0
-1.478571376195624 -0.6329719767044912 0
0.8157900413584142 -0.1114630152414539 0
0.3710184155219337 0.8717877882479662 0
-0.1312435747453632 1.051529769966499 0
0.6304508130228292 0.1246607373555169 0
1.516280202537538 -3.170725262860378 0
0.4329428152478614 -0.1380395737498866 0
-0.2832553382495319 0.52260148208914 0
0.968418497991566 0.72882084307516 0
4.057158624907383 1.687314934153467 0
0.2040792608218936 2.969457710335057 0
0.511421868321536 -0.1978407323982293 0
0.4401016839770451 -0.0769165004964396 0
0.302854365589048 0.1096700320827169 0
0.1395401208503536 0.27049782698999 0
0.2352865766410881 -0.1970440332909086 0
0.5155379820138131 -1.350592624877213 0
0.2049222604279612 0.1048397858872711 0
0.9482846135274023 0.09440371123982318 0
0.3082521432820186 -0.1557167631403909 0
0.1714768082647274 -0.1322130659011309 0
0.70331025197213 -0.06472196100594955 0
-0.6924409405975388 0.6463660558809584 0
0.9498719829420473 0.0374133806616295 0
-0.05477439077933631 1.230496093193895 0
0.1244997788990069 -0.2464421142215982 0
-3.638859655781768 -3.287048073121805 0
-0.7145910955915636 -2.341694000399521 0
0.4576734760593532 -0.06339732316471808 0
1.434719593762923 0.9852737000365358 0
0.006724892734602587 0.06827528217069616 0
4.307410751139439 1.995507953100581 0
0.7956647076943167 0.1554521234765174 0
0.6170665306089478 0.1449314902323904 0
0.3682039256605105 0.1958578271206012 0
0.6925769072654976 1.916189229720168 0
0.4992601022825598 1.398454876108971 0
0.7837351559217979 0.116865261251342 0
0.4795739245348916 -0.1547224779384798 0
-0.4961736164295403 2.071279252765078 0
-1.079371914629516 -2.622463248112042 0
0.2295274667710795 -0.1053992399890881 0
-0.325703261447199 -0.9149355083736171 0
1.126350058959294 -0.2965975964744805 0
0.7120015188883552 -0.04213116045856853 0
-0.9235428729026898 -1.985935365487072 0
0.9900571087928882 0.04918641818371496 0
0.7215760522178734 -0.04129518032786135 0
1.763417715264309 0.7090932404464531 0
0.3557585230200001 0.07659684260124136 0
3.264389047079024 4.440788851531789 0
0.5091124847845949 0.2908183959897088 0
0.8886329029186917 -0.2512773289308886 0
1.378987071475331 -1.065841375541946 0
-3.620811052740443 4.00832808836959 0
0.4713989549155337 0.08560629155380726 0
0.1679238506368431 0.0606499753653538 0
0.7340258855786412 0.0615792698071092 0
0.2172947314421274 -0.09164028542286373 0
0.7849544986037211 -0.0681748950800002 0
-1.702203624900685 -0.9298419385089806 0
-1.3237431331077 -1.18721119217829 0
-0.09841227198449834 -1.879596308926908 0
0.4113633715599916 -0.4731323753132162 0
-0.7875355380813096 0.7723784763131278 0
0.4060589159152936 0.07667239054562357 0
1.023985735989732 -0.143576564223531 0
0.4214916985865677 -0.4099370935995916 0
0.2593199128214869 0.09438150501618371 0
0.009560689163977065 0.1461123469405902 0
0.5290631811988811 0.1022211712553103 0
2.547697028342922 1.193223864503096 0
0.06732074812481406 -0.05766419995823289 0
4.682779188588094 0.2555571967636965 0
0.518456191480235 -0.05863516735511169 0
-2.202875959016843 3.280561019362121 0
0.7019045437709921 0.05374686684862093 0
-3.692065107064372 -0.7702814325834881 0
0.6262278326891396 -0.1637339470391453 0
0.2048363619910137 0.2523484266192729 0
0.9150535239990171 0.0180571199206923 0
-1.091393325149089 3.353725025696366 0
1.87441581618749 -0.3880397246915073 0
1.060849145095665 3.288274717296511 0
0.5150368113560926 0.1000200948052157 0
-0.1171565269353852 0.4227906693634423 0
0.4117258250092243 -0.08578226948571935 0
0.4109632661017519 -0.09523740933557895 0
0.1709069468641713 0.178677812125965 0
0.6720685353049475 -0.08139961512727056 0
0.7587450685064737 0.1208523480343209 0
0.531746967120745 0.498064254335394 0
0.823518745072412 -0.1441997335664099 0
-0.9434798051044846 -1.67891213504641 0
0.04490748312934545 0.108096191427735 0
0.9119950957172721 0.06037055354806614 0
2.286751715240475 -1.524208448925832 0
0.1873001947641519 -0.1165446266655137 0
0.6750701008807262 -0.4221351981830234 0
0.6575084758224652 0.1154121811679988 0
0.0642089337133675 -0.08039503355737268 0
1.107196607805466 0.3075406323470718 0
1.074018679978734 0.3351348158555801 0
0.9992852646753195 0.02072034651481811 0
2.590543635438113 -2.550539680609773 0
0.5897151003770604 0.1652670049896118 0
0.1100429134417562 0.08431457076844839 0
-0.1887998977329601 -0.522321140882722 0
0.5025699844409928 0.05895942511723502 0
0.5272279935856276 -0.05787690932161892 0
-1.523666411872048 2.954546911793811 0
-2.818659323948542 -2.450157086501849 0
0.4427699229528501 0.1702648421266154 0
-0.834213346493782 0.2661318445878142 0
0.01949210010423967 0.03042801644954639 0
0.3196876199677873 -0.07909916432083938 0
0.5617619139787251 -0.2507683312450781 0
0.7980478984111307 -0.4938726337213589 0
0.4240308274963979 -0.09947541314947489 0
0.8072531567104758 0.05633139478562906 0
0.1283166412806577 0.7122687620117333 0
-0.3941141811906639 1.427375036741598 0
0.2151433373746511 -1.310816305749901 0
1.018090173265995 0.01240778454615297 0
4.190370497818913 -1.826100036940796 0
-0.04331897907212608 0.5755147583262914 0
0.6677881320365385 0.05808725816019988 0
-3.203384309704666 3.386345988156593 0
0.4188045831505925 0.1008777478158164 0
0.009637295389812464 0.3362052301824072 0
-0.01216735909178455 0.900899275472166 0
0.8402476746748334 -1.932146761300901 0
0.3975933762490531 0.06385931321351174 0
-2.867366606463629 1.496559984935587 0
0.2850824277716929 -0.8108967523288271 0
0.4739851430110228 3.07753395032548 0
2.144981404497414 -1.940278011004815 0
2.990636259306115 -2.930760909175978 0
0.6754808601460717 -0.1286096145935142 0
-0.9076956243002812 -0.1865603344202386 0
-3.181950962946509 -2.673528812219717 0
0.4957381953468685 0.1309324252212926 0
2.082224197254252 0.9590346568701118 0
0.7410153653743842 -0.156513522248198 0
-0.136366440318829 1.47729161044586 0
0.5860724095951418 -0.1516393713743713 0
-2.999462565546341 -3.043996797786512 0
2.073922521506979 3.365486769157899 0
0.3391600136937915 -0.5261325957687836 0
0.8408528067321817 -0.06027046696968755 0
-0.6298981804956985 -0.559399175018074 0
0.7952615920094659 0.2454951923218608 0
0.7688823523332824 0.1719682235874242 0
1.74627927701754 1.229945046408819 0
2.413110947575497 -3.016816513710528 0
2.138614517440631 -3.227967543607329 0
-0.1367755208260731 -0.6281314260527027 0
0.2273662268811809 0.06562241465603548 0
0.4969495696901206 0.3403505618682544 0
3.114840013046206 1.241904398615021 0
0.6926120559276645 1.216392120236415 0
0.3954834948723028 -0.1713538891016498 0
0.7446570897994248 0.1429726717216724 0
0.08288328191440548 0.04999876288488379 0
0.1953354136912923 -0.4306600084584762 0
0.1502465546467382 0.09115536282597313 0
0.9415103086968589 -0.3035375483586353 0
0.4482213552479472 0.08194232854142611 0
-0.002268487041493099 -0.1601298996094288 0
4.665003040303286 1.007631465337951 0
0.1065190918000344 0.1818734661920844 0
2.68820983163797 -3.131013530694757 0
0.246073526630508 -0.1188393325300712 0
1.104057412706164 -0.5521156562869987 0
0.8471421117903681 -0.1621294568783104 0
-1.644941289572457 2.562977667127133 0
0.4921712682433694 -0.1761244163136368 0
1.551243923554055 -1.267403254838633 0
2.337443970540825 1.948273182681576 0
1.067885390721959 1.055380046653099 0
0.9708967864911143 -0.08820220605997788 0
0.2175918430365071 0.06529507789009892 0
-0.6979418755697426 1.165258744930201 0
0.7289910421424817 0.1124021641195764 0
0.980618595930055 -0.1411438348087903 0
0.6680326508647927 -0.1827427987974903 0
1.109060329865371 -0.2066681761664995 0
0.1101576567097814 0.1287709296213537 0
-0.5393923513461523 0.1450904280009045 0
0.7598151622915662 -0.1144354154261229 0
0.8984683759494283 -0.1389505388516742 0
0.6834820001801192 -0.0542295363649903 0
0.5798982443470296 -0.08820774655000821 0
0.5954895427613356 -0.1783297013655429 0
0.7612391911540648 0.0638984015924571 0
-2.410176529005891 -1.602224408071997 0
0.6549044503628156 -0.112691021111877 0
1.519404861001618 -0.9275223842408922 0
0.4784473914970623 -0.1954904190147718 0
3.032089317345422 -2.391620207669657 0
-0.1494732367844843 -0.1207637497992635 0
-1.165058421979864 -0.08611747469058308 0
0.03772651138289828 -0.07579864590088384 0
0.5946414409450862 -0.126510243679689 0
1.180451004707621 -0.1009957033496908 0
0.2046077746009355 0.2004141829232449 0
-0.1757420483940132 0.1032428947238171 0
-0.1888168035955319 -1.608144516676435 0
-1.477505614203096 -0.1091856015235335 0
1.634264671992282 -1.62585179687802 0
0.6205294959229068 0.38873143027469 0
0.5866554649111835 -0.1092775391256424 0
0.9867407678984466 0.1477834389734317 0
0.5027108689045207 0.2404110880565674 0
0.001255813708526889 -0.01755660405588467 0
0.4409213721999032 -0.06292746738663278 0
2.754578451343164 2.210683803890393 0
0.7452463475948825 0.2418326084055206 0
0.5950956728192149 0.06170597286208736 0
1.091596072436885 0.3890932132698608 0
0.173857712196465 0.1932959146150206 0
0.9496375542079701 0.04918349038136036 0
0.7232932940105574 0.09473530711626156 0
-0.4771475666299171 -1.408402455158813 0
-2.195010302085679 -3.538959169320584 0
0.07794881240270574 -0.06295146593458201 0
0.3663070697796874 0.1163087306225281 0
2.761486295685804 -3.493882623319663 0
0.7806015666135823 -0.3050713550456063 0
-0.03956430833553926 -0.560852004293386 0
0.6467609857844904 0.1425431890416596 0
0.9720498662926672 -1.299167488534216 0
0.372946206660424 0.06496666665279635 0
0.1140099009780165 -0.06672735568870035 0
0.4882489649270982 0.08189783518249777 0
-0.4420685832318292 0.7439406665780635 0
0.5573217572224418 -0.1511684464460809 0
0.846327769883503 0.06497207209572431 0
0.01084376324456152 0.5929219806261986 0
1.178414138331346 0.7658102304696885 0
0.6308510631660699 0.2004943633022539 0
0.1433128362078713 0.06900134771064265 0
0.1489134508635767 0.1162787887422647 0
0.2661505958938482 -0.3079949184460147 0
0.9655341592730217 -0.2452093677473844 0
2.646664967684984 -0.5079262217434771 0
-2.276514613367698 -4.453458550767181 0
-0.02090585785565403 0.02720302264906431 0
-0.6342020167418337 -2.068576312812121 0
0.6940256715308708 0.2396157442331504 0
0.2495177916235896 0.8392227350697816 0
0.6887571823738878 -0.2539005897972678 0
0.5672962480965377 0.1913753429619208 0
0.4762398777896849 0.07444011844275818 0
3.875324822904282 -0.8121081355867148 0
0.3835136969892573 0.147260284346727 0
0.6440373857005355 -0.07547422769304943 0
1.012560008174095 -0.03817926925756279 0
0.6359613851404644 0.04953038006518058 0
0.545965724396309 0.06629143684271277 0
0.2369403954919133 0.1448160164969967 0
0.2165462067801653 3.480932548214658 0
0.9940056123211588 -0.05345811420425814 0
0.6026036660931685 -0.1547670109545499 0
0.4643333862133989 0.1770736328857942 0
0.9165308058936432 -0.05876023186315629 0
0.9708802790305702 -0.01153397134901363 0
0.4736176654406395 0.06134675871331344 0
0.7655811323920274 -0.1823493839618932 0
0.6320405516637475 -0.1099849438377099 0
-0.1296088299717353 -0.0365328472782856 0
0.6492017114132861 0.5966687245922366 0
0.7371419894270672 -0.2722681772511757 0
0.1938416043855933 -0.08578823005764677 0
0.08939625871585072 -0.678170887180689 0
-0.8316451071649876 0.9906865006535572 0
0.8171379740331164 -0.0309760062606534 0
0.8856302068138648 0.4189308139605019 0
0.5480812179154351 -1.188032118619339 0
0.05222738937138948 0.05621144613906186 0
0.3797678750770291 0.07510654839485092 0
0.6289212633319275 0.04997026616593605 0
0.9785111587961222 -0.01049941032932628 0
0.1265776570509951 0.6129345476618102 0
0.01003579269817033 -0.04914084118785501 0
0.01597736919766075 -0.06250852936353635 0
-2.615396436276152 -1.036626297258327 0
0.6321759027674649 -0.07320432791112784 0
0.8240999432901781 -0.02994807533427058 0
0.95798689365534 -0.6294580446311071 0
0.394838776232991 0.1278371695688659 0
0.1075136507697095 -0.2898333025896203 0
-0.4283361341482623 0.2076190196291411 0
0.5259784974570714 -0.148589310695796 0
1.175718221310019 -0.4900538245081622 0
0.9225571607610026 0.4091093736272741 0
0.8053150845576225 -3.247508638130497 0
0.4273666252318659 0.06225154145042288 0
0.8602429466372903 -0.4676188511635924 0
0.4652996370146859 0.0711913617179242 0
0.8981843561144639 -0.1138765668150973 0
0.6311691829871178 -0.08846353714161352 0
0.3007127231828318 0.2151797432935812 0
0.2215217796043601 0.6646097643481048 0
4.158008111285371 3.521202183177397 0
0.6639200685285679 0.3414761480138995 0
0.6915509342618892 -0.0415398382627294 0
-0.01621883576075891 0.1147146048112108 0
0.7874522782813972 0.09221588902695696 0
1.053273275178851 -0.1967622397490282 0
1.013818043443825 0.4895220400063827 0
2.717152195241143 -0.1519715150813379 0
3.543534235930498 -4.394200946945624 0
-1.971648940562843 -0.6436411603470937 0
-0.235838885895075 -0.6643586669175043 0
0.2601703156147778 -0.1669815389288146 0
-3.001542645198288 3.919738303314679 0
0.1929204466849159 0.2351664215401708 0
0.5061610005837668 -0.5118796998536738 0
0.83980009844446 0.03766200149816733 0
0.0361402606399163 0.05118544625639909 0
3.627640487504229 -3.398817367780652 0
-0.006022233533708816 -0.08829434605784664 0
0.3045170867880782 -0.07589630229407648 0
1.516344436705506 -2.630936648947016 0
0.2882365616883508 -0.1211272869775527 0
0.2748837917993836 -0.1272990625953241 0
0.138119736428942 0.05754695470312098 0
0.4757978718858069 -0.09380859389259009 0
0.253801534212774 0.06586747451596692 0
0.6612957758301602 0.09568399863745086 0
1.285343095358312 0.2025090188586651 0
0.5819565596213976 -0.05219103958977211 0
0.9055669768583418 -0.1792142789525147 0
0.7659257954711522 -0.03489273154578931 0
0.4625853565715157 0.0610624041974839 0
0.5078723334260395 -0.1589453793434606 0
0.5786725332607382 0.08265231197001469 0
1.003586469186003 -0.09459204938356432 0
-1.021928280234302 -0.3780067900658437 0
0.2729445778692284 0.1008475545072169 0
0.2839580017639224 0.1241497684153415 0
-0.4513811561365538 -0.573232977253912 0
0.6614700810938794 -0.2038865636379217 0
0.4869681879774129 -0.05876754110035255 0
0.5369970008694231 -0.05565118466521333 0
0.2815781835537848 0.06637501498119598 0
0.4027812819484425 2.091817677806432 0
0.4566647802831438 0.09700413692782472 0
-1.194161483717078 2.209719588549153 0
-1.070294810891734 2.872279385685738 0
0.9001338981027668 -0.01951846603175392 0
0.0237821139304758 -0.1187397108225739 0
-1.906318210307479 -2.038697356156686 0
0.760183027086701 -0.04655143501601203 0
-1.372351822298823 0.5991163298341627 0
0.8453067403248266 0.02584946212294406 0
-2.784686179756067 -1.403616008817563 0
0.6483397048293212 -0.1691913339813811 0
0.08050869353091848 0.1846437515625403 0
0.4230914284207937 0.07333091413452666 0
-0.2866903331702437 -2.163909440174934 0
0.5519968449974564 0.05458031021980406 0
0.6018858447010069 0.05071833184086166 0
0.1512322572853101 -0.1344694492855986 0
4.679671749674868 3.238632451435116 0
-0.183613706273674 -0.363240121608713 0
-0.004105086417193196 -0.007207580324658075 0
0.4371889643317282 0.06360294797557559 0
0.8627344195744915 0.07178497556376454 0
-0.7279209964827312 -0.2951555172947063 0
0.5194559782682956 0.1778792988929541 0
-0.001871596088223577 0.03597345339919615 0
0.6767727010963454 0.04433276491684369 0
0.8505517472087303 -0.02580837189678626 0
0.3776549932185979 0.1228481747323206 0
0.3280848134468293 -0.06511460206054875 0
0.2076865285084 0.06377365375497059 0
0.241008941440777 0.45946571356574 0
-0.515051285051771 0.0915173203373876 0
0.298094006028664 -0.06533130913536794 0
-0.5992415748410629 -1.134715431371639 0
0.7909885054110193 -0.1574712661372251 0
-0.3891595406496269 1.595126213343356 0
0.7314604350260105 0.0390984135454144 0
0.6605847247219083 -0.05620844002590333 0
0.1444135122508389 0.1568490044592034 0
0.3697439864859181 0.07822895753929095 0
1.034581739654184 -0.1063005638918847 0
2.18221418941146 -0.8747482788980772 0
2.303123540815597 1.314529206895526 0
0.5717250575315641 -0.09820107859638752 0
0.7809113464664917 0.5490430668536533 0
0.03360919170303218 -0.4800777446053756 0
-1.447645054651365 -2.942777645363098 0
0.2477952887626339 -0.06589722869770817 0
3.179435401399339 -1.163140177472718 0
0.2029815770480335 -1.583163032794607 0
1.369310461635616 -0.2542135144714872 0
0.6994777492439223 0.4186887907278896 0
1.394541364060907 0.2445210144944552 0
0.7729652322426821 0.1453112506389848 0
0.3644071576805855 -0.1336080508489849 0
0.9442618160136069 0.01307867196253813 0
0.05949934290213495 0.07814522996241605 0
1.001972784160679 0.07167677387585049 0
0.3211350056946628 -0.2306544887221595 0
3.032462842270649 -3.522505953732766 0
-0.8238315910522882 -1.278097292999044 0
0.289386355278149 -0.07787789208157236 0
0.912221257051348 0.2262319210129364 0
0.7781131972139248 -0.2607277176111078 0
-0.717448535234635 0.9874593360588317 0
0.4922784831926303 2.6485366003339 0
0.7124348805205819 0.1386431356053331 0
-0.104276131275227 0.1089412149455437 0
0.5325233674648904 0.1838808489029568 0
0.6008228927235215 0.1943787190785303 0
0.9216432241695811 -0.7564790523445326 0
1.14766587310288 -0.2372012406255848 0
0.1927021736642899 -0.06305102705063909 0
1.296193671824692 -0.4280603052307899 0
0.2019397833942523 0.142193452873286 0
0.01008346787796122 0.02509840394567138 0
0.5109613503285484 -0.3114531758708201 0
1.196927748131223 0.157435978824162 0
0.7946244629535054 0.07185390770442589 0
0.2306021453379348 -0.1305632883359521 0
0.6949232358071087 -0.1893131920549684 0
0.4441449013132213 1.610091479427168 0
0.04252482368596806 -1.197071069189246 0
0.6775985888292935 -0.3666193896058116 0
0.937649784194877 -0.02497426564855889 0
0.2195327463365448 0.1687200263538368 0
0.122708916401685 -0.05620169726296567 0
1.622939331683881 0.458793602814694 0
0.7420457804480998 -0.06538337060785737 0
0.3458326975932765 0.1444618747041882 0
0.8511475509268367 -0.6865927368534771 0
-0.3232456730336067 -0.2269000970837094 0
0.1761741326041 -0.09446645861557676 0
-2.573680798328691 0.08944846615050397 0
-0.9014433658487997 2.200098709151829 0
0.727315831080233 0.1769195232958914 0
0.4085967911088063 0.3221675167458017 0
0.6028658978828193 0.4444999639960788 0
1.046716204610871 1.468091900381278 0
0.688482785661839 -0.5671412856037394 0
0.8558989717475931 0.09102524236357534 0
-0.6133174143297893 -0.3842361294108437 0
-0.6348564183176094 0.843704513216077 0
0.5551095051951902 -0.07171743937693237 0
0.4277823622979752 0.111099251365541 0
1.13190571719588 2.423367526782616 0
0.6549213565983896 -0.09285430123043793 0
3.391739395368068 3.936476782978167 0
0.1632217023239295 0.08821197705126591 0
0.2669153774237624 -0.08551734574445834 0
1.205662238978799 4.473727550959201 0
1.013415326670258 -4.046417134810946 0
0.8218699979921358 -0.06852547867996617 0
0.5843886783033416 -0.07619177733482665 0
0.9319021211097482 0.1122878739695803 0
1.095572279601985 1.193725739686891 0
0.7757049466968342 0.06638022659508074 0
3.820865887916176 0.5327760798799979 0
-0.4845284501929466 1.783291384855038 0
1.059111734784062 -1.867659376550002 0
-1.113602857484752 -1.217895941941465 0
0.8910772359141297 0.09042390010655434 0
0.9937704687043748 -0.2126664269565401 0
0.3338742921744629 -0.3631099321630047 0
-0.3445166212217692 0.2890353659360095 0
0.9097740594891833 -0.3391400335686031 0
-0.07075918340239064 -0.039510543419951 0
1.297130667771562 0.4857776131574705 0
0.1179023740719628 -0.1814543888237864 0
0.4578711946684442 3.261830164884908 0
0.9489182500549609 -0.01403499892438881 0
0.2586997477988368 0.1115790569856349 0
0.7265082407270672 -0.3793318063701162 0
0.8927529927906779 1.376318892003961 0
0.03382400553621524 0.104965183478889 0
0.3988065421240768 -0.5752599156297715 0
0.4410031611771474 -0.1240557407958072 0
0.9002269945874249 -0.08719659462314336 0
-3.175347016810618 -1.72407134199395 0
-3.196500505427677 -1.983220146521446 0
-0.9782102819707665 -0.7650334144919874 0
2.206170797129984 0.5416864807420584 0
0.1434434193589351 0.4932749464848156 0
0.9020576583923536 0.1562644379436391 0
0.189853827889404 -0.09770783346933473 0
-0.4271850574022338 0.9090781562468618 0
0.7086073893318099 -0.292346365323026 0
0.4861472681307478 -0.2329976323700514 0
-0.8079336782903209 2.359598446171321 0
0.7955030610866106 0.1963037178083681 0
0.7928419695343234 -0.0332715400872923 0
0.1925984539212976 0.1658317019735822 0
0.5490866414809217 -0.5684914180157542 0
2.678917303152687 1.8616513210975 0
0.8193908816902118 0.05628011321270388 0
1.995170187221543 -0.7042054519571146 0
-2.450695366682478 0.9160547767150466 0
0.8669428263248355 -0.2283265964062327 0
-0.2893456724145496 -0.5517162262310404 0
0.1084786056072688 0.055325393418716 0
3.506382122107889 -2.759673207439731 0
1.102532122155133 -2.507070974624154 0
-1.812787323929153 -0.09385634133750237 0
0.527362336386062 -0.8426873059655747 0
1.813665768441696 -1.419911608043437 0
2.377792956470377 0.8933663533084315 0
-3.131922612455775 1.370064623692018 0
0.7632538117232834 0.1013626942425075 0
1.196512340326572 -0.9468839338971723 0
0.4529131222871162 -0.3415856355227495 0
0.4380519932779928 -0.2337812963521093 0
-2.904138158909758 0.9396281682846158 0
0.4713340626046013 -0.07838463791033039 0
0.2627952364467865 0.1350007577901099 0
0.7561666935890752 -0.07219124687384851 0
3.713712961082886 3.89367055912124 0
0.9761730482675666 0.08308126460505713 0
0.6406397114845298 -0.1230862924101375 0
-1.263629376081839 -0.02004004998696643 0
0.9713717718508061 0.01085043729200287 0
0.006430702343547349 -0.02143637893798271 0
0.6808047415384068 0.0835587777706439 0
0.4703164072680022 -0.3945125289488752 0
-3.245968844101413 0.8006385457864226 0
-0.7485726716936976 1.847715924474185 0
-0.0630865371533218 0.1406556197184894 0
3.449689200268679 0.9042631726891978 0
0.4459719879221209 -0.103337235756775 0
0.2668874859907637 1.788973154298191 0
-2.042512844479336 -0.8896564990887914 0
1.569859961069238 0.9127216803107178 0
-0.08736845363276828 0.3447946631061552 0
0.5822810750532306 0.1201184504475058 0
0.9783480593284011 0.009985288588481947 0
0.8199810925266791 0.06993861344074082 0
0.6798795185606533 0.5094101001952124 0
1.008269580019723 0.05516002550998111 0
0.8333480475967379 0.05767073691247536 0
0.3960892509250843 0.1851303669449575 0
0.9476469089848146 0.06589982925254287 0
0.3324515764779683 0.07459004182519183 0
0.2277411977252977 -0.06520708299274075 0
1.407793662332247 -0.7459897572147645 0
1.264121215232108 1.140885958906983 0
0.3768432960209719 0.2194311322121504 0
-1.716805098493698 -1.31464414634894 0
0.2672991430859331 -0.06490870636584289 0
0.9151523599201088 -0.9430488082306174 0
1.483222641057897 0.6981631914713048 0
0.1619331224764409 -0.3566730405399577 0
0.03580099191770677 -0.2037548970662866 0
0.3388006875134508 -0.09199658564097284 0
1.264774849338823 0.3052522481235334 0
-0.356288285004579 -0.4433541836046473 0
0.1531240420444161 -0.05898288834873386 0
0.1702061209121397 0.1266658744311404 0
0.1623028130332843 -0.05984003347976571 0
0.06264277990780542 0.1138303428043526 0
0.9314704260587937 0.03450694125516056 0
-2.063807480803838 1.675940155713597 0
2.004358700594372 -4.480649943335611 0
0.7962709784792827 0.03304967651380654 0
0.4511495824254267 0.3637632197043347 0
0.3627786629237009 1.280760234241606 0
0.06217927810370656 -1.781364141409306 0
1.115422606461955 -3.216684047974973 0
-0.05516623871737773 -0.2583194328967848 0
0.1047650324729009 -0.2197455878306037 0
0.3226262149555664 -0.1347090843026619 0
0.6026449249780823 0.1727923254606415 0
0.9385416964977507 0.02478638278987869 0
1.077540889727378 -0.2514606107946759 0
-0.02028577657425774 -0.02027866158056107 0
0.7088865423939935 -0.07640624001064443 0
-1.289431160566106 -0.9849854514601484 0
0.2616083611474974 0.07369257399059154 0
0.8061058391327429 0.03184018017308148 0
0.1177998734161242 0.09252137857311893 0
0.1031622562680202 0.1482327704829756 0
0.773766894163883 -0.2142544754270085 0
-0.5132350446933257 -0.4639764045765988 0
0.9624645005143693 -0.03187351498064568 0
0.2039986373412754 0.08423049008194766 0
0.625295447139137 0.08686690965548932 0
0.2188172145373607 -0.06471872593082195 0
0.7574170142949618 -0.1410740874177146 0
1.17873247475529 1.000552711229028 0
1.126310967321473 0.4870583263545597 0
0.1438973327015119 -0.1085272313900252 0
0.272623362444048 0.07398350643644794 0
-0.1130462508229462 -1.177100029661786 0
4.697549085586923 1.663523695559408 0
1.994186050081882 1.459744345783573 0
0.3686369192258906 -0.06574173536341275 0
-0.904759667519601 -1.54800748407906 0
0.5013869805116379 1.828111370848301 0
0.1289681442289932 -0.07026481125333704 0
0.4826190314824292 0.2712463522536059 0
0.5448502242648257 0.1115991198682474 0
0.6812186602374419 0.1345923457373226 0
1.700059004514911 -1.390026932341156 0
0.3093463004313143 0.4588635391676861 0
0.7485711630107164 0.06775709105340579 0
0.6285755516659297 -0.5969941818256924 0
-0.08464750124132024 0.6287502527225515 0
0.662765610877083 -0.275871983080066 0
3.864153923328975 -2.289228085531602 0
0.1395101400056656 0.8831577667873209 0
1.549561825923968 -1.026334141926428 0
0.3778735971847899 -0.2888484409809379 0
0.2759855905297762 -0.1449369948015283 0
4.188221850251815 -4.491031558931636 0
0.7713789763154204 0.03482835170762711 0
0.418261304275392 0.53236314518143 0
0.7616329346747601 0.03484581245514055 0
0.6409183851315129 -0.08927314371588557 0
0.9121741180540806 0.04164237685481929 0
-0.1598296784342512 0.2231132998785667 0
2.753779317080521 0.3450805591168754 0
0.4248109769783909 0.188241918104302 0
-0.1711928921719195 0.7144948531938337 0
-0.02783058762877851 0.301319707579139 0
0.6965393296506284 0.05691679362714439 0
0.0442721320318941 0.202327598924737 0
-1.195320347753587 0.4948093057580368 0
-0.0306855274037099 -0.4162146188397698 0
-3.680001267048067 -0.2178251100525026 0
0.6469532254810726 0.04680901287689193 0
-0.4758065933062043 -2.913971475699163 0
0.9844172639989869 -0.3203471876778149 0
-0.005937738682699557 0.09358324905782091 0
-1.019966228343061 0.8424621911450267 0
-1.221234859383824 -1.734034182211925 0
0.9594738303833773 -0.01113031892832631 0
1.645502284709875 -0.8231592257830294 0
1.099436199999812 1.379588787392529 0
-2.567221451279266 -0.2603440906763945 0
0.320687329625281 0.1745324508581935 0
4.707551472689961 -2.211073209113831 0
0.7077662376314369 0.1000049427697901 0
0.1105641905455005 0.4339398561269215 0
0.86069254516668 -4.478492240579413 0
1.258274858665651 -1.975315372981274 0
2.984923431821894 -1.372848477634526 0
0.8428876363198321 -0.1139137894214973 0
0.08712812872049348 -0.08802819161283404 0
-0.01442903988088623 0.05318706685371977 0
0.836700269580604 -0.09357436991516133 0
0.9207800294327142 -0.03697504772268191 0
-1.897897558935842 -2.549449906833651 0
-0.2473248336015417 -0.4321616906800575 0
0.6612637748976938 -0.133913876425332 0
1.00712508029356 -0.529575913084776 0
0.5688869543743833 0.08880538785135676 0
0.4731802202396121 -0.2774235787410013 0
-0.2304809067760586 -0.9318663157959099 0
0.6179899179449777 -0.1197673182388097 0
-2.511774443221571 -3.941165669514548 0
-0.6680101366222907 0.4831579420538412 0
0.8891971394144687 4.109810770827302 0
0.02952899125399371 0.1785693277003471 0
1.97908912165123 0.1564260186334358 0
1.007640368566958 0.02315813047537302 0
1.082569360612335 0.8716302560268561 0
-1.105000121504106 0.9812906222798837 0
0.06878721365017432 0.2067542397053554 0
0.9371070435337177 -0.2114722884914706 0
-3.650699039145662 1.145497902049264 0
1.478856756185576 1.783375383609777 0
0.9840283834945468 0.2408908825504427 0
-0.2279736008458231 -3.344741775319608 0
0.6787204066791408 0.05397324172882986 0
0.2570490187427423 -0.0735205695266177 0
0.7145524837668508 -0.170398003313428 0
-2.92361558554022 -0.2506400139366535 0
0.4259985599050494 -0.2806701552578329 0
1.62566169842305 1.171051275646322 0
0.3644756468011467 0.5498972636326109 0
0.3504904574117353 0.09973737649306044 0
0.5863274969161162 0.1355739275011594 0
4.683411013833298 -0.7936948947027733 0
0.2360417338997149 0.1218916701784557 0
-0.0213952381190244 0.1530332759158051 0
3.23562865434018 -2.896339392476148 0
0.7829526091682428 -0.09646196720514058 0
1.528287643338071 2.682858332343664 0
0.9013819998684517 0.08877631511748386 0
0.3527316332778002 -0.0931367456341777 0
1.065451469564852 -0.1197252738964234 0
1.699769288920862 1.662549298590666 0
0.9101491926164503 0.02795430833363708 0
3.424534672040178 2.828948198432237 0
0.9018693123719362 -0.02858266157633552 0
-3.712427538508877 -2.853710367308794 0
1.935129960656689 0.4326183657977561 0
0.5145679336627171 0.1385918530570383 0
0.1986025981889671 1.202274804467775 0
0.9576886727760028 0.429438371823459 0
-0.024923717824596 1.712353862259675 0
0.6520500794483202 0.07017409907892333 0
3.121151770351885 3.023936809361543 0
0.3327152509486753 0.12816356213048 0
0.5700214579501894 0.07103138074665821 0
0.8516988634146352 -0.344655002306351 0
0.7000180304379688 0.1880007165056869 0
0.9696678369316649 -0.1124344180478229 0
0.6013047535682223 0.07339533184059938 0
0.6235977822034128 -0.07255314582347754 0
0.627095719526484 -0.05893093633323881 0
0.5966550574710736 -0.0798247344063624 0
1.679169595073494 0.005052497587472352 0
0.8650669032139546 -0.0781130708841775 0
-1.07274286833072 -1.358946222789465 0
0.0419960542971674 1.907066407463505 0
1.076469349963241 0.0585956453389735 0
0.7787816439690638 -0.1315862103234096 0
0.7930549426717719 -0.3597519245178109 0
-0.02864717245015607 0.2033476331040414 0
0.6486605955630099 -0.1472353830480832 0
-0.9211838964301284 -2.288375040843108 0
3.238901140065805 -3.300008209091721 0
0.3363231132393928 -0.07573188316754158 0
-1.249578866242284 0.9516287562560525 0
-3.708361476863007 1.691626089301832 0
0.2045220563927654 -0.9079296724163787 0
2.824252518554878 -2.696815773184908 0
-0.9180146464390312 0.4203840321862226 0
2.027591597133605 3.739087385657585 0
0.5344598199630963 -0.3647606029546268 0
0.7508650498836753 0.05381728621643798 0
0.527299843863611 0.08475796037120284 0
0.0394336941403811 0.03897850132058162 0
-0.0006610966122284725 0.04956598778687974 0
0.2930597436080712 -1.744663019354149 0
4.006711734741795 -1.355493783722853 0
0.6032119073332813 -0.05127153192230369 0
0.8022446082189908 -0.09935584828258992 0
0.07298841340932208 0.449895198678131 0
0.5922281426023931 -0.05166328254685468 0
0.02866011374825824 0.03575801069408465 0
0.8901752671526175 -0.0205263417245998 0
2.046768189546785 -1.131417107492215 0
1.991961464611073 1.271852932458002 0
0.9595187759163146 -0.07512903560623028 0
0.1488391399888671 -0.08300468851328445 0
-0.7018737232420211 -0.2303154804008765 0
0.6360785070515218 -0.2003825898696619 0
0.4145010059537121 -0.2339214054524395 0
0.4554679918156767 0.07435089842484255 0
0.9204805881896627 0.04289916236199093 0
1.812126598412125 -1.188387484954471 0
0.05840569173236269 0.04348397558551215 0
0.3120418622407676 0.08055835345684584 0
0.4296406272076298 -0.1683776953460313 0
0.4976406342039146 -0.05868000323568473 0
0.4518004181301597 -0.07183967149658486 0
-2.869998860744251 0.1255305706447271 0
-1.810698178256933 1.515755932973669 0
-1.235269491073941 -2.123982172612711 0
0.237704080394002 -0.0644772207072207 0
-1.094814743255402 0.3161939873683524 0
0.5228508901047728 -0.08340511779299309 0
-0.3532189819312028 -4.004313060097432 0
0.7539602553457015 3.717787463900287 0
0.03853704583270509 1.493384666892883 0
1.010915982169277 0.3987931117294551 0
-0.09958277138189103 -0.01668336498689512 0
0.5563851747637641 -0.1043000219585369 0
0.4575083607782271 -0.5423982147266326 0
-1.896109715631331 0.9226129087261001 0
0.8437972094104795 -0.0377367174812463 0
0.8057126439314778 -0.05466591603249646 0
-1.65534031241603 -4.45713020522623 0
0.1170905798992901 -0.081676654186144 0
0.2092466193208133 -0.1335184879652917 0
0.1329834028655829 0.2906518449317581 0
2.22340410115727 4.094605342485647 0
0.3974511988356276 -0.09477885012853275 0
0.1430200205839166 2.425077753840419 0
0.9014764859450581 0.2781888423511034 0
0.8112809221934982 -1.034337934967418 0
0.812439456890365 -0.08510147068101626 0
0.167426570981172 0.1022485014339698 0
1.061168638971226 -0.3165513407634873 0
-0.1604066573409904 1.588959570307067 0
0.1460340276822665 0.3520987452693358 0
-2.167880903445408 2.441056700833487 0
-1.226960061598985 1.70575458895025 0
-1.195225388738999 -0.7374163173323044 0
0.9374779991098696 -0.03800519514325697 0
0.6410208761683104 0.526655015908185 0
1.069531417884212 -0.01778900718880607 0
0.5623573046442377 0.0540385070862948 0
-1.870980727189788 -0.9907648841515182 0
0.7324075122862297 0.5628635263901633 0
3.009739940937354 0.1329699931881072 0
0.1717714237017555 4.478421158695338 0
1.155379407865183 0.004713216065867132 0
0.1568870254343791 0.2577112694708064 0
0.6817441785237991 0.8703032417651623 0
1.679362480461282 1.417293987070144 0
0.1559216123460313 -0.1617005532056238 0
-0.6069972486000896 0.6796593964114915 0
-0.09863875787099988 -0.06940446155495034 0
0.7416465110957828 0.04901420412980527 0
0.9463054412651657 -0.03772893728386577 0
0.1853786065855754 0.1343101288203723 0
0.2681621463730757 0.1643499111630728 0
0.3994230714702422 0.09210656647878808 0
3.206857802564219 -0.7536451126325086 0
-0.5731368810042567 -0.1268616948324606 0
0.6715315645293883 -0.04422270782477631 0
0.4462136370997264 -0.08577089125619615 0
0.3417389860659949 0.06568430487702358 0
0.385893090602362 -0.1462136881081209 0
0.599795161519549 -0.0688118800914414 0
0.3582193885081099 -0.06395947944986068 0
0.3537844907337816 0.06544289155942683 0
3.399711590444296 -2.061715681618553 0
0.04296090635976691 3.066700831385218 0
0.3673792470210034 0.1365801591870497 0
0.4577652652881282 -0.2125193656344522 0
0.02567905252580943 0.8182025428840712 0
-0.001457829149466097 0.01210098841516133 0
1.132231096059467 0.04259018365874839 0
-1.419608047071537 -0.9018248842817279 0
0.6868583710739937 0.3027200327081525 0
0.1319383319077321 -0.09173025677539548 0
0.4543904877051217 0.1971911455434492 0
0.6283587998254632 -0.2891247802153438 0
0.8158009743129078 0.02930631129756352 0
0.7223320433929791 -0.1054369567598571 0
0.4115619686359256 0.0861568854511893 0
-1.228250697693289 -2.838755520379706 0
0.5109269670110468 0.21095390163126 0
0.2409038096196967 -0.08555218405255874 0
0.06045724013425738 -0.2590797135167678 0
0.6446762795991061 -2.405908476563641 0
-0.2252595899624664 -0.1050201710590547 0
0.58467622658702 0.06720798807011447 0
0.8680669288802957 0.1672365416880069 0
0.583947296082985 -0.1313953526944926 0
0.09791380981794752 0.05192608533092114 0
0.8324666673888494 0.1888843931107408 0
1.476720511260822 -3.736253195751897 0
0.7252020205171112 1.036320181169923 0
0.5473609202068153 -0.05489669435650781 0
0.107182584429954 -0.0974944128657855 0
0.2876287516447614 -0.06544427049354749 0
1.406081420198702 -1.480183509489114 0
0.0934773787157038 2.647868645691669 0
-0.001115396786700649 0.1209419293104423 0
0.1902503339160295 -0.7471191355379441 0
0.8636738161207143 0.04120471716646989 0
0.5408407177284568 0.09039311821507398 0
0.1945948552042499 -2.717438300596985 0
2.003133063852826 -0.284197515983806 0
0.3176448127762347 -0.06537973519106109 0
0.2779629005548696 -0.06541595948386587 0
0.7117954852203313 0.04053386829548793 0
0.3591609611058338 -0.1836403269946165 0
-0.1620300378801673 1.237735905942387 0
0.9891648176107057 0.007032541804929559 0
0.245680076477138 0.0861896003230499 0
3.581023566023394 -1.65717334678278 0
0.5316919307284209 -0.09101544500193966 0
-2.837096667167359 4.468484362523122 0
-0.2234107432945557 0.7692166398321955 0
0.5079250081361715 -0.08871185087705653 0
-3.734764594979237 2.259383973393402 0
0.9634817315870683 0.2927966008203847 0
0.7579912643583391 0.3010666462095482 0
-0.08008036184816616 -0.1804584371236381 0
1.501879123587461 -2.294208511708433 0
0.423191470856671 0.08734388852798509 0
-2.706358981140267 -1.881289711856845 0
-1.165236950622299 -0.945762407448774 0
0.09759283824661337 0.07305877701451362 0
0.7510000526997146 0.03642305513503259 0
0.5960872473830942 -0.456467680916708 0
1.012838953161706 -0.06177594540556252 0
0.04591024850593843 0.1269458495591433 0
-0.1936958535857338 -1.765121245728543 0
4.633610628435424 -2.724973751735754 0
0.8058713702728495 -0.03038063188560737 0
0.0833813054219904 -0.04927835461948995 0
0.7398947573388828 0.08767390426591117 0
0.09293151616736786 -0.05117534711938923 0
-0.4123316274054777 -1.591917788027151 0
0.3433612921441114 0.2640339221630035 0
1.861562468693618 -0.0158322737793981 0
0.1495935098829978 -0.427311603553378 0
0.5722110621453596 0.05304190863478885 0
-1.571881242910449 -1.17196249152886 0
0.2459804036912954 0.09727494360381854 0
0.6787054353638089 0.1035951401837439 0
0.2804246069775407 -1.130444332374698 0
0.3641831804644418 -1.160454118104252 0
0.04957604244587564 -0.09081161974238544 0
0.3748638580783188 -0.210302833219683 0
-0.1704315295238477 -0.2436656918678165 0
0.6668189999642637 0.0448743020085527 0
1.516142023924272 -0.6057847727590979 0
-0.1996134164185551 -1.117634213271911 0
0.8853302588706585 0.07400803041508473 0
0.2937072861470069 -0.182535025260756 0
0.5501841971938191 0.6264988745017417 0
0.764948783900254 0.05429935597724107 0
3.591408733532936 -0.4611802104921925 0
0.6558628514014765 -1.365604933482809 0
0.5368818239867518 -0.1643888135347739 0
0.8047269688287382 0.110483723298049 0
-0.7027872779028022 2.027688001976671 0
0.5715999012524794 -0.6522224772073927 0
1.182253872856997 -0.7834754854259929 0
-1.889944573081208 -1.223147879983643 0
0.7050345720837319 -0.4814176454762905 0
0.6128016751229289 -0.05855380653987192 0
0.751579205245354 0.08025908688013507 0
0.01970947378812882 -0.02986942382006517 0
-2.92680281583967 -2.182849201409362 0
1.29254210112944 1.532159986462098 0
0.8095627727450381 -0.06893226486324543 0
0.5912736008427436 0.07883300450022525 0
1.317663051217518 -0.507233134132933 0
-1.658981704717225 -3.371291446524123 0
0.8880998407143413 0.3382392996038507 0
0.2859559510551245 0.6619984969364945 0
0.02543538503894734 0.05338708098725387 0
0.723811119505447 0.05122858993960689 0
-2.550147347204881 -2.745765112372505 0
0.8803061496394514 -0.02155408150675675 0
-0.6130488392955342 0.3216977222198713 0
3.899787541949206 -1.881095322251354 0
0.5750867972796408 0.2934100286691934 0
0.1611559135291329 -0.1091813912337541 0
-1.028075938915269 0.5574074264497103 0
-1.701448700921846 -0.7509580553512947 0
0.5824163694430997 0.05202494303804348 0
-0.2430089574347627 -0.3065171700091545 0
0.8041513105496264 0.2791307018408419 0
0.4174514609889244 -0.06232855961278617 0
2.430865431737505 4.486813018521994 0
2.422442881915555 -2.758782015127991 0
0.2800116955285521 -0.08682494391056549 0
0.4686524432294928 0.4542906819165292 0
-0.9067969754086121 -1.409661890653568 0
0.06788373123008938 -0.4044722087161816 0
0.6558660163851556 0.05587570903340472 0
0.300788826587353 0.09187777902638178 0
0.8449821008550906 -0.05099523720422353 0
0.04105835895976144 -0.05272108537137626 0
0.3408598417168204 0.2140668386153071 0
0.2548907417309663 -0.3791386859707205 0
0.1426545481988583 -0.05827002847874204 0
0.5515948776895609 0.1194920036146537 0
-0.4180086980205784 0.4944703976322245 0
0.2757292374092256 -0.4664379806769273 0
0.371316016062181 4.008519955150301 0
0.9160858129756957 -0.04647811183976336 0
1.102534072865565 -0.1595560511455369 0
1.781666677624924 3.263374924939107 0
0.3626597137592567 0.1652143353113248 0
0.1727429124533325 -0.06106810440616785 0
-1.837893893376673 -3.905503072124635 0
0.8964009501355815 -0.07305352841428432 0
0.4486706785485667 -0.183129283761135 0
0.6365496966918833 -0.04706763124126212 0
0.7090797395942713 -0.1523293459642855 0
0.8290945455492895 -0.05318802213592334 0
0.2410150393551765 -0.09726670039708822 0
0.7086842113598428 0.06596502883362119 0
0.8996276727424193 0.06942374427675121 0
0.6471258969371472 -0.2403176979383052 0
0.1995130548359581 -0.07418005998235588 0
0.7400522601851649 0.1089691814862185 0
0.4858571507121657 -0.08192279080504103 0
0.06318087624163572 0.1384571373347191 0
0.2774236966693021 0.08850710024408812 0
0.6749606319887023 0.06748566828508488 0
0.6371533356846645 -0.06181222749233495 0
0.1327598459010753 -0.05700123307899472 0
1.016755953833491 0.1013994503325933 0
2.087216143738801 -0.03273185631897583 0
0.6507842749708521 0.3849259093907946 0
0.5075985021444978 -0.05785156208719135 0
0.36571878527871 -0.08393329244609204 0
0.9244460358150521 -0.07900948313108141 0
1.029373616974952 0.2219459543460615 0
0.8909434679134881 0.03810004083972161 0
-0.01460987470197257 -0.03744718083303464 0
2.670707901663536 -1.61071694591713 0
0.6985727881878914 -0.05117773716671573 0
0.07361731508725738 -0.04893462773617696 0
-0.2174369302952501 0.6282428821078784 0
0.2494606033676748 -0.67134457904917 0
0.4438621505249364 -0.07172180575935094 0
0.2862043577852053 0.07452435453888258 0
1.158812177106145 -0.6049078389121731 0
-0.3297735862848448 -1.827620241038148 0
0.9342379807540926 0.04653871513564184 0
-0.8873361954880148 0.19188052823808 0
0.8700238970041734 -0.02232607669202122 0
0.1998965980502154 2.114077723334397 0
0.07781052524243777 0.296058333535159 0
0.2011130998749771 0.3450391890698649 0
0.83164407187336 0.1291172267909501 0
0.870475969333157 0.0460658240886161 0
0.5412885588057987 0.1315994006929225 0
-1.486153080095564 3.304666609357879 0
0.2229334670648613 0.07830484885834767 0
0.347745014295515 -0.1070291805235826 0
0.01387929763291043 0.03935458714253506 0
1.061394559871317 0.1477243641585921 0
1.02625083001837 0.07902872259860498 0
4.148197405610812 -3.536636784881079 0
0.1912384876440364 0.1165233032112998 0
0.1257592167171946 -0.09702769057777259 0
0.4401151450858225 0.09035442811413857 0
0.05342164343392062 -0.05766372533713036 0
4.235098421709517 -3.228593724273237 0
-0.5501612389347201 2.332926129743567 0
0.3162395548888262 0.2001202337711754 0
0.4644156348739761 -0.2508227530256669 0
0.785655533680639 0.05016382017480001 0
-1.867034530706359 2.567093259042202 0
0.5934778216548643 -0.1149692792885611 0
0.5777095267309613 -0.06398281805711585 0
0.8747472997245807 -0.3132554051181991 0
0.6271185632850232 -0.04814385976519872 0
0.5643633279322596 0.3732574261602941 0
0.2991046362763488 -0.7000499839683227 0
2.534074065933236 -3.670676425453894 0
0.8716005587567487 -0.03775654804515758 0
4.65839958053395 4.457746157949337 0
1.232588204788816 0.1063271306242065 0
-0.09897523479513343 0.1461616585462266 0
3.357245236491628 -0.09930974083259658 0
0.3929789336997547 -0.06317238212364884 0
0.4845095485965833 -0.4214776010154788 0
1.86928670661474 -0.935268992878449 0
3.841799913043564 3.554666057528317 0
0.7214263602561759 0.03964693504478231 0
-0.4619185733321358 -0.9994389730407518 0
1.034273903557037 -0.6430162982952725 0
0.1029248888732567 -0.05282496400714014 0
1.025927215675425 0.0368424386241912 0
-0.7110154162335354 -0.5148134365143504 0
0.1712644736917106 0.08712328637474345 0
0.7167149316114712 -0.6338616703615282 0
0.8700136258374868 0.07472173870540183 0
0.6656752574798932 3.371533191568835 0
0.1256246867487605 0.1535240613125943 0
0.7227078564293618 -0.05295226709716627 0
0.8890632068580324 -0.05538174693457486 0
0.3321932389752383 -0.915139450463594 0
0.08982798648092188 -0.319786276745554 0
2.548020980653411 -1.326747336986914 0
-0.1472168571009278 -1.352054196271073 0
0.0279239343942027 -0.04322213476827051 0
-0.005044149321642855 0.6926219815438994 0
0.385682979101707 0.08304835540366506 0
0.9965783478168176 -0.02891582663556179 0
0.8664986279122612 0.1096380431816084 0
0.391821591778773 -0.07448283452538185 0
1.512167202893674 1.950224938872494 0
0.7111543254051151 -0.05089308074274425 0
0.05273394593264379 -0.04470596622365684 0
0.5245089623684254 -0.2360287250890372 0
0.1429684060560673 0.1918555818056155 0
0.8424460117087582 -0.2069619021059546 0
0.4837628704852622 0.6791752095722254 0
0.4691024528852373 0.2316358346311786 0
0.6688023838929775 -0.3135603757308014 0
0.3079731157668293 0.06495826351369237 0
0.3175593265788429 0.06493466365121817 0
0.8352330903751749 -0.04353548833206288 0
0.1382745863500305 -0.07621578475418754 0
2.500680574335129 3.608523817780874 0
3.547487031409252 3.346198543356011 0
0.3473556221987552 -0.06447519351398096 0
0.2776416350019137 -0.8789351804154228 0
0.4880422609784256 -0.0687944474596927 0
0.7686619339105203 0.08172141842221849 0
1.104672398568614 -0.01000866750566385 0
0.9426822099545479 -0.01473845789338396 0
0.24030391532657 -0.1443368894755546 0
0.8500391521993629 0.1158324971841206 0
-3.045975581336834 0.4470651987125005 0
0.1826019465142694 -0.06175696518081505 0
-0.007804755414835657 0.4406728035832016 0
0.4198756082078242 -0.07370167833649632 0
0.891124424256359 0.1769982931491152 0
2.70376619645829 3.303867925044563 0
0.8605258368243698 -0.02367769133131551 0
0.8267747805192941 -0.09908349874386559 0
0.5841076061238775 0.09955532927298383 0
-1.031226283331582 -1.126669931662746 0
4.661118526354174 -4.483557656762933 0
0.9583885577728386 0.2462063650977681 0
0.1829760533893552 0.2943414899622484 0
0.4930520558016244 0.09362748570202598 0
2.131756187398596 -0.4804390213019634 0
0.9059527562814381 -0.2360127643733461 0
0.1878310970839095 0.06177382116380595 0
1.380933508540827 -0.6101907115376504 0
0.197593467765066 0.06254564803800218 0
0.1372908042711241 0.06771365517868182 0
0.9466836410189048 0.3156642172227849 0
0.737193155881497 -0.1272548011761336 0
0.09980215035818243 -0.172534491892848 0
1.018982395505014 -0.238658410910719 0
-0.05308547780575402 -0.9107644855209807 0
0.0229018285273909 -0.08229079144014466 0
0.02804041627493802 -0.03530689154850619 0
0.9976948374201845 0.7995364207176816 0
-0.1842618950723859 0.1705181162859424 0
0.4634781394332737 -0.09229716443074444 0
0.5373878549516375 0.1997961658651808 0
0.3310393600264466 -0.9971214656884329 0
1.284990296058524 -1.425696851282733 0
-2.339169462392478 -0.887612355098139 0
0.5084595900611528 0.05807471204801595 0
0.2083420657589279 -0.4737545457577608 0
0.4966955077300095 0.05862572699337748 0
0.7885579468650367 -0.6016563628901828 0
0.2571737730331856 -0.1274330275095389 0
-0.9699349997026266 -0.5558636502638007 0
0.9482304251661079 -0.09408553174131606 0
-1.357872086470817 0.1587872907894815 0
0.9646562996364446 0.3519078330958718 0
-0.9138080140828199 1.807368145979035 0
0.6194801692985612 0.2281830081832872 0
0.3787629456659822 -0.3816368269480384 0
0.06332309453638392 -0.04475646243069818 0
0.4759289736060695 -0.6956128683842275 0
0.2297951409621198 0.09120484117856219 0
0.1615133633599239 -0.0797204105723144 0
2.961862709449554 1.73639952418403 0
4.185040310153513 2.404339372428031 0
0.7624831125996582 0.3645320053313401 0
0.4525916827314833 -0.06093593066396037 0
1.606319996812044 -0.2884497296496653 0
0.3216515589680182 -0.09861223092249902 0
0.2983709204595184 -0.1005656169181431 0
0.1988617329281559 0.07349399458642196 0
0.6422911440461202 0.1294933937459243 0
0.5030300515278501 -0.1024203841209573 0
0.5081004986713211 -0.2123488182538583 0
0.7563046090279755 -0.03571825325339294 0
-0.6779687119435721 -1.499037689008056 0
0.9267326425541658 -0.4080655160434399 0
-0.583364178797922 0.7629743631788786 0
0.1709863670880568 0.07031948849149487 0
1.030938997236705 -0.3405003068305009 0
0.4876483641197008 -0.1129948670107661 0
0.7666141895477783 -0.04415896269332296 0
1.468882966749682 -4.507795405448597 0
0.2960222911555941 0.1733616766458926 0
0.4210170121297011 -0.3455213060762163 0
0.9482865876023396 0.2091821509545137 0
0.5184477956372342 -0.06880734201647876 0
1.026313939438803 -0.06022950761475129 0
0.5524356884420953 0.06419185532680166 0
0.8461080088635435 0.03522131322606636 0
0.07950388112472231 0.104846696960046 0
4.100588950318837 -0.5480626488174098 0
0.5317839489885472 0.1522991234621233 0
0.5724097060555757 -0.0527842957147755 0
0.6020995639650475 0.06038060883874741 0
0.7884453751290226 -0.04169196588344453 0
0.3569563342677898 0.08440532865483635 0
0.3408374237316877 -0.479971497159812 0
0.7585335919371563 0.2007967981872469 0
-0.8274056788768785 -0.6122137023695264 0
2.360194921140768 -1.376371289621921 0
1.58757924301147 3.469153096788282 0
1.526269403066594 1.402225188745815 0
0.9007443451025717 -0.05346147798495868 0
0.5467828985130188 -0.2125457305730256 0
3.088135043498859 -0.1201127780663958 0
0.7344507487220268 0.2037062062026233 0
0.3680676830476808 -0.1591114974855335 0
0.8619728952578083 0.3015715175000592 0
1.030076980836975 0.06380127811862793 0
0.6653416194737825 -0.1095375619270152 0
0.4319839164252797 -0.07137566752079227 0
1.154389502955429 -0.07231091506856049 0
0.2370420320151676 0.7699744057689406 0
0.3663859710759508 0.07294869633205024 0
0.07647970390076247 3.302802902304387 0
-0.02547464971320428 -0.323634524998249 0
0.1750447261768186 -0.07888096816478768 0
0.7413642444770264 0.03729115254865687 0
-1.127140817889198 1.177575123874052 0
0.7684811313210738 0.1252138759884183 0
0.8268743320361858 -0.3818414666296182 0
0.7419462366945411 0.1680066094198556 0
0.3077250858543231 -0.06541281802521359 0
0.3791856901708608 -0.07243220396558393 0
0.8356894252470988 0.02685840451288122 0
1.375679196640807 -0.9208823361532792 0
0.3908337261527166 -0.6891257547848505 0
-0.003009625661747424 0.07100746918363394 0
-0.07282614797329895 0.01827376312515218 0
3.957170306346778 0.3050024500739482 0
0.2213086492480509 0.1549061700341754 0
1.674792894909346 0.3020103779173074 0
0.5424384719653149 0.05524581744429906 0
0.6554907888886294 -0.06471414677077514 0
0.5344938062535862 -0.2729078966049517 0
0.2956184834736161 0.1592403004553412 0
0.5922279468720737 0.05136827735138318 0
0.5677310563746535 0.1606610874842683 0
4.139906441929131 -4.144672065386876 0
0.104790845717684 0.1049612509251559 0
0.5802111271617314 -0.2817049389086346 0
0.424120149720069 -0.4393670923840896 0
0.4202092388419322 -0.1506612519496706 0
0.183357127909493 -0.5133355092195926 0
0.7838359166863451 -0.05040410587629092 0
-0.06073111522613639 0.005513062606443608 0
0.4560875837438365 -0.1277636321250477 0
0.6549424085671799 -0.1575755287250863 0
-0.02176233911360855 0.1697860145451109 0
-2.05631687474268 1.243201025117159 0
1.194764880092841 -0.3129052503969285 0
0.9556198500806065 0.122875111959369 0
1.220139184273965 2.010974897030262 0
-0.05926382206517172 0.173371105645755 0
0.8930148649011966 0.05383308884090261 0
1.834287868716898 2.540390797520936 0
0.04343315823440917 -0.8065506791911867 0
-0.3317317954881227 -0.315574152190836 0
0.9724789113492083 -0.1745171485972877 0
0.6671564688350327 0.2606479809861435 0
0.05149916505234556 -3.075078646988564 0
0.9601231535121231 0.1018046760623549 0
0.9455716057188858 -0.1188944810395428 0
-0.7079583778119702 -0.71983698212154 0
-1.390131245769817 -0.7608019230682803 0
0.7075007984975413 -0.4212511123519932 0
0.4380169289551599 0.1993469044928012 0
0.1127933349100679 -0.05426102133294707 0
0.3746487694512025 -0.06476774514697924 0
1.483665304115376 -0.1884919378588035 0
0.7285405719629156 -1.440384488080635 0
0.868796151094313 0.09028470140246898 0
0.9000491830400943 0.01885712133247669 0
0.2356808016359147 0.2397088697944034 0
1.189274178409186 0.2619378419708763 0
0.06292119545875388 1.12599563034253 0
0.6620665098080426 -0.04506501832753586 0
0.9687054141203011 0.941828206282067 0
0.6865766458012971 0.04255653985511731 0
1.745242915659201 -3.289403523818758 0
0.718789313626352 0.1529342703940176 0
0.1403172667565322 0.09701401575831591 0
0.4358342021789111 -0.0623677357801411 0
0.3949492517685093 0.2151714629121665 0
1.991903708583473 2.181518072140036 0
0.03394763197058914 0.6401540757282944 0
0.1598869552741313 0.3085452839842725 0
-2.564510888163226 1.668141181275372 0
0.6610797989644519 0.1814820843595389 0
0.8858230421392363 0.04394996233980422 0
1.19017499544126 0.07011298123335941 0
0.3418592111794745 0.4111903185753383 0
0.1307090156556079 0.06964872472136965 0
0.418442347589942 -0.1805602066791528 0
1.430722486427554 -0.1246731382729838 0
0.9977341879299171 0.08991871415759005 0
-0.1649794771063196 -0.1997390948896566 0
1.044794560129708 -0.02738645634731706 0
-3.679638748614568 3.633937530876876 0
0.4368778223120686 1.485902921290487 0
0.3376524886410888 -0.06477946026736635 0
1.024432401014608 0.1722606890955765 0
-1.968475719804404 -1.608061784093509 0
0.1766929442749424 -1.994421779782664 0
0.2889990560429291 0.09966691933854815 0
0.3742459633267379 1.854073485488102 0
0.2492679433906746 0.11343493305262 0
-2.414445951517362 -2.095014809876365 0
-0.6668790791262341 -0.06254139139590795 0
0.1150589871720993 0.06407133765593667 0
1.903311025620198 -4.061845919081276 0
0.08421791256364056 0.6417962860838425 0
0.1740320525452074 -0.1936571149339459 0
1.168912237882254 0.4607273174322832 0
0.1725689189591633 -4.499718171610064 0
0.09144588265476275 -1.426641609602847 0
0.8789700363742823 0.5616237067785537 0
0.3453151453803269 -0.1916269307338843 0
1.840337408631747 0.337036297542426 0
0.4485288830331707 0.2657800457486554 0
0.6602066805390291 0.140761203073023 0
0.6794982877559468 -0.06676808132878813 0
0.7361245901646589 -0.7195122116304645 0
0.4238013438120887 0.7013331561771685 0
-1.586743448357694 0.5466732716159565 0
-0.04156694812403133 0.05850018630202003 0
0.2573735705081162 1.401265624271045 0
0.4567623995776295 0.06106221500751509 0
-0.6434711218067026 -0.7879583611413044 0
-0.03483447889341666 0.1146216169567766 0
0.2992836246215187 -0.07549667940652641 0
1.626148951032433 -3.967625394122905 0
0.0380546126838011 0.5605929376464227 0
0.2648504303507289 0.08529329698538618 0
0.108152646208909 -0.2585753258565876 0
0.4133991449601145 -1.033218878443942 0
0.8172661257288364 0.09009520524043532 0
3.550468290480797 1.917007364997137 0
3.726074612819921 4.511377487374393 0
-0.7207489059323932 -2.626168820003523 0
0.7635309085992769 0.04394603024072351 0
0.04640679958754023 0.0498411999276443 0
0.2041415286298318 -0.1860928995292676 0
0.4794234180183108 0.06009362454252426 0
0.5080035658575367 0.07084806325000575 0
0.387636225677021 0.06378820475368333 0
0.9866087302485068 0.1100583585850944 0
0.03438688058794098 0.2553500119639093 0
0.8389538862177389 0.07894189711672427 0
0.346829886904649 -0.07937127275681087 0
2.738690626863772 1.227359628616068 0
0.08745286593733614 -0.06979975883919937 0
0.4864213656607717 0.18101970864745 0
2.024045132271008 -3.625684666788767 0
0.470749074694053 0.07064727382261178 0
0.5587672418915023 0.06632370869963289 0
0.6663789862507151 0.07248954393773969 0
0.8983034094452853 0.0309621302604716 0
1.431785338130259 1.515745579306911 0
0.2146874859746346 1.653814448479553 0
2.118793466560837 -0.2589772814123218 0
1.284372911889668 -0.6411366281412575 0
0.8368316038436958 0.3136851787917594 0
0.1199963704429759 -0.06507377250118788 0
0.4841294976885864 0.06801435751498126 0
0.8680002640030848 -0.1257956390001544 0
0.3335315942556861 -0.1411917241141766 0
2.329737960558855 0.02267874278866108 0
0.226365021961964 2.764372732495221 0
0.0614514609516652 0.06476942754556918 0
0.4969052461353802 0.06835659297905797 0
0.3566346426335079 -0.139360115591348 0
1.014152255583936 -0.009405576838416653 0
0.6906632478300461 0.1447864760404516 0
0.8166246156457475 0.4023263362503198 0
0.1780410776752686 0.0616645456293651 0
2.571897639836373 1.543008238826544 0
0.1979603702807811 0.09155254871729397 0
-0.001084246127895983 -0.07094986683838936 0
0.07730419491787871 -0.9483095757213951 0
0.8524735090523157 0.0375953201438022 0
4.728747698165273 2.550009002400257 0
0.1638787850078137 -0.09285236711480983 0
-0.06463286800297711 -0.0589738618293452 0
0.6723539995033635 -0.07367198207873252 0
0.6526416029227928 0.07754242878164537 0
0.3190984914997171 0.1053352809353435 0
-0.2539295885306689 1.857328294189036 0
0.4747309471153798 -0.1300068872579272 0
0.5853938481790517 -0.7049251524079496 0
0.4612733826789134 -0.1671501664941954 0
2.467670849113887 -2.20064057143509 0
0.6947663817910803 0.08971558440303216 0
0.603581967297139 -0.09548014750384659 0
0.5739357111342658 -0.2048976229821665 0
0.09044947242983507 -0.1212297527206364 0
-0.907168376548527 1.072524888135866 0
-1.330624601350019 -4.095317367017727 0
0.4755456147465447 -2.624728109167329 0
-1.257732711420811 1.159739302668873 0
0.712260763638519 0.2711151174995804 0
0.8809545970072341 0.2418935952896071 0
0.7919483920575393 -0.08154593388397488 0
-0.7882950126607847 -3.389016162763089 0
-0.6919357354566436 -3.655794631153855 0
0.8161365782684429 0.1379339240178045 0
-1.009488518711677 3.921512506625023 0
0.02587814567589051 0.1227700020594959 0
2.316948467360891 -0.352633721196922 0
0.864013849041074 -2.844090040234875 0
0.3608667606087061 -0.4421455341648438 0
0.2145996779833592 0.09348169259706729 0
0.5021009671127611 -2.981606369304912 0
2.36695237502847 -0.6752497615376272 0
0.3244777196832641 -0.3039479167951219 0
-0.8371384854420014 2.846304239727013 0
0.6709274275491467 0.2173475066346875 0
-0.08148637738076631 -0.988478887504195 0
0.4334818535751016 0.07547838017857332 0
0.8038190788333871 -0.1237130508711359 0
1.222038322474045 -2.864348637163614 0
-3.391683365733956 1.702963246674352 0
0.8187131949462795 0.5929283141778191 0
-0.05469459800245215 0.2826543788790152 0
-0.1758268775335655 0.03448703015447753 0
-3.707360307932021 3.120893604100981 0
0.7163277463784978 0.06913914144799659 0
0.1635328604217809 0.1476439139078556 0
0.2183770853152985 0.2121432165645269 0
0.07736221643905965 0.04817142010166039 0
-2.233150505265478 -0.5457684724026101 0
4.253666356913111 2.666527514454268 0
0.6050174519719478 -0.1292585726808693 0
0.4756743128645865 0.13475723543611 0
1.115587729499555 0.5667170277357584 0
0.9237258505470264 -0.1539987821887518 0
-1.434705312479913 -3.223292826823787 0
-3.692918368878634 -2.028538461042882 0
0.2283550422375726 0.07409705653471288 0
-0.9629361364847562 -3.053453277923593 0
-0.761238456064405 1.369961830905329 0
1.250882376275828 0.3968452716640086 0
0.6570180717330709 0.04558209662215601 0
-0.1704698593873928 0.2958674472910124 0
0.8252800978468957 0.112282728213507 0
0.7854929310852079 0.1456236342153311 0
4.144237888231529 -0.01364113370645598 0
-2.079950297066933 -1.806115385258036 0
-0.4456243036388515 -1.717644088231974 0
-0.1636957841722929 4.118737460534462 0
0.9880929994100198 1.585226925426115 0
0.4350375661699901 0.1075263135817518 0
-0.2239454226863534 1.390018139507279 0
0.7664393320418008 -0.3980677786328337 0
0.9659442380145116 0.0417567693088685 0
0.7187120185110574 -0.06563626639185745 0
-2.962042738093108 -1.603463306567577 0
1.058278767762696 -0.4671104830776008 0
0.7736756180662222 0.04550015080734993 0
1.355811608142101 -0.1065906303153862 0
0.6377071565135202 0.07496588521338916 0
0.7728937710726308 -0.04656762351690002 0
0.9980181021367401 -0.004422615941970756 0
-0.5365367803540426 -0.9119649499028473 0
0.7655200748964497 -0.07074681947707212 0
0.5056436294330268 0.1612597565234604 0
-0.4030580682977308 0.6097202764706571 0
0.5517942171158159 -0.4352881124159917 0
0.209194404182051 -0.09432229612813882 0
2.368085967633177 2.118486758047338 0
0.8860773847606584 -0.03909793712914539 0
-0.6272341917829414 -3.038286072071673 0
2.071199952279947 0.4243665626179427 0
-0.1194089044908103 -0.4686348481829957 0
0.6477891980237864 -0.3233421898316614 0
4.251054141005824 4.524174602289327 0
0.7575338547744159 0.6529154074781367 0
0.5759326640014902 0.2405160485664906 0
1.449575460744341 1.282963489404638 0
0.489438854122186 -0.1316173456295346 0
0.7570777513624034 -0.3068325876675737 0
1.482326190559498 0.1900801173778037 0
-3.413373159011377 -0.20374325778517 0
1.793572032186394 -0.7566366729065928 0
0.5376583951891715 -0.06442394819589535 0
0.5616591605449615 0.2070803890477781 0
-0.2023843688865638 0.1188527092420071 0
-0.08674089654137443 0.45863541064886 0
-0.1161636161138925 0.5117844303429924 0
0.2666666141452739 -0.07404652057192608 0
-2.460181885584238 3.151050671191301 0
0.698233667252035 0.06468847471014968 0
-1.428208054647806 -2.349378526064444 0
0.3785832710316151 0.06384436721712014 0
-0.7448532273448827 3.62388325289748 0
0.03899074807365804 -0.03720529222177287 0
0.9647228789407337 -0.09785248202627496 0
0.1150881866980744 -0.1159338241474448 0
1.473513635712108 -0.4856449782341692 0
1.534847197748022 -0.4222629058388397 0
0.9205996459478063 0.05697759890503189 0
0.7412510669865103 -0.05731298011365381 0
-0.04118743791330679 0.2339801205073119 0
0.897223472443646 -0.03307936687929194 0
0.0006831429060683243 -0.04765723617898521 0
0.1193048157772313 0.07314479695241348 0
0.5999170397245462 0.2677291618859741 0
0.2532973741227215 0.9850082200534571 0
0.03255724017744956 -0.1369844179741263 0
0.6478686244153897 -0.05532685999340292 0
0.1249593978472901 -0.5030635988425688 0
0.2055428380769068 0.3034714976600782 0
0.1810326587158061 -0.2129253548087987 0
2.515917109312897 0.3926345814959733 0
0.7034573034273659 0.04194793287492581 0
0.02579039245373243 0.06570152176191395 0
0.9552091945843389 0.02309793444829709 0
0.8072741023914701 0.06679877873882761 0
0.09185559844369673 0.08963127897822214 0
0.5531921925024078 0.4299442843621919 0
0.1173173368934275 -0.09256155207094148 0
1.02367706856112 0.1350761065614535 0
0.06266908533163977 -0.06251143777568974 0
2.133018056731411 -2.332557496247098 0
0.589111489251539 -0.9122595461023969 0
0.3438920284497385 -0.1272042549470764 0
-0.07668567074527573 -1.571495370621721 0
0.9909144422821612 -0.1728083687174164 0
1.044784981717639 -0.2872326526476841 0
0.5291989944959888 -0.06576426311533524 0
0.4021139047604818 0.1542785624408541 0
1.297521151130698 -1.040404858357678 0
0.03690028974315854 0.9486031078929624 0
0.9208991619210825 0.133088323162353 0
-0.003612470384119841 0.005772784369370202 0
0.4505753654246707 0.8773892070248496 0
0.3471577350825379 0.1181051637222584 0
0.5326723981369469 0.05559714893686873 0
3.146824415948902 0.534614047447672 0
0.7771339933102308 0.05769166250206165 0
0.9934053888780922 -0.1469354867487664 0
0.05822343408029017 0.3873289158206367 0
0.0963946990173996 0.1196083702603157 0
3.249960862800006 0.826265233622415 0
-2.048812153588166 4.511505649184931 0
0.7126208687439276 -0.09428374863002881 0
0.3299959328332656 -0.07518245033915048 0
4.219572143449905 3.224072206058701 0
-3.2660221757633 3.166013009636513 0
1.734454256784906 -0.9714791841712502 0
0.1552402314329278 -0.1859228196507698 0
0.607332353014632 0.08280381855213531 0
0.8257435000015068 0.02771039231767138 0
0.1014609138652931 -0.08352762532862798 0
0.2133736287859462 -0.1466110837715653 0
-0.07862865651506967 -0.01978916903436711 0
0.7465060747991438 -0.03644512512750237 0
0.2379554782032699 -0.1766460845467175 0
0.5567474555541942 -0.1254540855899748 0
0.8267094338979721 0.03345222887033521 0
0.7002242279325616 -0.7583967227177559 0
0.9890400638826902 0.2972745174193619 0
0.7567096647507008 -0.09677937443438547 0
0.9148171237588394 -0.07817958418134596 0
-0.8421465168754846 1.553731851664692 0
3.842169796163221 -3.591036007287788 0
-0.309881138250802 -0.04012429760512004 0
-0.01519242633823493 0.06644482928828979 0
3.347755540107199 -1.22510639600461 0
0.4644491101873893 0.08334880277446761 0
0.8001346639708207 -0.6834468108078222 0
3.883649650100711 0.8213973504486353 0
-2.37820185136505 4.049690693344236 0
1.216513736058016 0.514037474100413 0
0.1061744677083312 0.302749701991713 0
0.1107053330540205 0.3321875160671061 0
0.3878479887869177 0.09659595267157059 0
-1.728304428648074 3.403578229171743 0
0.2532871711243321 -0.0893937371794109 0
1.054599094324508 0.2062677256091553 0
0.02801102015317745 0.2958880987741523 0
0.1615324754209339 -0.06880675102147238 0
0.7082915335271719 -2.175925677887372 0
3.114711249129399 -0.4287431440656614 0
0.8192642666709382 0.04583636324975776 0
0.8699862242312237 0.03131704245244401 0
-3.299695755704373 -3.319405647365817 0
1.447619750485127 1.093740239488134 0
0.1835475225332676 -0.07291316305176945 0
0.5188795976705777 0.7751565946086592 0
0.3666087387014961 -0.2476308155768355 0
-0.8848090621475847 -1.836016470695632 0
0.97503027177435 -0.4641621336479003 0
0.9918528642391959 -0.07166463936366677 0
0.4204721283492414 0.3019493645268054 0
0.799498252258241 0.05665004434966076 0
-1.801016032605226 -0.6284249553744494 0
0.8824432943954396 -0.1986928149038565 0
0.7714603982454399 0.09335089569221702 0
0.152448282226357 -0.06802138811977049 0
-0.1057959127995892 0.7171538391442243 0
0.6209463410248564 0.06609900817296573 0
2.18850527463165 -0.3645437028204037 0
0.07317298904906673 0.07461739775279405 0
0.04556125834780407 0.04064129715673655 0
1.086561362416415 0.1094191162289321 0
-0.1105105288931926 0.09056267791208181 0
-1.325375923066063 1.968943803959638 0
2.593958615296637 -0.662699934109831 0
0.3600615558814871 0.06547506889401583 0
0.8943870891326322 -0.1682114677258351 0
2.04605152185625 -0.8850430019761996 0
0.6425463855065265 0.9969729477811576 0
0.4156345070511085 0.1208257510000836 0
0.8916382529256285 0.9974168329941969 0
0.2848248160755875 -0.09237314640445425 0
0.6903413061428034 0.07218539075348672 0
0.3588209350017248 -0.07248182455779364 0
0.5763734845185626 0.07546814034290623 0
1.294432773016326 3.25869721481558 0
1.801007263451822 -2.54972285358721 0
0.8923120183476559 -0.1267884960639439 0
0.123379113655789 -0.1300783993425533 0
0.04636940215617202 -2.051079124949801 0
0.7897523872685321 -0.1821378442206646 0
0.3026342961501159 -0.5500128996560423 0
0.9476231969188522 0.5350225765942987 0
0.679561375603994 -0.0440295834795161 0
1.548681087925868 4.106890285361467 0
-1.545667038609542 -0.9554049928720478 0
0.6922603726859402 -0.07506807922556463 0
0.05866914327791443 0.05570505983571242 0
1.005773164471371 0.1881472268832579 0
0.8170649084972248 -0.2192500417167114 0
-0.6739829684075189 3.001298277387356 0
-0.4615161136734744 0.6588443353208031 0
0.942809299717108 0.1419612143390169 0
0.8610926760030916 -0.033844164337813 0
0.4933686456762226 -0.09136494627941501 0
0.8435731044853078 0.2616752896988835 0
0.1926547097695422 -1.803516287506423 0
0.5331957142245097 0.06130392852801489 0
0.4213080668585286 -1.788331075538023 0
0.4086105040110019 -0.1307626058561441 0
1.743204763875522 -0.4180294172498419 0
1.265638692965168 0.6318618913256389 0
4.340871191860757 3.715907212991331 0
0.3066552412231003 0.07534693976304539 0
0.8562991628964376 -0.1045057981952494 0
0.6884425758663951 -0.21507974397588 0
-1.362893335616131 -0.09708566529845138 0
0.2125246731203067 0.1157779124916637 0
-0.808679385901192 -0.875400344874243 0
-1.309869927665569 1.036837929512384 0
-0.3013485273689842 0.1960869488471098 0
-3.730885777106277 -1.669448981824333 0
0.5628533936456919 -0.05339682565950969 0
0.404719973089741 0.1325951530541775 0
0.03922387344701053 0.3583786601817296 0
0.5589743667633177 0.09997357770686111 0
0.2694647992778493 -0.1191085305781402 0
0.8138820041595133 -0.1680053569242055 0
0.7652212335621273 -0.05687549942817576 0
0.924881043885181 -0.01508503877173556 0
-0.06634773220454274 0.1104851050642961 0
0.5815125775444386 -0.1760889149006718 0
0.5474778193127202 -0.1104678257904505 0
0.2013217906759345 -0.2162881575949037 0
1.416620898540954 -1.259457051262411 0
0.6492780865722725 -0.4704317477080614 0
0.9524937757783217 -0.04193242727762456 0
0.8826634760675418 0.02977011210104302 0
-0.06357064012540047 0.05429065462521092 0
1.417536506330858 0.4160331209257156 0
1.107058986630856 1.655228047778907 0
0.5303623862840129 0.111562183234323 0
-0.7240880658554335 0.4265971064158648 0
0.6357474544813606 2.272692191564564 0
0.3790922618292408 -0.1230492658673868 0
0.08477665388296143 0.07651118308085383 0
0.1165045347911044 0.1213757757374386 0
2.295145634055216 1.636442996520271 0
0.7106471890893232 -1.276072435513836 0
0.6383777020831768 0.2939622666737185 0
-0.1171036328078255 0.04631924680541188 0
-3.681964542547458 -4.479828154324641 0
1.380997530066434 2.06599293773997 0
0.1329609165109963 0.05729861400941123 0
1.865691777609757 0.7915450506078588 0
-3.300285049532201 4.52580892456473 0
-0.526900209034314 -0.7210297197929602 0
-0.2397032604477057 3.618021973416409 0
0.01568765680323714 0.02651463452819548 0
-0.008549165926344389 -0.06011979961913375 0
0.4624172003787796 -0.05987019301270732 0
3.815596416389861 -0.2460128612760787 0
0.6450037436322391 -0.06743908045505478 0
0.7391089584302817 -0.0380589695346147 0
-2.665417866912369 2.397912117873231 0
0.5060177301791664 -0.07469201139066009 0
0.6093413128313787 -0.0509653095943207 0
-1.047081121644929 4.498051289210503 0
0.7774476861182982 0.03360748160189851 0
-3.345861943871343 4.075959247342023 0
0.4328746862747274 -1.338908457408813 0
0.2975008103639423 0.07401965555642046 0
0.1718621217954953 -0.1106837278729965 0
0.8797136629240681 0.02078513121447823 0
0.1813213523431279 -0.1417882215079934 0
-0.4359418132558789 -0.04473692418513895 0
0.9063267183575433 0.05346439658979263 0
0.770953374951082 -0.03448750491562289 0
0.08161328536879264 0.06365734491535562 0
0.6943853712752446 0.1713680752456677 0
1.048524933923682 -0.2366142772350852 0
0.6022527491537186 -0.0578842886401746 0
4.167740294893742 4.10947530723991 0
0.8706784257669065 0.02190276257237888 0
-0.04561872780918029 -0.01209770533606157 0
0.0888112549517423 0.04987111123361473 0
0.5927741151692617 -0.0580952761994209 0
0.5743271189650614 -0.1159853314004653 0
-2.273624220528436 -4.164235407568159 0
-0.7089468258680673 -1.291578294999906 0
0.5105986519451844 0.9146350702800659 0
0.9230711292670464 0.2614617272504986 0
-0.1923780314692076 -0.06289438056844693 0
1.18210588592014 -0.01912994968114424 0
0.7766122172558847 0.07574667147864624 0
0.5298915925549722 -0.1108330052126518 0
0.5456692439416689 -0.1837646971741027 0
0.9952497878349235 0.0278434520385823 0
0.2595753847123766 -0.1058548776664053 0
0.679428917160241 1.650949438479528 0
0.3789147320982351 0.1662463062352542 0
0.06918516420736624 -0.1305515855589743 0
0.1844605026014794 0.5402600407668772 0
1.088912162800206 0.02194144870705465 0
1.532923249631432 1.643187063838159 0
0.3231132916501896 0.134920064091589 0
0.8503259075551349 0.02539178396355695 0
0.7808734272100152 0.04484475887037881 0
0.9451427162760131 0.02248838061380001 0
0.2034470918439519 0.4583116799070692 0
0.6069430655758686 0.05050059916918528 0
0.3229110612865985 -0.7831348972435462 0
0.4462020538232238 1.033090283083727 0
-0.4345829365432146 2.744784300440545 0
2.015686649660306 0.6933466132885954 0
0.1861292575482934 0.07215120591620378 0
1.563430486647349 2.286661290162476 0
3.394565978867236 -1.466251539131065 0
1.26617215917791 0.6978857232872606 0
1.224448545258469 -1.65735341910125 0
1.145887139734489 -1.081961236978157 0
0.4191492697957636 -0.1303759734963035 0
0.5235642090423143 0.2459866915941105 0
3.596089950604075 1.440346794609235 0
0.36233259380785 0.2981552113711487 0
0.01554486120056248 -0.2180599710355898 0
-0.1448492050641021 0.1134724455551885 0
0.3068883940289459 -0.2672211815495423 0
0.0004172322654845418 -0.6108294821223895 0
0.8442564700164277 0.04764583680814834 0
0.4451728190680631 0.4003160391381115 0
0.8201800926952751 -2.462630047806505 0
0.5492723046936698 0.07661807043022267 0
1.646920590168981 0.9772019196038981 0
-1.111458583909993 -1.989030493589417 0
-0.003516170152825987 -0.1263450578147678 0
0.7237938875406731 -0.2009464890369592 0
-2.097577047923516 0.8954551694759567 0
0.9704854852203592 0.1286190839224075 0
0.3941764892885747 0.07360127429952307 0
0.4255810194199813 -0.06257488716872403 0
0.9061662433093336 -0.04124905034398069 0
0.4659965181871576 -0.9705943275524632 0
0.4020595675333712 -0.06300974319681422 0
0.292366054337425 0.8896752199025721 0
0.8584109432852478 -1.167910223369277 0
0.6028146095372775 0.4791266723630919 0
0.6703874299787407 0.6751771082924469 0
2.034886770522857 -1.806824135721043 0
0.2944253465886974 -0.08820220176198865 0
0.3355678644387993 0.06580977906892053 0
1.691091627140821 1.965863768014023 0
0.5252168806959606 0.07355514794247621 0
-0.2441107082592451 -0.001443595553968071 0
0.8021120706195508 -0.07345173134027852 0
0.5685106479079938 0.8139746237312095 0
-0.006291928259183994 0.2843166007763061 0
0.2410982355035619 0.2868499760894136 0
-0.0923069233214944 -0.2383266664933499 0
-1.748672597328394 1.112053811380902 0
0.9203118503697925 0.01623573744577874 0
0.7902582587479213 1.259583104831 0
0.4793734067427465 -0.4599709538367773 0
0.5073023741701098 -0.06378189517049138 0
0.4801104024468678 0.2040668842601362 0
1.044190368876427 -0.7531065871414733 0
-1.169439792433555 0.7313766650779782 0
-3.327243126910928 -3.827647934339748 0
1.236923510983493 1.053927860149317 0
0.2519898931644718 0.1884209749538126 0
-2.524688087988036 3.721828114842462 0
1.578121714412854 0.8124207354369357 0
-0.2858702550553952 -0.3422600754724298 0
0.7290891614322567 -0.06376763404840156 0
-2.66843708846299 2.143932194367232 0
0.8771159205873662 0.03692381506813833 0
0.4986332304642127 -0.06452605675474733 0
0.2259025392273363 -0.08853308590067609 0
0.8593724955110167 -0.2750715997168842 0
-3.255558543812623 -4.519615633755208 0
-0.6755389609423871 -1.064288009831252 0
0.3434741934041658 0.07115468719135704 0
0.7404724195386158 -0.1001524116660058 0
0.03262514051697565 0.2172352695471307 0
0.9971923704455644 -0.03795147584772105 0
2.129591332386875 -1.620401789967779 0
0.3524959591765546 0.07108285633123462 0
0.8451635928664792 -0.1339635006615545 0
0.5040693162601222 0.08353365210999766 0
0.02677279401076749 0.04192571092518053 0
-0.5382541615654708 0.02482696474183876 0
-0.1734715648762403 0.3627836508735869 0
0.1567719601505472 -0.3267414966922413 0
0.8274242566228777 0.1024389400932803 0
-0.5362284219652294 0.420298702308082 0
-1.235896092794821 3.562221882123324 0
-0.4342413097117611 -0.1429191735017998 0
-0.269048636443153 -0.2220450033821059 0
1.812613195481335 -2.345781360975828 0
0.04676833726551587 0.08543357336219647 0
-0.6283554524279673 0.02245643826364913 0
0.1130746003276995 -0.07474173442974053 0
0.7558001682930573 -0.06089241834095922 0
0.8342578692162734 -0.5942466468234991 0
0.781382951802106 0.1743644379501062 0
0.4033059343527543 0.06237508067114626 0
1.740911235131346 -0.6559317843326106 0
-0.55845880159723 -0.3235778862957109 0
0.03675211246466862 0.04468824440253295 0
0.8749900839872771 0.1232935739072455 0
2.357747742196162 0.5779404379521846 0
0.9201911788634918 0.0744374006017843 0
0.7067210635334917 -0.0403582388824887 0
0.1620431974847062 0.05916595749132404 0
4.389358285379884 -2.196075809239765 0
4.711971354742537 -4.105577520815102 0
1.092858049926623 0.177011277086809 0
0.7260792505369864 -0.03834605486827387 0
-0.01106315574603449 -0.0179069874285951 0
0.3590927799818036 -0.2701256171965298 0
0.9975174745793504 -0.01648421387063596 0
0.7536132648403575 0.04670009128100677 0
0.5665625127541762 -0.0688446146485362 0
0.8237694454441216 -0.1210309537110344 0
0.288250464120909 0.519666907941853 0
0.5066354671382611 0.4597961286667259 0
0.3015413630828945 0.1334025262996147 0
0.2232916214418405 -0.2735430996124535 0
0.3083433303745978 -0.07240389570544499 0
0.3318392924929469 0.7103014250970285 0
2.643120394926059 -0.8198290249209017 0
0.9198167667041983 -0.1220941959641343 0
-0.2910121016411152 1.050415217544769 0
0.5631947483416295 0.06087256990862866 0
0.7527932524981936 -0.188913955879925 0
-0.4009604968092324 0.02693036768343748 0
0.1386931093551627 0.08144132943910873 0
-0.1147751744386824 -0.5805023518658002 0
2.089357186994225 -1.287221898257841 0
0.02735245983733083 0.08249191446519785 0
-1.210498176391887 -0.2919065497365159 0
0.6914712090797484 -0.9734623694277518 0
0.7920365974606641 0.06134485040373791 0
0.7305879757418007 -0.1466461491596441 0
-1.495480516646042 1.251211319830004 0
3.254938403085417 3.693680710750239 0
0.9241662879825104 0.1643817506621176 0
0.5722197879177779 0.05961676140982285 0
0.600594176279395 -0.3080744110441901 0
0.9274041304581275 -0.2484569774636286 0
0.9698921090017842 -0.03038565672708068 0
0.2381662209251293 0.07111853965556536 0
0.3950297038265281 0.1089799858493585 0
0.006064297448890761 0.01951987775972526 0
-0.8183770579774153 -4.180747933575404 0
1.026837973286349 -0.08856156433581765 0
0.4564251754663612 0.08861385586304191 0
1.115736691794066 0.06423526236719378 0
0.489538822033042 0.1402767488278826 0
-0.4864633662668387 -1.274670796324537 0
-0.746348576894222 0.1089979728384094 0
-1.687189617967837 -2.889562770839654 0
1.095998427700535 -1.246568297646993 0
0.2809434293014034 -0.2133779594612495 0
0.8064184827511222 -0.04735804515232826 0
-1.140520914638563 1.413267478820751 0
-1.667295091916742 0.1425915866691957 0
0.1785537548596233 0.2696599773673535 0
0.1062746430988521 0.2041840609959511 0
0.9728915506629869 -0.8357398925875532 0
0.6916940310167791 -0.3490203923543861 0
0.9505906989826602 -0.1609774567809504 0
1.119805975633674 0.1490892899037189 0
0.7265285352956355 0.1258521417944875 0
-0.2409188113672326 0.4238295364300521 0
0.3176587640063063 -0.07191455379042741 0
0.6642413856943929 4.534370423193459 0
0.1287918516837194 -0.1689670380496155 0
1.415271383722934 -4.221583239827715 0
1.385062744732241 0.1004374214749293 0
-0.1907225905596794 1.995006122168044 0
0.2545242973302022 -0.1394686632579237 0
-1.015292338274622 1.031030226328662 0
0.1202389674536266 0.1756659186774216 0
-0.3012921907456054 2.12471361516259 0
2.214524840070518 3.572895011475388 0
0.2324195805012435 0.06336556518403487 0
0.2043271353341296 -2.385821235124653 0
0.4146274229694537 -1.938339094875881 0
-1.440364181656181 -1.899256403668556 0
0.5825257713540565 -0.06044229637909559 0
-2.502219956851401 -0.0687284364333359 0
0.06900769616783684 0.125217144346196 0
0.3130027373266855 0.1220897247928474 0
-1.454704198144706 2.592829977731852 0
2.582804812206857 -0.2218956764210485 0
0.9260637252219774 -0.2824143389130088 0
2.932578651222769 3.361664245845642 0
-0.09051228300335747 0.3065815627645958 0
0.6025588462639324 0.1190186617016849 0
-2.546983306954169 -3.350733978350709 0
0.9971501716062251 0.03544114640483329 0
0.420775269421462 -0.1138348881701893 0
0.6624134402198013 -0.05213713009603282 0
0.5812755592051989 0.06233903715617393 0
2.834128328252057 4.091733575417477 0
-0.122962759205279 -0.4110844280905839 0
0.8899081152645669 0.6562850937226422 0
0.9829677991866388 -0.03340018137563767 0
3.217625597977731 4.173306538772779 0
-1.560563563383129 -1.753354849551564 0
0.9991820892703667 0.1200192206989957 0
-0.1258092815514026 -0.3128219683238133 0
0.6560399119462025 -3.4019194110567 0
0.3723590125582596 -0.08740011931688671 0
0.05600253448454197 -1.657861011172556 0
0.8817864028434697 -0.02805268812102761 0
0.3670797223176631 -0.07214959562584293 0
0.5200283206766214 -0.1005450653408732 0
4.709075405593251 -0.2464264760777055 0
0.2766149511205683 -0.07596131223911404 0
-2.774489532057677 -4.057634587844648 0
0.8735907415175449 -0.104568727762728 0
-0.05463085788449865 0.3441745317226257 0
0.9494168185341547 0.01267581129127764 0
0.6074473167940834 -0.1419273687191467 0
0.06349290966826929 0.09211414712139965 0
-3.755097467876191 -1.328435982279568 0
0.1585405267709323 0.06835125518481851 0
-0.1074000015205872 0.8305372683126586 0
4.686691360371622 4.13164034720219 0
0.07712592419149178 0.08935966505916526 0
0.159327592676851 -0.1258500219007909 0
0.2877488860678665 -0.07200648892629721 0
4.734058484987679 -3.446622135445052 0
0.7914628659570463 -0.05588097363939333 0
0.4249635617746426 0.09581764852938919 0
0.7972865061000931 0.09563543222766685 0
-0.5391852446456726 0.6328815367821283 0
0.1417204770952634 -0.06469614666712831 0
0.7901835564802657 -0.2261663162114602 0
0.4000771043966752 -0.08233870987613894 0
0.6228513665455405 -0.09894157925831927 0
0.8799180137436677 -0.07641655178559263 0
0.008617738597818799 0.1126991834417801 0
0.7679088791817132 0.3998324629952451 0
-0.9266342262478957 0.7124017303990575 0
0.9823373276589105 0.03278842063095103 0
0.4606151964545848 -0.1109585024583684 0
3.28662976975181 -3.858593047644902 0
0.6338645862210854 0.06137932468185837 0
0.5120208043583458 -0.07785952578551318 0
0.8909438264185223 -0.3658301099125527 0
0.2941227668608856 -0.2465555795075355 0
-0.2132332085429596 0.9100853083173739 0
0.4881853969712234 0.0585398385343965 0
0.6510751123847137 -0.08016040588392653 0
0.6990590948501838 -0.08469060741280751 0
-0.2815199311219128 -0.3950178142012797 0
0.8533571312093404 -0.06556902525326369 0
0.3645844710473595 -0.0979172845314091 0
3.662802496170397 0.98615265655288 0
0.7723427898597544 0.7055777243984231 0
3.327950184856108 0.2033142026998649 0
-1.64257267776312 3.816291816057198 0
-0.04439441224255813 1.417015159798773 0
0.5768432490965272 1.037857391542466 0
1.026171912045865 0.3395170960248934 0
0.8275884457968899 -0.03539762442914873 0
0.09299295188325701 0.3797047568869478 0
0.4446920126249044 1.133572956836695 0
0.8348638775144867 -0.07297789904697741 0
1.028375102680182 -0.04478328171896223 0
0.8899400856550467 -0.02637376427936935 0
0.4165047977321098 -0.06846736238848988 0
0.336259579396272 0.3349425689612009 0
0.2834624684240467 0.3519702888665993 0
0.772102544435642 0.05273337651282851 0
0.5548121382028519 -0.29986970929359 0
-0.1006272202194727 -0.6815893283947192 0
0.940200117875823 0.8632509261892773 0
-0.007095859691278343 0.01747435935766257 0
1.232996640562697 0.1986359881472763 0
0.2691845925554889 -0.09334376262860988 0
0.4533862853834471 -0.08325446581723162 0
0.7520427891246975 -0.05155043798004966 0
-3.707192692397422 -2.357941312345912 0
-3.720578320620874 2.823010173008761 0
0.8433303152451903 0.1457776160606756 0
0.4367916136644365 -0.1056547276613935 0
0.5498576148412488 -0.06050761526338427 0
3.418518617146396 -0.3626409624807676 0
-1.836983983211271 4.143363391357954 0
0.3838678079211958 -0.06365805986451314 0
-0.3595677387354614 -0.7066024476621675 0
3.104904144889817 0.2557540406040397 0
0.3550850618516462 -0.08613076860786564 0
-0.7264432484105854 4.170450924507421 0
-0.7620154076001824 2.665871392619442 0
0.9456682774460207 -0.02474175719460157 0
0.5965899216041467 0.0902338380770803 0
0.1429967498214421 0.05727513022638343 0
-0.8032583005338372 -0.007465282705423325 0
4.322665361259892 0.7330428050934572 0
-3.312750753284485 2.678713644114086 0
-2.631792874528313 -0.6122861863509986 0
0.5396401946902681 -0.9771688051195412 0
3.165282077432677 -1.581534817681999 0
0.5415624775452825 0.08071498358993059 0
0.7701522600825687 -0.1394557767873575 0
-2.772859207731706 -4.499197520517892 0
0.6155806766613092 0.0946341260708701 0
0.4285367172098313 0.07119298025329504 0
-2.890541757059585 -3.637488042698516 0
0.8515099103289678 -0.03282647299815737 0
-1.729536142730836 1.36825906335424 0
0.4225250605391542 0.06160583055796966 0
0.6268163248647607 0.06954241809061659 0
1.152208714567484 0.9221168340539735 0
0.9400244900502269 2.003087691978156 0
0.6598804693304803 -0.06972358707756074 0
0.8771351383040979 -0.04981154703130758 0
1.058169175727427 0.06538289109845113 0
-0.4411094154555356 1.05161334716535 0
0.5313857618753149 -0.05492493815318879 0
0.7323674635675819 0.04615452580500033 0
-0.9729339344348952 2.057953093487309 0
0.5431080433431296 -0.1405120865853489 0
0.136235492932904 -3.484650851260891 0
0.4820583999291339 -0.05835673709666496 0
0.2679553169474142 -0.1887952377676347 0
0.6117100418763375 0.0604781907957362 0
0.6185277263128875 -0.049188881700527 0
0.5051133887949288 -0.2490040292118313 0
-0.1565712671046746 -0.07350511905720909 0
0.4121775842150236 0.079045072300816 0
0.669809680008573 -0.6616717218496642 0
0.3863228445148106 -0.08455526597018052 0
0.4685055709686207 0.05909700730282257 0
-3.291087024373968 -0.5887079222054471 0
0.976805958587292 -0.02214764800002902 0
0.9053100726625212 -0.01749569403497646 0
0.2135745158190181 0.06239941474945335 0
0.4590162009356986 0.11124741733496 0
0.8661304269358738 -0.04578431963573103 0
0.8454569999188073 -0.02496132263776554 0
-1.236536669288821 0.09215405440390806 0
3.992269770654125 1.930748688864642 0
0.1430724097433338 -0.2003244162210874 0
-2.776609684636445 3.384920156146145 0
0.6447147066815632 -0.04671258312677894 0
0.3369637044008769 0.1524201187825019 0
1.788411592343447 1.794447142465194 0
1.330674824197117 2.801624567210374 0
0.05952081551535074 -0.1076566215200549 0
0.9570231036363752 0.0374237341890504 0
2.952733835971357 2.620442729392271 0
0.2638701127344485 -0.1475441009820914 0
0.934191787610303 -0.05435181099085119 0
1.00036002954645 -0.6123248292312566 0
0.3254629691060765 0.06534227641443599 0
0.4023387564661401 -0.1974799362604056 0
0.6738005058435734 -0.1518536263089802 0
0.729345473683056 0.2266558612867334 0
-0.2378703510890305 0.1963135250278474 0
0.1384963020934035 -0.1179888848137441 0
0.3214185328049005 -0.1596583986582613 0
0.03494301259729279 0.1486224816772634 0
-0.3049166563578615 3.054936844150011 0
0.7110194725671849 -0.1254407887903521 0
1.52945222393711 0.6257141722972994 0
0.9889743648874117 -0.09453550271873785 0
0.01152930777600935 -0.02383110554651909 0
-1.022403130872759 -0.6624953815825337 0
0.9393891245176262 0.01300242242167442 0
0.2377517393697665 0.3691468787554196 0
0.442749429487898 0.5968248803115048 0
1.019534782765208 -0.3730033551193443 0
0.1983006461765381 -0.06180712212522578 0
0.2247637956761637 0.1270037728744334 0
0.8184867858236634 -0.05378670450017775 0
0.8217696674613031 -0.04237952885117227 0
0.8593273010751291 0.05592148384339227 0
0.1150640251805087 -0.4550487520422729 0
-0.6385957903209741 1.39371352317276 0
-1.0506773694079 -2.426924664726178 0
0.7213495363257026 0.04539485053375136 0
-2.224342929016263 3.544056518967133 0
0.1261521132404511 -0.1072099598357602 0
2.822020589319558 -4.517454769284842 0
0.5204376848198564 -0.2187563465496987 0
0.4923485594168553 0.5309821146619272 0
-2.952918394485848 1.853801151285501 0
0.6882236201955307 -0.09429088374312719 0
-0.4932336875751269 1.655727772667222 0
0.509687810188706 -0.1342266743468745 0
-0.02346771088916585 -0.009201480759237032 0
0.7858053120536432 -0.08730968533745742 0
4.74565277401024 3.478725999482189 0
-2.091045326092948 -1.45250561967261 0
0.332134239919918 -0.08638587809962373 0
-1.13961383029325 -4.55999100431675 0
0.1962466712854494 0.1059596480577288 0
0.6270285167508773 0.05630590445446663 0
4.282214973113302 0.4897019370941878 0
0.4653727695928477 -0.2999409261577921 0
0.7411380264395669 -0.1105844465832393 0
0.9332975424476949 -0.02894923769392129 0
-1.275348159597328 4.158937585884193 0
-0.4713359274725744 2.941113104967548 0
0.8509701707113519 0.2250653266771356 0
1.255529915562252 0.0001058469382698561 0
0.4208158761759573 0.1416191446855513 0
0.5231049795549764 -0.1369931467936292 0
0.6783481318924037 1.325096656094207 0
0.3280577305334789 -0.1203637668270351 0
0.7134093252689683 0.04591262456622319 0
0.7323030656633801 -0.04637238398899102 0
0.4081140961925502 -0.06262609304194847 0
-0.3329656475431966 0.4788418981946336 0
0.1521573013820006 0.07518770506550818 0
0.7416611383213133 -0.2108709822931276 0
1.455639604251883 -0.3304819160528334 0
0.8250472332507182 -0.1827698142857294 0
0.8650412178843698 0.7572531017596965 0
2.288695101276855 -1.12180828562496 0
2.941201404872319 0.9155552277505168 0
0.3956540297545283 -0.1135072277774205 0
-0.8328956500529469 0.4938389396841514 0
0.6683109764807738 -0.0607774884649166 0
1.014526858776932 1.243428145825121 0
0.4105762451693274 0.1018898205538603 0
0.6305947336959786 -1.04422323360542 0
0.1602852635010979 0.1334633282290139 0
0.6071477794171319 0.3341484007728786 0
2.227353273743887 -3.423579461141754 0
1.141079758707537 0.1117464295524034 0
0.177297369901227 0.1504810694931794 0
0.9735684565341288 -0.2250229702942587 0
-1.190768634745138 -3.582615956526078 0
0.1925315891016374 -0.07038948967344318 0
0.6723140058194685 -0.05051797374337981 0
0.1465877812132702 0.1311261999551699 0
-0.316243860230565 -0.831177225939145 0
0.6293062682858585 0.175362559698159 0
-2.962561769360902 2.448794537118181 0
1.10892949888317 0.09385440744311394 0
0.2423967275211079 0.5012276349296592 0
0.8914170086840563 -0.1046223185779134 0
0.6485415870653529 0.08494058704136422 0
-3.295066862819639 0.01241884360926205 0
0.1391289021952005 -0.2960510367832209 0
2.393905659270796 -0.4593451864702953 0
1.201847619099238 0.5643326095002797 0
0.1424116861323582 -0.1445113623307359 0
0.2934703480883986 0.1262965158920643 0
0.7999925601497537 -0.03944062252728813 0
1.318581007251106 0.5877938439880637 0
-0.05156148226648496 -0.09216898497856546 0
-1.276679452379787 1.40266746775196 0
-1.9237866405729 3.243720364257749 0
0.8645703309208734 0.3596385941564867 0
0.7173597644133297 -0.07361505561998177 0
0.6797617297775768 -0.08339124626709295 0
-0.009713546932023311 -0.2026014360150172 0
1.478726253743744 0.3462824166685016 0
0.4089350500641603 -0.1515300969813158 0
1.869529212871439 -0.547602180301096 0
-0.3126584045593655 -4.521258237998039 0
0.6278283057329307 -0.1516206422463801 0
0.9808563772723661 -0.07393442958452512 0
2.852458742780785 -1.83684144646694 0
0.3397909328831809 -0.1044341074178583 0
0.2223429129713183 -0.2300701101443688 0
-3.471551512118122 2.29449414202092 0
0.9153855000273341 -0.4405492643251291 0
0.5289165606363648 0.06544307045653752 0
0.2999366373598733 0.06511048180484005 0
0.7417053115310664 0.04351975285906715 0
0.5136099140435884 0.08196372671178169 0
0.6623089511311163 0.1537421595366791 0
-1.379796435192524 -1.306607404809565 0
0.961187854140219 -0.7126768196390472 0
0.5178647693488294 0.06570728380947494 0
0.3064811170756199 0.2626401502308667 0
0.9311033045818988 -0.5258185460440596 0
2.044363026607005 0.2485239564973544 0
0.8317138139826159 0.0431088159278968 0
-2.199116144513739 -0.2320340622111861 0
0.7562883853295448 -0.04245273862194199 0
1.283434963453885 1.327542281121845 0
0.5653938530206808 -0.1348479155763501 0
0.8935436890227946 0.1437398676064304 0
0.7171230250071784 -0.08720507915655924 0
-0.6022860293249903 -1.426757614001904 0
0.9600914460421859 -0.03912765018625637 0
0.326494440059245 0.08669462938203079 0
0.5123859093967065 0.9934671081557234 0
-1.443709510677698 0.7942710707479954 0
-1.027629343241966 1.905311522596542 0
0.5054506117740533 -0.3654702059388422 0
-1.04913619087791 0.05255050121727697 0
0.6975433404496525 -0.05854649529669473 0
0.1951036635584014 -0.1205532653436766 0
-0.004846657009344771 -0.02215431461656109 0
1.03992850913223 0.6053972796212436 0
0.9603939124981588 -0.05621689195920075 0
0.2269060653259141 -2.901706294160282 0
0.542258253075407 0.06216919913139322 0
-1.089534699449351 -1.656317696935098 0
0.5344030503582158 -0.075383640525028 0
0.4776899816310443 0.0897393115715549 0
0.1317603038003529 -0.06367739229919145 0
-1.957647005046347 -3.640478065496602 0
0.5921550033140077 0.05702230605584236 0
-0.03749735703556046 -0.0460231577134155 0
-0.939719347205564 2.483602124089225 0
0.2073803228368497 0.07088927648111946 0
0.4043431769239529 -0.07278904146832084 0
0.6371407983963341 0.1520573207253754 0
0.9994008650725305 0.01357550393388678 0
0.2445612829233876 0.1669244432035082 0
1.125681819424266 -0.3562629016745574 0
-0.2204703658967258 0.06488806279808362 0
0.8159954036610121 -0.03582101201210356 0
0.4825418138146862 -0.09720207525831182 0
1.217222120319257 -1.018596705878723 0
-0.2994596991673323 0.2493372819980215 0
0.746702165823493 0.06086325036815835 0
0.8226341015928486 0.03757347132956297 0
-0.419814604707189 4.503926557156764 0
-0.8061635779170555 -0.1445294509901075 0
1.940362587575661 -2.093981580695462 0
0.3642268733811191 0.09594269102875398 0
0.6788371951018934 -0.2383623133801716 0
0.4077207045763236 0.1641365281817642 0
0.4239507080124939 -3.711910401941366 0
1.120473328696991 0.2232918510698025 0
0.1728051821596944 -0.06803402953183081 0
0.8357999478019098 0.03370510072014506 0
0.9108438886028576 -0.02531868283385971 0
0.5713734884288689 -0.07592851930317077 0
0.03219039186803293 -0.10216106589954 0
0.1545994466435601 0.3812039401786899 0
1.086405814899395 -1.539426706329255 0
0.5231096357919499 -0.1746044705005381 0
0.5151906222694549 0.05701359515464222 0
0.6998136724049531 -0.1299180341311737 0
-0.5024067543650055 0.5253068788557316 0
0.8053259146214204 -3.577744365365773 0
0.9581336546239526 -1.21235084167605 0
0.5372122477360598 0.07131463857721965 0
0.5534330488052985 0.2693534420427335 0
3.777347846144299 2.46014259970492 0
0.9184539902077015 0.3200606473303741 0
0.2384180127334962 0.1025004357795414 0
0.6645401638706592 0.2836889145134861 0
0.5900858932231893 -0.7861951426852241 0
1.726060444392123 0.5077348611804842 0
0.3013770361022301 -0.5954174310800426 0
0.4562863343477986 1.308714278245565 0
3.407196087900571 -0.8289487781203476 0
0.2141821228951002 -0.9845237902054531 0
-1.520964264709146 -0.3871671123396313 0
0.8891907903758025 0.482329591617529 0
0.5569031913092978 -0.0536756145000392 0
2.791514876761446 -4.041896583701496 0
0.3161762464630673 1.029617532125768 0
0.3965324702181234 0.4756227055779909 0
1.052116365019418 -0.06450137070591 0
-0.03276695975818478 0.007121516066196054 0
0.5646172317177899 0.1103730852496587 0
-2.375063903740209 0.3845799324610832 0
0.003386186236716193 0.2303813147482422 0
1.346316667738932 3.737800006306713 0
1.890458009340098 4.546758838741602 0
0.9021550904912832 -0.2846187386065959 0
-0.1448919510374145 0.9589238268166219 0
0.4261653206393609 0.1301769557137376 0
0.6737028392965189 -0.1165934253466269 0
0.7822594600248585 0.3108698478903773 0
-0.1266740778860607 2.955442717457001 0
0.2753440148830416 0.2079452148265462 0
0.6500809716296829 -0.1047405973789662 0
0.3542740116569343 -0.2335801965950658 0
-0.01539216234882712 0.3244107612604688 0
0.2043294115263405 0.1248809466250381 0
0.05089356588331519 0.1168979431263926 0
0.7399125399507518 -1.091121493766657 0
0.3687932874269815 -1.260500419354678 0
-0.8221502393912092 -2.937980497364734 0
0.4939066430729417 -0.3320335996837376 0
1.097420052601832 -0.06201936994991828 0
0.1179937144460988 -0.05390153962442214 0
0.81092557086432 1.452818535789401 0
-0.5695899422981827 3.356402699978426 0
1.181881976554495 -0.1891896321754773 0
1.099655412974124 2.236881051508868 0
0.01623186863071274 -0.886168658974646 0
0.3130935707106769 0.09181588148634193 0
0.06114050737492803 0.3127280432978116 0
-0.4700525274738642 1.252692353203097 0
0.4932601441081289 -0.2154432599701557 0
-3.337477680948076 0.2697990423460842 0
0.01559476825687479 0.08437923246644746 0
-0.2106115960561887 2.514765933831796 0
-1.075009598640686 -0.05711216286479583 0
0.6137692647645556 -0.06785742944747586 0
0.7618370042053946 -0.2496970729316946 0
0.06924720124704065 0.1064285296860637 0
0.3970939733445858 -0.2577283345054734 0
1.00914734194832 -0.0226670552742306 0
0.6853184977727843 0.06149652924175844 0
0.3576045854626105 -0.1697082818135111 0
0.6187729834773135 -1.172781881853119 0
-0.02605150877230016 -1.045822572839951 0
0.2800785238328821 0.143276794138884 0
0.1449876869744701 -0.8724198534693399 0
-0.9802007491821946 0.2056488691283268 0
0.6087778227372062 -0.1873684611407834 0
1.033944901045858 -0.02041944667990977 0
0.1113479239787787 -0.06066290607989069 0
-0.1466214819502916 -2.742183936577693 0
2.516703731505342 -0.4395669713727783 0
0.885295098802793 0.1019360351832346 0
3.244575194068905 1.652801072161742 0
0.6673413603648891 0.05139182796297644 0
0.8071374721740888 -0.3311007347564393 0
1.269146685985145 0.08133880870481094 0
2.731305707365018 4.54100392009255 0
-2.132203097187841 -2.768281538528572 0
0.6171649517401298 0.1690730848456177 0
-3.769806889846185 -3.503795440260722 0
0.4625566912867397 -0.06558069259921523 0
-0.3877448531873035 -1.954460277510741 0
0.06903320881531672 0.04613714802679585 0
0.6476330726205406 0.1988920371397179 0
0.9148307657804485 0.1907173197703792 0
4.754220659314902 0.7371854136896536 0
-2.807997888342361 4.195862308780276 0
0.04614784040607513 -0.06998098967701781 0
0.05673716628196829 0.07094034965134435 0
0.1771758546674944 -0.08525436179620255 0
0.4936861211690703 -0.1196945812752556 0
-3.429446315058252 -0.8932835528625617 0
0.3380618558567559 0.0887975115565828 0
0.1482492687293226 0.0847423922061625 0
0.06562628157722417 -0.4411277231938055 0
-1.799226038855655 1.906263948298344 0
0.9918733595846182 0.0667122581529993 0
0.2495075376169684 0.07381346395866847 0
1.341668829902009 0.05845048610980651 0
0.1769917714993668 0.0686909670380529 0
0.9799330052537509 -1.394287091159886 0
0.7271367935851774 -0.3223024723879098 0
0.1966193487872375 0.06814075942791886 0
-1.796943322396575 2.986404290052127 0
1.216884091136949 -0.3671499439510005 0
-0.0681169002258919 0.1941120146487971 0
0.9257968321433784 -0.02205880384895072 0
0.4332253379440867 -0.07902126610537881 0
-0.1546432763155696 0.06377412206609213 0
0.03883738803153312 0.06130052245073223 0
0.5727741467306682 -0.05928753028337345 0
-0.07553455533952083 -0.3870247731729206 0
0.4714547071124275 -0.1447507694621075 0
0.9651951192226857 0.02525192517168234 0
0.4806955012148776 0.09983329295466986 0
0.4922597643669172 3.743805733218355 0
0.3023315379762269 -0.3237739428088904 0
0.6635068470924329 -1.73208663400138 0
0.8180690721693386 0.4451496638750029 0
0.09195420316478914 -0.06225281796592654 0
0.4466759557043687 0.0612766829061515 0
-0.6203519966233189 1.580459611515139 0
0.4208144574995342 -0.3010165091112726 0
3.693877171793671 -4.136513204196811 0
0.4778191479136028 -0.1135150611371341 0
0.07601438279069628 0.05642356762559554 0
2.953495950002239 2.896304157906176 0
0.6465752553257376 1.795397336506696 0
-0.3096929179114313 0.7061661414313405 0
-0.4672990011476447 0.8316267681644188 0
0.04891760827386858 0.09835552619434379 0
0.1108985411775751 0.07722469000855575 0
0.4673049777277269 -0.6253061848957573 0
0.2940863874608739 0.1073656407419785 0
-0.2070624494442246 -0.2749334956839307 0
0.6207132430033431 0.1231159588252231 0
0.1025312672901415 -0.05911125626534942 0
0.8644230789448921 -0.4088343541554026 0
1.165595508650341 0.1781188556270235 0
0.8521564699732258 0.1944205067904265 0
-0.03315395790708976 -0.003830895090484697 0
0.4500590421553415 0.5108541717088307 0
0.5134023777239309 -0.05655767971790587 0
0.4126855272035941 0.2675343307567706 0
0.570245931649127 0.5550916436803558 0
0.8531024365941997 -0.2357065826100133 0
-2.554164141832901 2.787705894249486 0
-0.02586624027785327 0.07434884275174194 0
0.08742196952309378 0.05515259901046726 0
0.05549860595613111 -0.1636957168206134 0
2.899522399805281 -0.7184745096340718 0
1.600478262741643 -1.523278423011793 0
1.914652224252174 -1.120363295398442 0
0.2682315396323962 0.1143601026289835 0
0.2608079688232179 -0.2397842117485606 0
4.311853977416395 -3.924179757891305 0
0.1902772866455507 0.1944969533326991 0
0.9512770697479218 -0.01992272430454545 0
0.6247167535630684 -0.1779153331561568 0
0.394191720744297 -0.06914323398619648 0
0.7189805468851064 -0.1434829823024928 0
0.7755250742184604 -0.07829378998190785 0
0.06021363271221911 -0.07201534804585137 0
1.248842416422286 -1.177697202042823 0
-2.990968580994387 -0.9359075403861612 0
1.422939653670388 3.078246241184969 0
0.4929948037550286 -0.07177478629939599 0
0.4387073875493605 -1.546373589323509 0
0.7630240034231016 0.2293265072560781 0
0.237890027628732 -0.3155152053493896 0
0.2987800004171349 0.2327474344562593 0
0.8533553840636952 -0.1472753746069463 0
0.8745195644815988 -0.1477571691522703 0
0.6568094254299455 -0.1236741194039441 0
0.05127339331431637 -1.023506213576939 0
-0.04902592673159532 0.09217907606827758 0
-1.863369807867026 -3.186894600346488 0
-0.8559701983847422 -0.9850716055896778 0
0.9208484939113257 -0.05128088472878953 0
1.458424400782865 0.06263635163696121 0
2.515172262376961 -1.934332713338811 0
-0.8618496500311554 0.8977288892227909 0
-0.4586012797936829 -0.4102678854748098 0
0.5085485279192445 -0.733147666532186 0
-0.0668605168477677 0.6726286691911718 0
0.6698158995028539 0.4093176070370811 0
0.3081324329260298 -0.2302377789090092 0
0.8413835655158549 -0.9585198793835259 0
1.296677586592101 0.1533201265656234 0
0.1815026554572373 -0.06762111066325971 0
4.416871970154319 -0.7182222719288597 0
0.2216153521632885 0.08886693532337611 0
1.307552080190916 0.9529472709380149 0
2.270144758984532 0.2865448973889708 0
0.9206047399234041 0.02272715441458449 0
0.6998929292493307 -0.1758474272760098 0
0.9697726966798978 -0.01755303759446239 0
0.9049701182575931 0.01738119666981523 0
0.7474364003782391 0.1282161101207045 0
0.5802588207074404 0.3300919927843935 0
0.6525350086861822 -0.04607550244837226 0
0.2536925312882494 0.3072907222382465 0
0.266933456732264 -3.910343321577977 0
0.9661507840984975 -0.1916528650002266 0
0.6735074194792051 -0.0949516655563843 0
0.5528676606337992 -2.124296269802558 0
0.304218060694633 -0.17160708719426 0
0.4175363581642265 0.06971368750402843 0
-0.4466684187420025 3.854083814263059 0
0.8737816391874362 -0.06165578100176284 0
0.2901153482040997 0.08359218376787461 0
-2.190212032947471 -0.9955384496871726 0
-3.211192325846852 -4.16175024777232 0
2.471222475895157 -1.085807680645434 0
0.540739488418195 -0.09990366061660336 0
0.8565363244394417 -0.05672694220575632 0
-1.197945804703183 1.856524884591029 0
2.157405843681327 -0.1461573375222397 0
0.01492661067101571 -0.04278011979221793 0
1.552035595845796 -1.908273952775496 0
0.461766587947128 -0.08569248383266964 0
0.5414597492561255 0.1606960894231743 0
0.8053393795040918 -0.4203345904191942 0
0.7743129160501535 -0.1573186186359443 0
0.9877344896557224 -0.04664571763252153 0
0.8526224917143452 -0.1948113664610662 0
2.774243733719526 -1.302587155448189 0
0.7790988065775315 -0.06423566834048186 0
0.3023735348141058 -1.617034995601797 0
-0.3137333685756622 0.8403158923840643 0
1.119263040795005 3.592307139704093 0
-1.334580970836609 -0.4469973890994622 0
0.9699376948925316 0.01651634846304896 0
0.1340842233901979 0.1140407181715583 0
-1.464637742103087 -3.69443430088385 0
3.30550982697225 2.647391613816243 0
0.5155782591351337 0.3633512917826666 0
-0.09489394785352909 -0.09103020277469903 0
1.108205645709841 -0.1107800542269579 0
2.222319872729489 2.869992011885115 0
-1.660977546976626 0.8126767284055681 0
0.1916437862234034 0.07911161981580227 0
0.8732678739368677 -0.0318963994306808 0
1.234015350026698 0.857072057238906 0
0.4113214998073112 -0.6198509007744328 0
-0.3163474050702653 1.230784070571663 0
4.741067515837861 -1.704777409198662 0
0.681143374907381 0.1990004596376636 0
0.3125849379056369 -2.594935962031883 0
0.7770770425343911 -0.04133500790758188 0
0.2168496872139936 -0.07001420562767684 0
0.797176067955045 -0.03075852833244402 0
0.03091545954737462 0.09283488836008004 0
0.6009851662925771 0.1008679446291199 0
-0.9310235916001722 0.6175973653712409 0
1.935531467159143 -2.88441440254756 0
0.3008008005878066 0.3767726589989315 0
0.7082915249871065 -0.06044108877559863 0
0.2045127294305443 -1.141182460996159 0
0.2438078566111668 0.1343001594623819 0
-0.366226536914142 2.396430848082247 0
0.6388777821813196 -0.05641326621906188 0
3.944503562507763 3.093557805280245 0
0.6388237586099952 0.08296881390402212 0
0.7350030055976828 -0.5535679441922904 0
0.08601976103227674 -0.07816569901515778 0
0.6668342936366087 -3.766034539367296 0
-0.1207343689857098 -0.7462147430057382 0
1.724604695674267 -2.87678379839102 0
0.3424967733446279 -0.1519723636014112 0
1.079388697516909 1.808338140332844 0
0.9482987084437149 -0.03064998796765092 0
0.7094710764953889 -0.1137052200545752 0
0.5892174165603361 0.7010718196098958 0
-0.1916702068764418 -0.7777855795196845 0
0.9480103642809348 -0.06497232679121152 0
-0.7728606958063512 0.6911613392400742 0
0.4522289155020369 -0.09638346843134603 0
0.2395452358726335 0.1964807165654964 0
0.4827244118853693 0.07543791655984619 0
0.760479817979563 0.08012361798309546 0
0.04163466453784671 0.07484714719221601 0
0.4461158434969356 -0.06118524228155947 0
0.6336522302279683 -0.1299087039129594 0
4.397465482583768 -0.3058937323939213 0
0.9810827520148153 0.07125288077157577 0
0.5007148526634954 0.1045158995748896 0
-1.817289010662523 0.3974837233287765 0
0.2832580272821398 0.4400801175384289 0
0.3908107625313448 -0.1277268742888008 0
0.8284461696685592 0.07087075460209764 0
-0.08968475289460875 -4.137411632754346 0
0.6382224008827893 0.9288483636928061 0
0.9407365210361315 -1.054677597263891 0
-0.8731989065506618 -0.7861139060128233 0
0.763725196955537 0.2715079392634511 0
-0.05354764135480082 1.040322401712475 0
0.3053551042342405 0.1033204604529483 0
0.791608345039533 0.04674558749492466 0
0.2595144972261144 -0.08469863727560085 0
-1.938689058537524 0.009699035273544175 0
0.6095998234507455 -0.07236822146391284 0
0.5142158421154374 0.1150811701439787 0
0.1131622264513817 0.05340853275016412 0
0.03403088941367555 -0.06605485088570202 0
1.136539743746241 -0.4938172669772174 0
-0.4856537153059376 0.2973256606065636 0
-0.05349503956682423 0.1248554595012692 0
-2.322691327278954 -2.657925252837294 0
0.3187435509547192 0.09578693199745385 0
0.9138305778670768 -0.09808761376754507 0
0.4782104963932086 -0.06683936605397689 0
-0.1170257903010478 0.2604960140569992 0
0.4092754192367415 -0.3886021264555788 0
0.1136041900570752 -0.2047249824261686 0
0.07567803850497415 0.1478454231954378 0
0.2086454912480076 0.1336448274837304 0
0.8519494480250864 -0.4376771192744325 0
0.2462446795794783 -0.2132169479873954 0
0.09460551891759737 0.219987128106657 0
0.6182485341343058 0.1046263150308942 0
-0.4085011323092097 -2.271805172951634 0
0.2872841667484936 0.09048516701952974 0
0.1024585300589364 0.9434152394230108 0
0.1645901654091861 0.3333904768195214 0
0.792829383002752 -0.1026791458084533 0
0.1498784778375019 -0.2192696426131729 0
0.8885534474976334 1.745926585523927 0
0.5269113886386833 -1.989481945867263 0
1.047765198559944 0.2604018078291181 0
0.04784822482830377 -2.64517301282917 0
0.2677280648470449 0.06505112854592782 0
0.6895267548452103 0.1041836150177182 0
1.380671787695656 -2.065321246236274 0
0.04376430716804672 0.2362001140198011 0
1.793120098447813 3.764948423205328 0
0.6663439585511182 -0.06827977893891707 0
-0.7970054089608862 -1.078877715355303 0
0.714650493057612 0.3890067404378047 0
1.393521140458141 -0.3971434586635987 0
0.709684346495567 -0.2231884446192449 0
0.3311834793839904 -0.1740285539416586 0
0.7947358666641822 0.1332912352707732 0
0.3065598561674283 -0.1020657340028352 0
0.6624274502095009 0.06074823303932698 0
0.9939175445760955 0.004612356447847398 0
-0.8676794412469709 -0.2834668417781844 0
0.09727924343675869 -0.1322942801756873 0
0.5984165941394054 -0.2410446813879711 0
0.2797387823677935 0.2675635943060835 0
0.1265835009525869 0.06408185994695603 0
1.623881951845627 0.3683058015016976 0
0.8990604303647227 0.05033421871963438 0
0.4311726525195454 -0.1178714608266125 0
0.4612593766781312 -0.1799154514653278 0
-2.179577323420726 0.002925253864223337 0
1.991366406675318 -2.651497733387843 0
0.7012354025432879 -0.04040794312813674 0
0.5012364908018849 0.09099277334836281 0
0.1774016838411353 -0.1214212990739855 0
0.8678984947191055 3.213513148772516 0
0.2627055462694868 -0.0638306838533703 0
0.8806301611294312 0.1456116611297865 0
0.6474164910075418 0.05226343458577293 0
1.095238876639803 -0.4330042042476006 0
0.6872885981585615 0.04982523098061061 0
0.8464102001576597 0.09697477255493114 0
-2.511005807452523 -0.459969206209967 0
0.8490354179089845 0.05735465779565604 0
0.8565440261471992 0.03217057672016582 0
1.219677489810679 0.3009960266383158 0
0.8475203538435997 -0.07700557786635526 0
0.9226656990437678 0.3750548878142264 0
-0.9356658677400267 1.649571923796828 0
0.2382036163917373 -0.07042808405745782 0
0.8748855030780043 -1.085224349296213 0
0.1578262093302406 -0.05821090440939328 0
0.9765413617351508 0.02149348332952196 0
0.9351872071383737 0.0396100977280186 0
0.774252681536532 -3.050111953639218 0
0.2837405587186588 0.1811721107682023 0
1.80804382625918 1.484954936381472 0
0.2442896171936976 -0.07342764036802187 0
0.09744490832823074 0.0797408927300111 0
1.549205452705584 -0.231711704134405 0
0.9602861760490274 -0.0171902992398353 0
0.6281536816952378 -0.05362876027598244 0
0.5778603229546101 0.169808554540742 0
3.702763682796791 -3.147884483156188 0
1.578958199287966 -0.0764067360855662 0
0.04918637426248818 -0.1454755157318691 0
1.405111500220814 0.1722751671261235 0
0.3229601162317161 0.2951625410409453 0
2.01902350852653 -3.081726030482824 0
0.2259998237082878 0.1439685879400059 0
3.724349561025374 2.063860741714925 0
0.6278255121980284 -1.913417052419502 0
-2.454871238388357 0.7131891213430742 0
0.5083338465405245 -1.105809917823789 0
0.9683443369117106 0.2022509173092797 0
0.4733462763949478 0.1567054422282582 0
0.7248421215887646 0.4421531792706804 0
0.06933850843626493 -0.5225371773475184 0
0.7412769069435722 0.0980618304519013 0
1.002876737620245 -1.085870801473194 0
-2.364844989188279 2.083344753412339 0
0.9097809010001368 -0.1428578300774959 0
0.6705211152385854 4.222423267514806 0
0.8800996457801856 0.1990902542258158 0
0.5318171117383057 0.2651141331866543 0
0.8098961348761683 -0.1364876742942638 0
0.6722683847236861 0.08509680222493016 0
0.7094664713856463 0.1147209777403874 0
1.191459809481665 -3.422300640235989 0
-0.04408188812533643 -0.1606343747907702 0
1.65008596168404 -2.238747431747905 0
0.7339285498449666 0.2628494820694656 0
0.4532181327315717 0.06887122720464547 0
2.031224327120736 2.945117960002986 0
0.004026373727537605 0.1339805946925109 0
0.2780353215115888 0.5748334351619631 0
0.1122862471253947 1.300396840500204 0
1.989912729928577 3.158455774676965 0
0.4030730225941141 -0.1623654204954431 0
0.3014164236308126 -0.08750908153440098 0
1.158510877476834 -0.126013559324073 0
0.6929826818652148 -0.1151156114514805 0
0.2013605565707183 -0.1579008372422314 0
0.7866138004736131 0.03240238833516525 0
0.5778557021632066 -0.4972628795961929 0
0.9181173309049787 0.09602924517633128 0
1.396452390395687 0.6943420102214876 0
-0.003312145372834593 -0.7626396228367707 0
0.5393484308585864 -0.1962978657958112 0
0.3494016158112538 0.09087819107888968 0
0.1027588840322983 0.06206032474444573 0
0.2746422865061653 -0.2864867891193737 0
0.8035777541741421 -0.09017990301954146 0
0.7181351358063146 0.05576768965805377 0
0.6323666023079346 -0.5192150833087339 0
1.127976836020166 -0.2620285478699702 0
0.970376185660569 0.02840311888288568 0
0.9047721283357242 0.07954180529683536 0
0.005367142847836424 0.03215913043504752 0
0.6598847949540037 0.4558438023728613 0
0.06540617722709828 0.2356156694064239 0
0.2680281132275424 0.2366930808952962 0
1.118089821273376 -1.985624311544181 0
0.01876340704275397 -0.2454553857918159 0
0.6254232600250537 0.2655785136902497 0
-0.8847930076517183 0.01445194833362072 0
0.9481143410513042 -0.3597884230752557 0
0.3261925203043258 0.07490796414249788 0
0.5550063382462749 0.0863916953182572 0
3.703142457334808 -0.9815727203138425 0
0.08350315665947546 -0.1768308478878598 0
0.6376775990266771 -0.1035658300155855 0
2.400162295098871 -0.8714821375212025 0
0.008783395897378721 -0.1169816073157171 0
0.3383230923262776 -0.07029552382194987 0
0.4254202517841689 0.1539046796682938 0
0.7029104923414597 0.09284751967692784 0
0.8135369695204099 0.04362605580156569 0
0.3488826452423162 -0.07399006476313545 0
0.01637477353804304 0.1005526830153527 0
-0.1281198925627771 0.02203712981771136 0
3.919517003014172 -2.693557441831666 0
0.5052200000046628 0.1849370224725619 0
0.7194551489598542 0.3409701458285892 0
2.194275030129239 1.069556139592813 0
1.049904387143611 0.1040736795437321 0
0.9868701319379674 0.1767755113222649 0
0.7210780434601496 0.06294795960751608 0
0.4866878950102766 0.1166530043313009 0
0.7300005844081202 -0.0888484499447072 0
1.249191089356416 1.646740674098614 0
0.8982840026143619 0.1300414887628184 0
0.6333902708009914 -0.3710464428957112 0
-0.08573392453217275 -0.5269185480466474 0
0.2785504082238526 -0.07121015526926819 0
0.716930951067573 -0.8409148925207014 0
0.5263174230694652 -0.07659441487190839 0
1.820516595295969 -0.1674181564277903 0
0.347975843027256 -0.3160677115262499 0
0.3400311325099144 0.07618714475253746 0
-1.604177683190157 -1.434524455904444 0
0.3757840076040916 0.0885713208569345 0
0.1803621724013767 0.1128826510672361 0
0.8039284968567897 0.04229259103173647 0
0.9040513789628439 0.02953908331169632 0
-0.1455795185873156 0.1397700521032091 0
0.6663472778929387 -0.09956932180300559 0
0.5034943859400361 0.1201666023399249 0
0.935784897483606 -0.1826991872871242 0
0.08146089601890733 -0.05632992623253548 0
0.553791275924896 0.2339749034329575 0
-0.02578940151986787 3.727860732731692 0
-0.2218819531798547 0.369106902609881 0
-0.03255023705017015 0.04997335373882489 0
0.2664565878795313 -0.5292660465737143 0
0.04709514562387208 0.06227791233178239 0
0.8553752417244402 -0.04286150777245462 0
-0.1609207978711712 3.3685425849548 0
0.2783376956844449 0.3082121093323661 0
-0.6197752870840607 -1.838220592080441 0
0.9325342914778174 -0.06363231330662157 0
0.6217413553112733 0.08128587314126327 0
0.2148187776008714 -1.231483511828813 0
0.9182431330800787 -0.8725547251707587 0
0.6580861441495376 0.0510408951359908 0
0.5429643312223189 -0.06775170751293511 0
0.5335830139382153 -0.4920090248350193 0
0.8637742036579967 -0.08771506982350605 0
1.119999185725651 0.7489932740566669 0
-2.745032843363999 -0.9146052622986911 0
0.7357057757597584 -0.5030927660924064 0
3.89955603140494 4.113525100081952 0
0.5152557437404671 -0.09379297804284577 0
-0.2366641544124877 0.129792136041106 0
1.710509223267633 -0.4980648613713176 0
-0.458771222434651 -0.8297862719373641 0
0.6073306996239608 -0.06099092444275961 0
0.5264546233313967 0.2130378281492305 0
0.7690992744286261 -0.5689677350963472 0
0.7825076506245982 -0.1196827503234707 0
1.461497232519622 4.537264965375573 0
2.412697853833356 -4.18104995787667 0
0.9299486545856107 -0.08928519718405332 0
-0.3633155030508763 -3.53455415923426 0
-2.428680799487224 1.258746817939513 0
-1.921611822663801 0.1866306886251167 0
-1.025003983315105 0.3904353992127837 0
0.3411428399007089 0.2867810564494149 0
0.4617685693144862 0.07636639088039152 0
-0.4413048830457976 1.940908406137368 0
0.7817798292496243 -0.03292511160730163 0
0.2106433117095971 -0.07785923431202563 0
-0.1484684051779876 -3.159339963147298 0
-3.716857533397108 -4.169534739464475 0
0.4892207671596073 0.5765039919223779 0
0.6482835354480244 -0.2582245700783024 0
0.4460606688511748 0.123761833902558 0
0.2050617944123134 0.2210954718388677 0
0.7661979617867744 -0.1690579905004431 0
0.9652658283743133 -0.06552205295590006 0
0.7030776497731159 -0.09961959309364717 0
-0.1824313088960477 0.4476296436411046 0
0.09367858799035836 -0.3796225200420212 0
0.8083440488403638 0.0820188662518552 0
0.6907267248066978 0.1227958639691313 0
0.7046103132758357 -0.05095788311282046 0
0.8663229064443462 0.3929524958102482 0
-0.3826593366792142 0.1835026448872852 0
1.407249468542918 2.219653206062914 0
3.720832583197868 -1.235584474191129 0
2.735776434659649 0.9534868297126836 0
0.6286430965958987 0.2158824089688364 0
0.410478322713656 -0.2111545635366453 0
0.271189259102873 0.1239159075859916 0
0.805466107545228 0.1647866671670337 0
0.291935544157497 0.06534903526022677 0
-1.013122082058474 -3.823565256195217 0
0.7493518428314134 -0.085021365489186 0
0.617946117708959 0.04918302156205956 0
0.1138764562791263 0.1093727593884589 0
0.8892580504867607 0.02003174423374198 0
2.270490752406916 -2.18742688588793 0
0.1223989887671728 0.05526217894713546 0
0.2520743905142933 -0.1110104003042167 0
-0.5912863653923635 -3.242748515243798 0
0.8612475968959684 0.02350927174978814 0
0.9150009934333917 0.03073596519159843 0
0.1271119366349903 0.1017883042186624 0
0.7508545775377924 0.04210838923812889 0
0.7859636324018698 0.2654028670951267 0
-1.346223787915161 1.262538969008294 0
0.5458005419800445 -0.08513352491959507 0
0.3709053090779901 0.6293015557721416 0
-0.1847206589077124 -0.8650096895218971 0
0.5775313127043291 -0.1054214314833306 0
4.471025787291799 3.064091140265478 0
0.5791199303261675 -0.0724922484104209 0
0.2436879740307188 0.06440968124937144 0
0.7272552158760995 0.07723263956057157 0
0.2506843038591437 -0.4114842793167087 0
1.004323657126938 -0.299713092703415 0
0.2768255940463668 -0.102925695492079 0
0.1339647977037059 0.09008115727237212 0
0.7501808476067789 -0.4444087450434898 0
0.7660483012654118 0.0336997044690308 0
1.145613172318899 -0.3907975546905413 0
0.5739380106329863 -0.3283382215450566 0
0.5537034610674946 0.1418587520659023 0
0.5496575007157529 0.1029738618379855 0
1.361331158255689 -0.5456593255967108 0
0.4823637893981896 -0.1659420457354916 0
2.751552162587108 0.2054187167731875 0
0.9772452273042065 -0.057721849509498 0
2.080183726273397 -3.859894242526032 0
-1.474685384355504 0.1125716280975766 0
3.693684907079366 -0.06440072106019865 0
0.2583765833100561 -0.6178965659686423 0
-1.457881183591382 0.5127103596695304 0
0.5823008410383826 -0.3588509371841496 0
0.473618489823272 0.1059190547702941 0
0.3346573633697694 -0.2042721375843327 0
2.552814448771264 -2.359633670180306 0
0.7963634051385468 -0.1962470410537329 0
0.5677440089747205 -0.1484397726434765 0
0.684169270691653 0.07730536909746409 0
-0.04954746112377997 -0.1345926974772567 0
1.829548919223019 -1.624939576610763 0
0.3813608772982566 0.2502472892248573 0
0.1728673943623045 0.05968878911966129 0
0.1956747765345142 -0.2520902985713363 0
-0.02981085611638162 -1.169333331621236 0
1.005827818464336 -0.0001823038675148029 0
2.31137724655752 -1.885928390548516 0
0.2962634678609973 0.08143150465241571 0
3.672223505335556 1.66486430648636 0
0.3850133044529239 -0.2252089597068342 0
-3.780044632378891 1.973406376143549 0
1.625455223100609 3.051185808305306 0
0.3609173422416267 -0.4086637786745624 0
0.6408127037284245 0.04605721082965902 0
-0.4344704395725095 -0.227668327405944 0
0.4122956923964753 -0.08005410293575425 0
0.2230656785180973 -0.07657146194584463 0
4.321811489440679 -2.641493759878288 0
0.9533797752199705 -0.01061096680362538 0
-0.2349405679727526 0.2973409804778652 0
2.63343247947856 2.32668374603425 0
0.06011736563384333 -0.3187155695874047 0
0.9649932187922241 -0.009160666799774233 0
1.121085481201775 -0.03612691827143113 0
0.6888766568588051 -0.06344068642070456 0
0.1955128912632852 1.545403210182761 0
0.7245637381853963 -0.1241928137557112 0
0.6181996484505301 -0.08179180776864606 0
0.7351809293214802 -0.05391676085879797 0
0.9397287585090229 -0.1057408337466039 0
-3.340809991444222 -1.286384402562579 0
0.3813090697343193 0.08744029108978726 0
0.5834115515208359 0.05747124498914929 0
0.3924439738273739 0.06228577261007955 0
0.7313423601910143 -0.03718218891635389 0
0.6745249012820927 -0.5326715867522733 0
0.3077028984460829 0.7637048755721589 0
0.7715362354009339 0.04030520128330382 0
0.3119399381736366 -0.1281830211237256 0
0.9833503935088685 -0.006351319439897724 0
1.959351433601969 0.9962782941614281 0
0.448665025472421 0.2245537367612107 0
0.5231738150764592 0.0563564100398504 0
0.2166100741746582 0.3245007570446587 0
1.125269083799695 -0.8109707979720884 0
0.9338357652460865 -0.01383410780712519 0
-0.03660323940967916 0.0367772894292623 0
1.010835637217852 -0.1778568035286326 0
-0.2469356920559581 -2.590796189925728 0
0.8917088802987556 -0.092474452247026 0
1.199704898103471 0.03501717860106749 0
-1.941453853214908 -0.3511891624945709 0
-3.798045052710455 -1.06479278007409 0
-0.2805985617958742 -0.1201366584936325 0
0.8464476106582419 -0.09153697730177905 0
1.67010980637603 0.7686626529537813 0
1.008208888717723 -0.7115110622614158 0
0.9157615859473198 -0.01661147514379932 0
0.2255244512929122 -0.09688031001283087 0
0.5015728238518311 -0.08652084554189454 0
0.04750672899103271 0.1857208086432213 0
0.9591162463984314 0.05359640267569393 0
0.7282037279256055 -2.743733156547125 0
-2.974977644736343 -1.331452040011609 0
0.9736589288176282 0.06135514646694679 0
0.5159218012407991 -0.2849833965871278 0
0.1081935839143867 -0.3489319170820593 0
0.3168812703752461 0.07116751870528937 0
1.906696530467884 4.269827737089902 0
0.8280944709665724 0.5055783859936415 0
-0.1298026550527026 0.2304421274713002 0
1.041280344292994 0.6471507568883386 0
0.3961904775177451 -0.3351959890495692 0
-1.328798133836804 -1.454762930857171 0
0.1778758932409956 0.2257256182342339 0
0.1582529250573955 0.1162116963821206 0
0.1392618932350472 0.764633581740589 0
0.05385080251477016 0.04120064929705008 0
2.824458463657578 0.6408062706979296 0
0.9488639587773615 -0.08310806679911358 0
0.01647679250755859 -0.1507109287068182 0
0.3372387111525634 0.09577213941480989 0
0.377888599152835 0.06999875386179949 0
-2.118525297602919 0.7223768676182961 0
0.4533290054119276 -0.06639085391716379 0
-0.1481029847291239 -0.01964768054385645 0
0.8766898277499566 0.06076235761735267 0
-1.026190200763196 1.460040292709655 0
0.7102919843799868 0.08027269040120849 0
0.8621094756870352 0.4537745288353467 0
0.8167679171805564 -0.2870633079125753 0
-1.114448765301007 0.6231664301601265 0
0.405839583984468 0.07124409404302806 0
0.471695375693586 -0.05949834950460828 0
0.4115161301825342 0.1407240413956091 0
0.247002023849722 -0.1659298623379392 0
2.823021153452296 -1.659293505412439 0
0.2979241450158922 -0.1305944321920265 0
0.7081522900926815 1.122240969062336 0
-0.1294275071423801 -0.2634916779991978 0
0.5076718593877959 -0.1089488199576951 0
0.6152672022059077 0.566575328614674 0
2.594265476945349 2.878439340681564 0
0.9354923146961781 0.08784191164917471 0
0.799410315548996 -0.16984007066587 0
1.329014596576127 1.767321778379796 0
0.4441265937714427 0.07703327966197561 0
0.1201286633052143 -0.7177238771453638 0
-0.9245039500804179 -0.3808658508719254 0
0.3949922200741353 -0.08748808588910378 0
0.40509735124451 -4.166587394831347 0
0.2109549958099219 -0.3378538722907539 0
0.7770719364434477 -1.604976514486591 0
-0.9441905336571261 1.251126249960676 0
0.06791558186861915 0.06365187350808482 0
0.07206905510513772 0.06822671118388257 0
0.07492752830321375 0.1712616161623042 0
0.05508764653204081 0.1582015843593729 0
0.9844641632181743 -0.2601337548227828 0
0.5639442427070955 -1.406783921730291 0
3.961234136157811 1.316156475165569 0
3.398288438956733 2.267678886129384 0
1.338485168600373 0.006630599042537329 0
-0.4039208710426345 0.1300972521457644 0
-1.537004220672207 1.832077504909878 0
0.431498202474371 0.2313157112439982 0
0.6529023441752315 -0.05200568886001386 0
0.4384234855767659 0.06805368879315035 0
-3.389345246980952 1.24891549560678 0
0.7513141857794396 -0.06589174124972719 0
0.02188849928763879 0.04432749210487567 0
0.8767931155443451 -0.1657346176518619 0
-0.02582534853347784 0.0865206210375884 0
1.095131047096574 0.526834696852932 0
0.3928013023880756 -0.3077092313276288 0
0.3014885472005919 0.08476389623975757 0
-1.609989924367895 0.321419102003238 0
-2.340835181067504 4.568790601589951 0
0.9605029731099642 0.01063015357433329 0
0.4758526852737228 -0.0863963671800157 0
1.574276997157019 -1.165851236602604 0
0.9280746311132233 -1.547928288844196 0
0.8350460019148276 0.05157458671444144 0
-0.3726715811835755 0.7457049194588088 0
0.2364607314479193 -0.2495608136295412 0
1.436226306445478 -1.818943779472131 0
-0.02457819463281422 0.1262429606122136 0
0.7032599475367619 0.1270857838280615 0
0.7470442766871138 -0.04623670196464718 0
4.741395277598638 2.268435638338408 0
0.9305587225033969 -0.3219318061019079 0
0.2998928415709709 -2.029193563481448 0
0.8600447125661312 -0.6369143739405597 0
0.6720165673480132 -0.1380633522338554 0
0.3079806947866968 1.115088460918188 0
0.9661678767940867 -0.4028327391882873 0
0.1342069113580375 0.1316649226909517 0
0.6525931452291895 0.2290240632343713 0
1.158782375268865 0.3502897006325585 0
0.9933225814630697 -0.1219640999707098 0
0.6517666542951001 0.04496301325639453 0
0.7929081992946965 -0.1150229549751964 0
0.4936018497042041 0.07800428446504784 0
0.2547021050078993 0.1292324389391001 0
0.7895407616734561 -0.4636089329501972 0
-0.2025095500159983 0.0002846232135037876 0
2.750933122415437 1.442350717648863 0
0.2918732763193012 0.07161338634956317 0
1.088104199951708 0.4581025107685033 0
0.9101781272865254 -0.08652140320373355 0
1.053553650915709 -2.872179767959262 0
-0.01318492702417028 -0.459959036837936 0
1.48628573047484 -0.7377955161763377 0
0.3504327971255872 0.2319972350623855 0
0.4655983669022911 -0.08058256280774806 0
0.9899851534649777 0.01234778304434559 0
0.806002781638653 -0.03603913898965611 0
-0.2988438204901432 -1.08211076050889 0
0.08391533871560083 -0.1458358671946473 0
-0.1832231423298299 0.6632146748515362 0
0.7221083783373066 -0.04621473677148502 0
0.8445524343107953 -1.814518373004574 0
0.201637882012819 -0.08923689037740702 0
1.181957214450186 1.183671020325292 0
0.302719621366257 -0.06413394262608219 0
0.7166662123143279 0.4852485033031078 0
0.7360706814133058 0.03687595061169732 0
0.9935314566352453 -0.004770593175641402 0
0.7854501521472073 0.0837360759664027 0
0.8346818760215378 -0.02680852865969929 0
0.2795725822489161 -0.08019681017937776 0
0.3448995174433254 0.0807254264416101 0
-0.1997552851158543 -0.4082987818187703 0
-0.1807844598338835 0.8339645165965106 0
0.6206475237015782 -0.141131090479572 0
0.3143689421756505 -0.1041972868127173 0
0.8123498707900751 0.07285994628810064 0
0.8601337193221708 2.148760234556367 0
0.2172198450468491 0.07001844385401013 0
0.5878955851666874 0.1532109100954341 0
0.7613067482398748 -0.0342142538417749 0
0.9448016235991048 0.03380298973371366 0
0.8165680164636276 0.03451615260284026 0
-0.3008742476454949 -1.240725555996294 0
0.7725281107755398 -0.09480734004338344 0
1.060478639070624 -0.003569975169708356 0
1.724964350717002 -1.138409011206204 0
0.3124909012319153 -0.08903377896554455 0
1.464735379700513 -0.06228046630675074 0
-0.0202734285198292 -0.09918015195729313 0
-0.01560217148756423 0.006051278787628468 0
2.397548959400392 2.558774930261882 0
-0.7906604177280879 -0.4334615973465396 0
3.00575421226578 3.647820262245788 0
2.847542585385818 -0.2476347257167874 0
0.7164205964167513 -0.03887278690227376 0
0.6956408511022193 0.04124035156869419 0
0.8215040984157581 0.2125447443178671 0
1.032854661659342 0.4593389119606124 0
1.490459288207838 0.55451493090045 0
0.5354166007352102 0.2321791275047403 0
0.5391791940872162 -0.3424683911571156 0
0.8303273978341742 -0.04728864181509422 0
0.9900106967856607 -0.9481769840878644 0
0.3330870375910812 0.08457815173964098 0
-0.5598915617946272 0.9188623850889064 0
-0.0008937437028905598 0.3674547129605334 0
0.5775087134682526 -0.05155506184405307 0
0.1685595515206796 0.2098202507789284 0
0.6159455679740627 -0.3384475618257285 0
0.5471081881552566 0.4013569634976524 0
-0.08147295800359915 0.8895605624109454 0
0.5076555770246786 0.06366634828821427 0
4.772414126518443 0.4727613121837169 0
0.6496944324468664 -0.06309178683012831 0
0.3567971446269815 0.1333101264733834 0
0.4280938932700105 -0.09362161188955227 0
0.2382237171918455 0.40216974605471 0
0.8406035023350181 0.02518289492231453 0
1.025892215602268 -0.8825427965652085 0
0.5474104762633013 0.05377020434286264 0
0.5972088319328415 0.04988365789820899 0
1.527919248349026 0.4758052397613118 0
4.425437436140667 -1.612912299510472 0
0.06014321539774079 0.1727032122877804 0
0.2319329344076333 -0.06281001975247424 0
0.9288681479109162 0.01481313348889712 0
0.3722330586924995 -0.1878751323268629 0
0.1876552354644445 -3.267013375211745 0
0.9984844096065394 0.004314886735137293 0
-0.4680518765263281 -2.742209234162558 0
0.9843585584030894 0.04164032488466426 0
0.4116759618005226 0.06234725110816652 0
2.462547582181721 1.308297383973601 0
0.5192685849678355 0.1636237398490533 0
0.4474433940074907 0.06754359983700789 0
0.1881955869728349 0.06736480091982609 0
1.496039535154782 -2.462198209993144 0
0.2936131473860984 0.3260198117036348 0
0.1721047445921944 1.883297027479588 0
1.167939339260774 -1.392263056443883 0
1.015599818496233 -0.01890570023157098 0
0.134649998010711 0.8193667597692648 0
1.024961848491104 -0.4327452407695823 0
1.07043512097957 -1.033827867739056 0
0.5182062076346365 -0.06355523111579295 0
0.7429753787741664 0.07207146048274193 0
0.2028096182741233 0.06183696001062679 0
0.4950174655218104 -0.2698851509272536 0
0.06640850974038312 0.336630978741407 0
0.9098942813136541 0.01724510651359844 0
0.7889661990424883 0.06890169171302456 0
-0.02253819565337979 0.2493853872071466 0
0.1224693315314748 0.2091788663276839 0
0.3875877401287204 0.07048399571531903 0
0.3678502372196115 0.06345437300117455 0
0.6866302227328946 -0.04172623623956932 0
0.1535763620814357 0.05865983863379841 0
3.336114939484765 1.858794631254859 0
0.3100628206325132 -0.1178152683623716 0
0.6052740585204908 -0.08328557676346138 0
0.4575615613834704 0.1306106026142535 0
0.7264294365158229 0.03804606407020329 0
0.9662061992887004 0.07872393242561257 0
-0.3188934507994579 1.36376553107058 0
1.012359934677917 -1.720919585253146 0
0.4240757066971443 -0.1400859801612658 0
0.702659518282112 0.3614334622081694 0
1.980072224944455 -0.05605323399369281 0
0.3280260143598118 1.478131360557942 0
-1.803631620492691 -1.573117445809418 0
-0.007084164591785323 0.1446985684600108 0
-0.01271468992346854 0.03304052115541155 0
-1.145743298208341 2.693630275826114 0
0.8636564209741524 -0.06968468804925249 0
0.6397992118704749 0.1665218183772078 0
0.5362116512822799 -0.08593062344736624 0
0.07174317477523305 -0.07605637561013551 0
0.3906188930796382 0.9896665079320672 0
0.6438497478003912 0.1076577102305612 0
0.2985000866688737 0.1995794561642991 0
-1.133099474764886 -2.282479604296229 0
0.8382841573039391 -1.340833122020832 0
0.1268916899442473 0.2304277541216727 0
-0.6696420241420852 0.2340154071318444 0
0.7180239415471652 -1.953128730168823 0
-0.5482537732392231 2.613211292664488 0
2.367154472722608 -0.2345472280003123 0
3.27883361564291 -4.552051815289667 0
-2.452387849837288 -3.107636577349521 0
-3.785666858394324 0.1880348914733173 0
1.083051973139464 -0.3695383493300435 0
1.807206204668844 -0.3447576186881561 0
0.6180634792042339 -0.05717102666929269 0
1.00481672821251 -0.05562169735098521 0
0.1738107840636001 0.08056151417678782 0
1.016280053072389 0.04714009528879825 0
0.9355775228609586 0.0590681905872656 0
-0.7250204394369166 0.8276390579281361 0
-2.811052805031396 1.684237870860148 0
1.094624692500196 -0.5105531561566694 0
0.2863029340808932 -0.1535025720097939 0
1.424311693932991 -0.2502968915266339 0
1.040035586835932 0.01926461777852876 0
0.2525273825458997 0.09650687782330492 0
1.219555486519679 -0.1792837168775534 0
0.9708996620104721 0.1441511959371118 0
0.8554773639315804 0.1403398084511517 0
1.598834406580957 -0.5775490681681877 0
0.8359083509939851 0.345452019765127 0
-0.05709366590601671 -2.435337041211907 0
-1.801701257939911 3.638941083125588 0
-0.3033677330453035 0.3353647772187123 0
0.6814372714435843 0.04218990306542399 0
1.027409291209163 0.745749023996906 0
1.073817925284509 0.7245302233449598 0
0.7370427285566612 0.1323400272598647 0
1.230295991223713 -0.1406087722385819 0
-2.929154817051403 -0.08818089991850818 0
0.5641301217677507 0.1295914188688618 0
0.45786324847334 -0.07386233296863143 0
0.4325867349121745 0.06170783139695292 0
1.739033239515184 0.1386284574540406 0
0.7582625336311087 -0.6287691444886021 0
-2.007329811812959 -0.4970864212704162 0
-1.62656968390179 1.066018405737298 0
0.2182678634793055 -0.1950110067560738 0
0.5222262535778703 0.09802729969471433 0
0.3133572050661027 -0.08218694958324764 0
0.009814565244487868 -2.198924623064216 0
0.9891155466087845 0.6686446986815845 0
0.2088847876978117 -0.06282205101543427 0
1.201498773742479 -0.2648223829314736 0
4.113725912445376 0.9035774626660364 0
0.7808844073068445 0.7982354174218993 0
0.2237552744471245 -0.5511996965985562 0
0.3325846849921414 -0.06387046543506018 0
0.5976317243670423 0.1306079020958868 0
0.8807140373153318 -0.1230407959616155 0
0.2436028112207055 -0.06317317914085857 0
-0.1829497172518688 -0.02699859554414559 0
0.3857832028375578 -0.1804316496095819 0
-0.02090024890981877 -0.05987614912638255 0
-0.8871567981530719 -0.5371560316817452 0
0.4637324921130813 0.119175299330721 0
-3.251251754203721 -0.3694383069718309 0
0.3747795005934937 -0.5434668496285934 0
1.568152206617272 -0.859279236928836 0
0.5865094612758377 -0.05181473225625237 0
0.3773384196498879 0.1010799843230266 0
0.9495876566508481 0.05806308318339577 0
-0.113885719380869 1.152720723139799 0
1.311902360499619 -0.7435199563801024 0
0.8551301791368913 -0.02354607366602742 0
-2.195758220268204 -1.164292871511551 0
0.3511924343725044 0.5894200542916063 0
0.1420053083211833 -0.07067522260153168 0
0.7382004056832697 -0.04352362261272347 0
-0.8674502432043713 -2.716916707984592 0
1.00976647035329 0.2425006778543345 0
0.7561651000245093 0.09560549658526576 0
0.6964671951625707 -0.04101215821459636 0
0.6580807581789696 -0.07628324133006154 0
0.522441263516749 -0.05550637393206765 0
0.007126734535263379 -0.09241970620543985 0
0.2153092080270089 -0.08266251505999239 0
0.3829652155075953 0.06272846932941961 0
0.3611636361166239 0.07450853952377934 0
0.5958111892035196 0.2885795286157583 0
0.7659923968279521 -0.3480480663323961 0
0.8622878930837178 -0.02879100303905357 0
0.4917990976482901 -0.05877109553465252 0
4.392888466866265 1.490529865204282 0
0.5649680383933136 -0.1163627228786747 0
0.2227115091583974 0.06263615032625137 0
3.759640533351437 2.689970848293777 0
1.076674258462992 -0.08277803560453752 0
-1.721292532718873 -0.4939831585119084 0
2.053947665769654 2.560098393133613 0
-0.8734431524210163 1.172153231910937 0
0.6217568851298714 0.1333162986971092 0
3.933481031919932 -4.587045577810692 0
-1.556172527553655 -0.5092811927389307 0
0.9833249792005999 0.2133290742423332 0
0.197249300770677 -0.1317778251249404 0
4.743507895929291 0.006922782955836245 0
0.1250029515971986 0.08871046642075869 0
0.6980051150251969 -0.07033683349685277 0
0.4166991173955882 -0.09895667708052347 0
-0.8570202674690558 -1.171279978832316 0
0.3797247219457007 1.179067102054199 0
0.3594417751721319 -0.08178345546581722 0
0.7596416487520616 0.145371866453064 0
1.131053012093161 -0.9310576884020361 0
0.2541018060456757 0.3493502809198557 0
3.638557918900552 3.134198621565604 0
0.9281302251904366 -0.04887186679760775 0
0.8951317399782845 -0.01874086436524786 0
1.049402145227777 0.3093236713662966 0
0.0869119746811413 0.1393632770378633 0
0.6323426851659568 0.09635180960841727 0
1.208709589037323 1.865348625306407 0
0.006868604112673456 -0.03144596002764728 0
0.9148178765096104 0.7390316283289167 0
-1.934285284889685 2.807519266633482 0
0.4482362303208624 -0.812581303190949 0
0.8121626495920353 0.1823837777405416 0
0.8659049848085636 -0.5320567980328228 0
-0.5473501946199472 0.2825486855462814 0
0.9526984910933305 0.08427764208751791 0
-0.03091734454730706 0.1853817130093575 0
0.434054510188559 -0.09051137035280005 0
-1.094365901889433 3.148590207307985 0
1.61511836344378 0.6137375302412209 0
0.3866545285286367 0.1101224336503053 0
0.3651304881109063 -0.1132379232571189 0
0.5565366784866532 0.05426576565557967 0
-2.393791692840246 -3.726111683360975 0
0.9246614456123556 3.883035209714466 0
0.07730198491521623 0.2207246599429816 0
0.781386668748284 0.2313839952038536 0
1.011264102208556 -0.08524783644857384 0
0.4413162595914536 0.06046549621782102 0
0.6719180691815893 0.04330481501505239 0
0.8396853827145209 -0.1748306114807982 0
0.6534230120896308 0.1689584931794903 0
0.3075281307258275 -0.4063627141638356 0
0.5225869241404824 0.727163588419804 0
0.7961136873998934 0.03762713216381005 0
0.8751550461668461 -0.265684089962103 0
0.490869225645692 0.06811075100118848 0
0.3864317137057108 -0.8798840715950558 0
0.3972728821774158 0.0853202217056825 0
0.5416694501780774 -0.05528338558424118 0
0.9150956774627481 0.1501221659438498 0
0.8860346334409683 -0.06228242081398273 0
0.0670998681147358 0.05250740769219715 0
1.053066892248359 0.02710821456274458 0
-0.02517560398492651 -0.04720094764191494 0
0.1679038955871459 -0.1568701846517374 0
2.914261154838929 1.513833045904125 0
0.438609362379509 -0.2186037504145523 0
-0.2365091488490278 -1.518118002013344 0
1.109890568372895 -0.6799183349339843 0
0.7196134657812487 0.116385665637202 0
0.7747476720720391 -0.1040980129679846 0
0.187839678046101 -0.06100528549378811 0
0.3905071726590851 -0.09770495103343731 0
0.8809151426929531 0.04909651310164685 0
0.3828529486822428 -3.171843574950121 0
0.1476860482901169 0.06556512056778212 0
-1.762956263349332 -4.187994601690779 0
0.6643471397821826 -0.08237209718673516 0
0.9423344610158316 -0.0502644513055101 0
4.764738446477176 -2.491542298965222 0
0.3234107437933059 -0.06501107508428242 0
0.02540063995699049 0.03109009234546991 0
1.14467168145081 0.2874937024629353 0
0.7690670178042024 -0.06470015625929197 0
0.756714571045056 0.03555778805213587 0
-2.061324005595003 -4.581011340777181 0
0.2928543091625983 0.1471176268904262 0
0.922655989723541 -0.6511958363302699 0
-0.1318332392208686 0.06228917313874521 0
-0.4053094657613746 -1.101135593583114 0
0.6079866797522206 -0.6292873725610544 0
0.2934322028427677 -0.06516727139052693 0
0.01603016880697015 -0.03528637254604924 0
3.043166792394035 -1.058367953511608 0
0.8007812718397087 0.02978056496786841 0
0.3590750873982065 0.1524665450529075 0
0.5225295853991747 -0.1186214484959777 0
0.3495781295481441 0.170697743841832 0
-0.02942547648935419 -0.07169808376397895 0
4.386835182173616 1.223123865378831 0
3.065923027967209 -3.776310654502825 0
-0.3320375237074611 -0.1576872902304359 0
0.8145638929476424 0.1136196172186685 0
2.897199147245574 -2.251404807462506 0
-0.2236527664956313 0.2344458508841709 0
0.0636278952687722 0.0438845575452805 0
1.461936718797964 -2.983699352528614 0
1.328548677008515 0.2327520657059474 0
0.2778901953993524 1.267843322803607 0
-0.5248826362132665 -0.6512944328084057 0
-0.3073667575502346 0.140415315249844 0
-1.589595742151102 -0.2760770758382763 0
4.13670694960058 1.147844317970937 0
0.8071155478225575 -0.5210017832313414 0
0.3411370114616234 2.177764895240547 0
0.8245009710374992 0.8900104985669102 0
0.4344378736284462 0.08136723189207937 0
0.5050406923781253 0.1316622330241661 0
0.1237846072182232 -0.07844146810506172 0
-2.342419318667612 -1.246718780826464 0
1.095942754947534 -1.175466590442264 0
0.4886654069495485 -0.1482166991972904 0
0.2757947172071367 0.1080990751042993 0
-1.36138020639664 -0.2375385769197023 0
0.8710503811276306 0.1539866682089931 0
0.4202915134200346 0.7548869110658002 0
0.3712451780921363 -0.07590649653521175 0
0.4838764001097942 -0.5877976586412912 0
-0.0004562757057950743 -0.01140798907391659 0
0.7484894059211188 0.1158490921547418 0
0.3074822878161038 -0.1454126911744597 0
0.7766702083402466 0.5139724429090142 0
0.132758710582017 -0.08416685740431031 0
-0.04627633223522026 0.2118184702670576 0
-2.053369574521121 -2.18912790175405 0
0.4255402326405121 -0.07213991655502852 0
0.7462857589138923 0.3426811260112946 0
0.4378544556149276 0.1565295300508773 0
0.6909644441209666 -1.53627419478673 0
0.7534012311062412 -0.2658070855342432 0
-3.7805122215866 -0.4710096864574717 0
0.5629864874722523 -0.0631585125286733 0
-0.2143847231473469 1.064926673797975 0
0.9720675302787032 -0.349745115790674 0
3.01475034293553 4.581319423891064 0
0.2721924166434454 -0.06503765046318669 0
1.662924985244533 -1.824558181179192 0
1.79347856514589 -1.867112638718252 0
0.8331815829367777 -0.0828350533452929 0
-0.1456968244642378 0.3909982177384685 0
0.5324006220241881 0.1264958072136258 0
-0.04321131028173374 0.4702184955581524 0
2.565399312012815 -4.541659525943667 0
0.4018982471553617 0.2443212339075541 0
0.3637166044021297 -0.06297307649157267 0
0.4739806250489681 0.07974220024063339 0
0.2237928342438806 0.2763499150153639 0
-2.044658347627078 -1.278764226429751 0
1.83032829820688 0.4309779851369837 0
0.8319283277884504 -0.3012795382995625 0
0.8528083769956403 0.08191420631842074 0
0.7500230266026234 -0.1521189946708708 0
-0.1303692022399134 -0.1889883228789178 0
0.008799923890677677 -0.06752662826157566 0
1.409076165320463 -0.487408483017457 0
-2.456189633783658 -2.30110540593992 0
0.8547944621496337 -0.09674774464551347 0
0.09741313683717745 0.05744947832439568 0
1.214448266239507 -0.6984428143558792 0
0.3531615257250967 -0.06419136522725064 0
-0.9393063871252084 -0.1057756105921713 0
2.017183612859522 1.613180082226046 0
4.371680211280109 -3.675088478296185 0
0.2711652645029325 0.08481499147025919 0
2.1786038634871 0.0752562618727835 0
0.7167432971875505 0.8221970049617846 0
0.3108570797933927 -2.169158559323277 0
0.1083361454196071 -0.07032804152390121 0
0.04163027577868851 -0.1810802177149541 0
0.01159456668177298 0.04723210894048065 0
0.6493507847747928 -0.2071461759997088 0
0.9830054719282011 0.006451205788519982 0
1.148905344445208 -0.3212020698950825 0
1.776389888137253 -0.008764323001884651 0
-0.06234016573430516 2.001044417613761 0
-0.08454124091191718 0.1100469275119603 0
0.4663948068770861 0.09787386450265265 0
-1.630346315153049 0.6737987755383922 0
-0.3952266155143756 -0.6089491629271566 0
0.4629689737584519 0.06602727386716445 0
0.9863002606505225 -0.1084704941351901 0
0.09872790377864053 -0.1033193392382787 0
0.8126797735461523 -0.2554657743768837 0
0.7397304622995726 -0.354030889432308 0
0.5137574295339435 2.080538344867716 0
1.870379347401593 1.231182129288584 0
-0.1883523125773108 -0.1368485539877618 0
0.868403382103355 0.2271882534464603 0
0.1649831088057281 0.074512120304222 0
0.258923402865128 0.08822008068066084 0
0.1812553188190047 -0.1677075159206434 0
-1.692702131576656 -0.02281333248944375 0
0.8205916950624386 0.02718050165902797 0
0.8100906893734684 0.02849114411156355 0
0.7414836274989625 0.1554787375985064 0
1.023054182754185 -0.2836824925546714 0
0.7364928632301334 0.05678837330640917 0
-0.03741030341912051 0.3731451613010657 0
2.11048864918661 0.8277064052481494 0
-0.5127180714797452 -0.03564621853638017 0
0.0841796969050233 0.08546045857695551 0
0.9137508822963957 -0.03300850530578547 0
0.3468863791448684 0.1843152339914718 0
-1.019519200398328 -0.2238751306551121 0
-0.6109618840981117 -4.579452244185349 0
0.6283015463062221 0.1039276282270557 0
1.125182666755182 -3.869640819344363 0
0.6742621030742368 0.1151265477105769 0
0.1621968708300125 0.2386713351983032 0
0.1484961793364886 -0.05860504829727624 0
0.1669503177384173 -0.06027630289226092 0
-3.073177812901384 2.237909571719847 0
0.9740908284055597 -0.007196938864578107 0
0.6382748432789018 0.05387110535171091 0
0.1449367358253284 -0.1705069743772175 0
0.5737060586795069 -0.09094836977058635 0
0.1496851431802422 0.4284062588120188 0
-0.6718610285174856 1.08086705122747 0
0.6966653600042727 -0.2725729949974729 0
-2.88311420329709 2.070106882524108 0
0.7321864057674958 -0.2343307719483833 0
-2.252699021144209 -1.780252220094357 0
0.7478294013397617 -0.1340479011177977 0
0.08824446877131338 -0.04883483424118938 0
0.644834633263117 -0.4168710630726397 0
1.240803668032951 -0.2476715237667245 0
0.7265294102344575 -0.2556729266027886 0
-0.01304275137093922 0.1007372543605668 0
0.5032711673742624 -0.1682087818925655 0
1.3555841599768 1.134810174297221 0
0.9206346792261344 -0.02514906817965201 0
1.758605459470707 -4.552247489927383 0
0.1423346367242586 0.1102414537579955 0
0.4097046797930551 0.1899418747266003 0
0.5605548586642671 -1.040958290699668 0
2.184907567674584 0.4171361261132324 0
0.4675056628619357 -0.06897353687412069 0
-3.759366542748664 0.7224791144015219 0
0.5983640619480131 -4.57942852594908 0
0.1277477859799001 -0.05521921445196482 0
0.8072743181665916 0.03681220990693937 0
0.8114138830680698 -0.02841805429982418 0
1.762426354437279 0.2716759739554516 0
0.0485476748531543 0.06944463713959856 0
0.2117109495066632 0.08046481703342578 0
0.9477538822877072 0.4629783343444872 0
0.6701110140930743 0.1352118030174247 0
-3.3044777330809 1.496412562088818 0
0.6009715699882139 -0.1122489196364447 0
0.3425388934662903 0.1019425849035837 0
0.5519727348091124 -2.785129225562967 0
0.731114848433189 0.06807584787559628 0
1.070966886527703 0.01586329533937852 0
-3.775711642345099 1.384608290593768 0
0.3853385013197378 -0.07314001781995477 0
-0.7717399989162228 0.3417529617338278 0
1.539919232382719 0.2399457319221123 0
0.6802799915176775 0.1229820025468693 0
3.776433813559625 -2.07708429275179 0
0.4651117087788708 0.7845812547080846 0
0.1443403794506036 -0.09864443575138453 0
-0.7207532921297545 3.198144394103381 0
0.563954693906275 0.08386322973774676 0
2.804287641132181 -0.8721413401381491 0
2.219491307013242 1.81234270557721 0
-0.396518140079565 -0.4032209345773028 0
0.759046236032183 0.05740069521717946 0
0.7247842729992359 0.1028261095499305 0
0.5358142406692177 0.08535978181009571 0
0.3293929129693989 -0.2591822968471751 0
1.676640669447417 -2.692199909652587 0
-2.028929846614803 -4.093560630128263 0
0.8667028817960025 -0.1896993251312217 0
0.3962992011207822 0.4057066862322677 0
-0.1594976425075213 -1.001989320234467 0
0.9348861815586496 0.2214855715649962 0
1.130254758535022 0.648043119129185 0
0.2433269689034073 0.07071477792132393 0
0.4491538438510293 0.09895199039759445 0
0.1484204086089351 -0.5409909052250298 0
1.029045755332337 0.02437853784909443 0
-0.8436803501603942 0.5746647754502497 0
0.8665056565140371 0.2606870478133593 0
0.8836094754265885 -0.05112071246225981 0
0.02170514133785922 0.4700434228186366 0
-3.173231202692426 -3.618840230414849 0
0.8338080534174459 0.08612874360147178 0
0.7828355236009067 -0.2834493245160016 0
0.3859483072432777 0.1253904568762853 0
0.06693739810580722 0.2725124091336146 0
1.094746404293689 1.295040794097726 0
0.7165571708819979 -0.0536322040350321 0
0.0007894532006696655 0.1920059290102891 0
-2.098936453333944 3.975850045602577 0
0.9242777894513365 0.03484443526376094 0
3.788688762235002 -1.476300976967378 0
0.03042818381799298 -0.05039920239681503 0
1.039599259373179 -0.1526076689633608 0
0.1013360150840311 0.1597888147762983 0
0.3182064153816159 0.3188003219808748 0
0.5402013402762822 0.3060985147495517 0
-0.2930636982102344 0.957989682333345 0
0.9813207798004099 -0.01456585509942424 0
0.3292794824295596 0.233658598009686 0
0.09326807660396447 0.04954961176343511 0
0.2635749558745081 0.2169380139363126 0
0.6511329896962169 -0.8600926501177742 0
-3.36200444443737 -2.452557292407523 0
1.630545962972734 -0.5086218571313172 0
0.1038435803034051 0.05143992008643361 0
-0.1809165005127983 0.2492030291325522 0
0.5309168828057822 -0.3166972864933106 0
0.4418321553594712 -0.142937084122006 0
0.7023843457004548 0.2078223496772719 0
0.12782715679765 0.05534072276964039 0
1.013964795137259 0.1573627657153508 0
-0.3766432260174995 0.08609100558112065 0
0.04888081005486379 -0.03988729376521374 0
-0.4545665563722929 -0.7515641382252707 0
-0.4009208897484406 -1.208586622571847 0
0.27790289533162 0.06397490988439637 0
-2.750512609999769 -2.936567404311992 0
0.5772337857573329 0.05138276997396483 0
0.2575254820159946 0.0637301705885409 0
-2.783587034782143 -3.378918305575226 0
-1.270966042894602 2.964974832638748 0
-0.08063646804304095 0.2377714624323404 0
-0.08660946521673797 0.2155152526000896 0
-0.01473648287381496 0.02130493794353223 0
0.7017974832608895 -0.3672506590452865 0
1.79912210833005 0.6198624295122934 0
-0.6098202426342274 0.1687127645894926 0
1.161589832524787 -0.163711175593518 0
0.1924237547336078 1.017771661242654 0
0.9087523572099673 0.2090089537901232 0
4.005502910627944 -3.092944561039629 0
-0.01615925646513121 -0.002823609807205101 0
0.8634110089691903 -0.05589140016041732 0
0.4523888904720283 0.05987689848520861 0
-0.03829980572207782 0.535816321263917 0
0.7760896189707427 -0.03273729102736827 0
0.3594953939540669 -0.2145123948511962 0
0.5773470319600169 0.1397222558700035 0
0.6403891492418048 -0.7053187404516544 0
0.862437986240548 0.5151661926636891 0
0.8750013140802935 -0.0207957596264342 0
0.2251379225656552 0.1823465842503091 0
0.989670583590663 -0.0131525210665411 0
1.016757777852352 -3.631956900932313 0
0.5435069178317564 -0.07367481832314914 0
0.09559893218079175 0.1892539575614449 0
-1.517574440571157 4.566283639164892 0
1.077850477776132 -0.1056826781381727 0
1.971141878665067 -0.5945731708882389 0
0.4957743210967768 0.3968575156436986 0
-2.798475699750771 0.720737148782618 0
1.883083848847691 -1.765528042811643 0
1.033641340728968 0.2818205830879931 0
0.450737520756587 -0.1097686435688891 0
0.2238062479061271 -0.06247501404820745 0
0.09807638292725913 -0.05083332819053113 0
0.7047014528923541 -0.07105544856256396 0
0.4960592321912095 -2.360108331102358 0
-1.960925210496374 1.856705649587124 0
2.977992496899387 -1.546999529440424 0
-1.180316590638569 -1.455153965605169 0
0.6297786569333808 0.4580111285019961 0
0.2378776417090787 0.06310961173661597 0
0.7012058958777475 0.1072234834009797 0
1.80728545875052 -2.0175986067346 0
0.8554123291983748 0.02341627846605917 0
0.3408134369588339 -0.6696636046673033 0
0.6121499865252523 0.04879032765432369 0
1.354029308420317 0.3350435627591704 0
1.924579937630192 0.5794852062402965 0
0.8897832915825039 -0.4848338172218604 0
1.296683712331654 -0.8657788537996647 0
0.4933740620168127 0.2557471000135823 0
0.6925187219610338 -0.1397341436892791 0
0.7120548523715629 0.3175268785982179 0
0.01331041203551858 0.4120398976046458 0
-1.37434025306923 -2.525440625943666 0
0.2524346157717793 -0.06384125881718028 0
0.8582043539554645 -0.2969397756988427 0
0.3683358508062708 0.1090718512193441 0
0.3240125998052176 -0.08581760589882867 0
0.2388864822078112 -0.1138344101845919 0
0.2379585284931524 -0.1228296890462455 0
0.2227536544576084 0.1028922569621102 0
0.8294155381729387 -0.3284410205413023 0
0.7247943524762457 -0.113237933169537 0
0.4764151305889929 -0.07507765191351515 0
-0.7710020276067093 -2.031153311583463 0
0.2566943324854885 0.1470790306722896 0
-1.20859563945526 2.400606484957676 0
0.8948836596911836 0.0184383316974051 0
0.8220030051840035 -0.08192837827875199 0
0.3857989142973829 -0.1105105279113655 0
0.9702158901323363 0.09576735564805615 0
1.078535951087738 -0.1540806993103997 0
-0.6574720364706715 0.09209125462592081 0
0.6098165034326941 -0.1606669731145558 0
0.9263370274264646 0.0471103439279069 0
0.6542100972504679 0.2497438794140165 0
0.02239644906440781 0.1449396133310753 0
0.3339011710902954 1.652424730213089 0
-0.544008319548567 2.194998554402441 0
0.6161475225127854 -0.2028969259453665 0
0.1265775799927602 -0.155479619223208 0
0.9573602883226302 -0.1166605129764837 0
0.6563047032788988 -0.4422836244750722 0
0.6324073251978525 0.04629724970864338 0
0.477164658960646 -0.05833680476754663 0
3.060929744307994 0.4023941164160511 0
1.034719397179837 0.5257655068514089 0
-3.741437792031881 4.54143779203174 0
-1.710536609853526 -1.748990147611472 0
0.6214815650515031 0.7720901774680907 0
0.9101512170477815 -0.01647549779816397 0
0.9744890457467299 0.007294912887220799 0
0.3749918554521702 -0.1391872279463764 0
0.6343272124192272 -0.2262809797418285 0
-0.306523376277919 0.04765804781600395 0
-0.04684185734227898 -1.978868733899058 0
0.09169100524940588 -0.0563559127647178 0
0.6414967302446669 -0.1386110210307866 0
0.1827968633551815 0.06002931031118223 0
0.2272069286073844 -0.07076069266399451 0
0.235662778456672 1.13830151976395 0
-0.6798102794583961 0.5689738946324829 0
-1.086489445837939 -0.7239643487659624 0
0.819981733932051 -0.0270383802848423 0
0.009079483052047116 0.163420189335669 0
0.07804061195509765 -0.04658534470411384 0
0.1109731676697966 0.5655859913274672 0
0.1480369057056894 0.05728367504760717 0
0.6339326774248508 0.1120990077269809 0
0.7646894993833826 0.15785306679073 0
0.9637000418887722 -0.3069218533717645 0
4.408858110852485 -1.29148984132505 0
1.130100524944976 0.3942712305496104 0
0.6218797202331924 -0.06652649708745111 0
0.8401778159055461 -0.02518786264990841 0
0.1045655926791782 0.2351658255153013 0
-0.2881190763618749 0.5767658346282888 0
-0.3391172744198352 0.4203592247496511 0
0.8282830673994843 0.1552329284538642 0
-0.04332754537895951 0.01491893913431641 0
0.6005901937890753 0.2183849534257636 0
-0.06622700001139024 0.07440192175550249 0
2.588615607256727 0.03694141980283366 0
-2.050836006716929 3.710909063377941 0
4.352286112303452 -0.9664079834452378 0
0.5397303634806613 -0.1174125953166527 0
0.906350025607215 0.6160867198251597 0
0.2900463644195861 -1.053145915605574 0
-0.7863589590610092 1.195114087991714 0
0.09839737169926473 -0.06331997584582695 0
-0.02063487456955214 -0.02916926526448048 0
0.5907392701711407 -0.07713407507348222 0
-0.3407979653905015 -1.40342562025727 0
0.5988164936155158 -0.5687464586257202 0
2.485483873992179 0.8051605324451212 0
-3.503855112697927 0.6184100975825113 0
3.054153724168964 -0.7810503500650317 0
0.4174303905096203 0.06129717662458128 0
0.9544220636448031 0.01051073130079513 0
1.42886715650742 -0.009778406008265675 0
0.8334105928145209 -0.05877259103275372 0
-0.5888751431048767 -2.4212447966638 0
0.4174138311417985 0.3618104646636474 0
0.3675068662317095 0.08408925805143991 0
0.1534184900856476 -0.07854476129393737 0
0.4286803040455613 0.1755935481802908 0
0.5933398940477896 0.3826986671755763 0
0.670691080849269 0.09954000417732037 0
0.2655127471550987 -0.1114803927149651 0
0.2552476917177853 -0.1987375198130979 0
0.6401447919853627 0.09481154313734219 0
-0.7365558361118552 -1.777949171029625 0
0.3308071319717806 0.2022225186179915 0
0.810997099240774 -0.03883490978404967 0
0.1695009100879151 -0.2264801551156694 0
0.6316292443773982 -0.06174818252542028 0
0.6189460511279667 -0.2274159581100879 0
0.02545198005495349 -0.03095177167413181 0
0.7886484313982032 -0.2445474852122865 0
0.2425418072733017 -0.4783805683726984 0
0.8090005476445301 0.0465438964440908 0
0.7925977018702551 1.087507185893819 0
0.02578744661762967 -0.05786508852007502 0
2.946346380849184 1.208289778433739 0
0.5761453473427223 0.06275360650211065 0
3.022666616216157 1.95986450556339 0
0.9342761056018123 0.01328012184366734 0
2.248840376805538 0.7853530532665186 0
1.363432136122867 3.950967202115861 0
1.098975804431817 2.062239749766461 0
-0.09531915186784998 2.266213607260549 0
-1.760292089319468 2.391597961905312 0
0.6605129388158848 -1.104527492712192 0
0.7846440415144593 1.8394169341488 0
-2.734919366150455 1.058838079340819 0
0.7405665513842502 2.395150970455808 0
0.6080121156356539 -0.4259181115419948 0
0.1511657778563792 -1.285287861703391 0
3.294010211872054 -2.677400636482993 0
0.5886958386877058 -0.0714946545358007 0
0.1673935037228274 -0.07133147533819448 0
4.806956110207373 -1.053123895907184 0
0.9262450054458111 0.02414210452661952 0
0.2030523881128801 -0.06157302904207551 0
4.792364986651803 -1.947694838339819 0
0.1925554242585316 0.1391559634627822 0
0.5680436483737389 0.4984120596312658 0
0.4491444202907403 -0.1237648332996801 0
1.002077824688415 0.3264841512320489 0
0.4935830305252199 -0.6567956773089816 0
-0.6341360228624796 -2.202325149901653 0
-1.012089988062305 -0.8864958597080259 0
0.8369885980745535 -0.1035782756216489 0
0.7028023771536072 -0.2470750215648378 0
0.2729860664774479 0.06438769438595518 0
-0.5087715835567105 -1.084091786382044 0
0.6507955263110401 0.06376136960522188 0
1.594552443328309 0.07264028030089026 0
0.5575060948673481 -0.3751401904160902 0
0.5001566186386618 -0.07884812689265043 0
0.587166045216859 -0.101224709537606 0
0.5164025842918538 -0.1523672094438034 0
0.3700946335962033 0.1753275929067978 0
0.9722748185437352 0.5810562004996234 0
-2.379917662408404 1.508957073519812 0
0.5763565685184705 0.0995739914879727 0
2.443661503809139 1.044459571489596 0
1.977118930575636 1.984384050838667 0
0.7871114124407751 0.05685863339827103 0
0.7561412583724827 0.06695997036168652 0
1.045468110631547 0.1676878412364947 0
4.424159447229975 -4.542834776789398 0
-1.721770779436708 -0.2572334112600625 0
0.2001313998470118 0.6247925687057365 0
0.9530266943650827 0.6225798221004931 0
0.5311720227980726 1.243046712403254 0
0.5176640104396583 -0.3840472206957551 0
1.28828268049806 0.2532237165184014 0
0.4613719933538786 -0.09947495100252965 0
0.9289075691542792 -0.04022771346239524 0
-2.147175203584932 2.868143744803772 0
0.8318155007400702 -0.1534676042880588 0
0.3084681068935343 0.07034540079571341 0
0.579708303751439 -0.1613033336945721 0
0.519600799680333 -0.5905845405979914 0
0.5571211650394158 -0.07761553207327482 0
0.3763521967477378 -0.1022522344165841 0
-1.44754190318186 -1.208006328710766 0
0.3176756578347409 0.1582042910230504 0
0.7031705934535648 2.535215419951411 0
0.4984180567419846 0.06309326299874783 0
0.949449565814511 -0.1961810304930386 0
-0.2266877637892002 -0.068506852110639 0
0.3263957299386386 0.254196613392562 0
0.08957768786016573 0.1027451005602323 0
0.4018983313933078 -0.5002021614762805 0
0.6622096962701327 -0.2322906571846962 0
3.978164032110304 2.81519424848217 0
0.1888868434075896 -0.2958624867125081 0
0.1021687950220614 -0.06937007818870682 0
0.8694248689482679 -0.7963828449380472 0
-2.16659142897179 1.493294110617442 0
1.183723268107883 -0.4000646520679526 0
0.3862360733635608 4.589957404519016 0
1.075908534730131 -0.04036942922518767 0
0.8722426291083183 0.02697248495405172 0
-1.732409383873527 2.098488891513277 0
0.1628950992607297 -0.07393393755316455 0
0.9355189289551034 0.0207194364683522 0
0.5080859974078558 2.345668026563647 0
-2.984278484822675 -2.597418246955006 0
0.8387210399898364 0.2387254226727381 0
-1.744320166919844 0.5694183496495506 0
1.039890012274738 0.04497011939431433 0
0.2625586188973115 0.06399208688640581 0
2.318336960219475 -0.5613969699068171 0
1.221019853282264 -0.03359415949957596 0
0.3591469506004659 -0.1497521780048513 0
1.295233769240126 -0.18648884485654 0
1.464591528514496 -1.089698665155469 0
-0.004191581845202595 -0.02975897960793997 0
0.9419128616218616 0.04897570271796145 0
0.879430152667914 0.02609293639232293 0
0.870206410984466 -0.02761290263330268 0
-1.297614253274818 0.3158670359682481 0
0.3730506667950413 0.1296736456016836 0
2.909393628604434 -4.215116977087813 0
0.7361322579744017 0.08076985186605642 0
0.638076544970426 -0.0747318281488769 0
0.2681980816251364 -0.07916670042522291 0
0.3160814052263456 -0.1122980937188398 0
-2.278931580842804 -1.462409503799775 0
0.5242472636926397 -0.07057537131638207 0
2.178713627164274 1.554078496453759 0
0.9883771436205291 -0.005748616015660783 0
1.959658815798721 -2.25544252374491 0
0.448674274804735 0.1139880792595283 0
0.8731621573729367 -0.09301056140833426 0
0.87888904603693 -0.2172672189798696 0
0.6392022935261072 0.06419648317993441 0
-0.003266161591350202 0.08298702647781415 0
0.9221359431594343 0.106132866840925 0
0.8967459527175428 -0.07968292143600279 0
1.961975837915146 -0.4073875131223172 0
-0.371102745139947 1.827718283376876 0
0.792919772519951 2.641166664094389 0
1.087910141575295 -0.01847577836907086 0
1.25385848972155 -2.558789729077226 0
0.0820813203631709 -0.1130199036334147 0
0.391501709531175 0.0808672808526532 0
0.6789642906864877 0.3566920877782042 0
0.6719952236149094 0.3213457688807169 0
0.615081614621362 -0.1024081088779478 0
0.6264531819301281 0.1511600627285485 0
0.09844136270957722 -0.07522347243095449 0
0.3511890725680799 0.08173365230437624 0
3.554109543806958 0.5824602557657491 0
0.01590265702235386 -0.02578955433446377 0
0.7946880441997551 -0.04468450918520989 0
-0.004422276155517689 -0.0008542825288267529 0
0.2200943303665006 0.2477049905772067 0
0.05609590035793329 -0.1209160980140778 0
1.002737267948411 -0.005048828269026528 0
0.01482029154094418 0.06843146265569501 0
0.1327355626566983 0.1801298351019784 0
0.6643273009862429 0.08796788032443788 0
0.02769022090854816 1.268360915962335 0
1.499168934787371 -0.8328530611264057 0
0.6111033721668536 -0.0785636220816943 0
0.1857046419090176 -0.1821356760566835 0
-2.715494233760797 1.308426326424977 0
-0.2822640720708396 1.626766229643303 0
0.7647561492231776 -0.1948056910554909 0
3.520469478395449 0.2737102494771653 0
0.4004663604543895 -0.2261276740597779 0
0.9586830503118815 0.1703967254259512 0
-0.07510686338992972 -0.1017961943183097 0
0.3780717033021951 -1.441819589776019 0
0.607884583348978 0.1385962090947374 0
0.3335227826099472 0.6630250984002972 0
0.7092624995690447 0.06021977179499407 0
-1.18046081876583 -0.182288471008263 0
0.5627951428802982 -0.1693043270836208 0
0.5645924761010436 -0.1012951888299224 0
3.451292442940723 1.270069595397134 0
-1.565732883293658 1.361861813810312 0
0.05191133616043444 0.04930316498588737 0
0.2573570707728974 0.2720000824195576 0
0.6877733244607117 -0.05134231647529648 0
-0.2019418265684826 0.09126380160595138 0
0.9584199906868258 -0.02687842778915712 0
0.1886912188814352 -0.0817979355265894 0
0.5502495178134733 0.5852648868534801 0
0.7591175284972342 0.1102755452910617 0
0.7591799530727835 0.1863245057361084 0
4.439476837054745 0.09010867550586595 0
-1.123716174953944 -4.303400409727335 0
0.1847881217549807 0.09020341272121832 0
0.1782820597409627 0.09240911054899385 0
0.4829291728956659 -0.07682463854553537 0
0.1902201888072894 0.09435653661162077 0
0.01678107652997714 0.5013380084324592 0
0.2814785224751001 0.07816196381660689 0
-0.2999115446034771 -0.9870002365655727 0
1.611018469894166 -0.3757278070696018 0
1.421304717800594 0.5519937553639459 0
0.9842631446435224 0.05398817847296465 0
0.9515047980544719 -2.102544289039724 0
0.9765412426390511 4.587068973586655 0
0.6455064823162395 -0.2787875980352412 0
0.2582532268647171 -0.06389367547438725 0
0.2247503069389395 -0.1553461106245149 0
-2.093278519429566 -2.394080564431126 0
0.9564022317461141 -0.02129947215634051 0
0.6096370978354515 1.554124820569494 0
1.026343690099124 0.0917598795231384 0
0.8795492742887405 2.369293346484576 0
0.909184554061315 -0.1156410542445403 0
0.501830893827749 0.07157889156746226 0
0.5085927847172662 -0.123041023965557 0
0.2834064192220081 0.1141677180356392 0
0.8078667869647232 0.1288469326686394 0
0.9397596148377672 1.100756558801492 0
0.8088170088532574 -0.07700520373899974 0
-1.214732153168399 -0.6306325279724618 0
4.373141068119569 3.97760433615074 0
0.09711252377760252 -1.131065448477288 0
0.4256593315247726 -0.08135419091304419 0
0.7970477466463102 0.04945702827779298 0
1.04814154081087 -0.1745446538541964 0
0.7301728160706614 -0.07421046678044632 0
-1.512064216517507 1.126250567723505 0
1.044268635056508 -0.09241024515857074 0
0.2106033658976019 0.1003848223597583 0
0.08482300379441887 0.7346395181198198 0
0.3999963641969673 0.1726972179951547 0
0.7120170101134792 -0.6789985341261406 0
0.2592887271296893 0.1014047305024275 0
0.2495432911434908 0.06405784463111863 0
0.787207672793831 0.03785391872812964 0
0.8072320031150129 -0.7739931137629605 0
0.7156683115536729 0.09757877436598486 0
0.2929277183156119 -1.438856565578066 0
0.373355922332552 0.3422514354119502 0
0.3195445470089709 -0.091342398527506 0
0.275322332140118 0.4052862176400319 0
0.4898333719859435 -0.3095204779869724 0
-0.160831153871666 0.1910106212743007 0
0.3785206366792668 -0.08215647007244833 0
0.4840707523343912 0.08692346836779698 0
1.010458753858178 -0.2209551647353593 0
0.1788411597448857 -0.6047274616828455 0
1.150933276855457 -1.768064415152037 0
0.6875970513906979 -0.3261148837232998 0
-3.410371990899939 -2.794718832686976 0
0.4729211872937852 0.06642784820378664 0
0.9821893518225198 -0.02558344666604208 0
0.6077442470414984 -0.08984792845172027 0
0.2861484469735576 0.06484683486498129 0
2.270310980079784 -0.1347038210473471 0
-1.134232830192827 1.630036041214243 0
0.6154539396487808 0.3048374263027377 0
0.130129381245505 0.4618328351645504 0
0.09189027004241422 1.052834263937119 0
1.163957547410875 0.2184974914218629 0
0.555244048360284 -0.06023834009215282 0
-1.533917169904336 2.739104285977008 0
0.6381213834532296 -0.1469572760572091 0
0.4414153870300862 -0.1583055695686284 0
-1.539683455094266 -2.068443661766246 0
0.594479759875741 0.2488463264129915 0
0.6244248983185222 0.0480026845147796 0
0.3730643749962251 0.3670484205344728 0
0.1838138680716528 0.4292407633938323 0
0.4760284999817154 -0.1000263838879541 0
-2.905843184893106 2.869453093792968 0
-0.1231064913301974 0.106182972441154 0
4.77152046364897 1.91432958199674 0
3.258663559267915 3.251925736524228 0
0.9287207555700989 0.0708364400006731 0
0.1498793650944135 0.2094408878222448 0
-0.8546848980176074 0.7344790233080368 0
2.135796165381132 -0.6766095741115156 0
0.4500008876750055 -2.2179198821872 0
0.8454643687613991 0.1072905626216223 0
1.026656384769765 0.9912797719898103 0
0.3015683064164658 -0.353293903970359 0
0.1430424478276507 -0.5778390773120354 0
0.4723154038209714 -0.1631309065403012 0
-0.08073856916500352 0.4135110018350073 0
1.130683965412872 -0.005506016342295864 0
0.5625242178749362 -0.08880249142815071 0
0.940119718504596 -0.06759168363558286 0
0.533907476563231 -0.06811593758541153 0
0.8643366392952379 0.09922520206623128 0
-0.5900608551560779 -0.6252214708661266 0
0.3466279004441361 -0.0696918076883976 0
0.5620905467442785 0.2536240729132245 0
0.8173429474976539 -0.0471832342447881 0
-1.552269060566821 -2.249375192936572 0
0.6953328698333473 0.7370590874608258 0
0.4534950017301162 -0.1590517453882006 0
0.6365079920476368 -0.05226378100378953 0
-0.8161502891290158 4.586473074529876 0
0.01422058808378391 0.05496835773001463 0
0.4099129101636217 -0.06915653458036781 0
1.001306613355048 0.2710002769952941 0
0.7918801933862287 0.03054352456635196 0
0.706955532064015 0.1626220543920595 0
0.5969426063682739 -0.2697283569200472 0
0.5201305083965353 0.1298838837338092 0
1.616297599434426 0.2266900165695499 0
-0.3352779702288796 0.01013308893254265 0
0.9781532140452757 -0.2055415990090942 0
0.2870363541208286 -0.1125886567663787 0
0.5367189761683437 0.1070713159354439 0
2.352160842869025 3.168096162360095 0
0.2227443520452585 -0.1095266135421026 0
0.962226790900123 0.06859080628518574 0
0.546335066434872 -0.09406318287594344 0
0.2131184992078676 -0.7041506244222258 0
0.156597983684058 0.09060543883059091 0
0.3405313131246117 0.1247227296452618 0
-0.08502848515420749 -0.8549045434104342 0
0.5667255649934573 -0.08224956278470275 0
3.201885053546175 -0.5604388471974531 0
0.3399238345060012 0.1105106670608741 0
0.916365857735028 -0.0226582617860602 0
1.105311976300626 -3.031201564802138 0
1.313555720054415 -1.305837230279707 0
0.9808856580506201 0.01413984050905424 0
0.1796707593826907 0.07984533818257919 0
0.1505112208490666 -1.517963293653336 0
-0.2517837707790197 0.2617771453233284 0
1.295935848813777 -0.1449229024047163 0
1.276037031017863 -3.242243556324795 0
0.6617372546300204 0.06689306279943494 0
-3.778577699317811 3.403353122291186 0
0.6905206702315025 0.05607065185246825 0
-1.284138501671615 3.344699027156727 0
0.5299628524798832 -0.5334505738906333 0
0.6605275841675402 0.1057006716112227 0
0.6703587597449937 -0.3926982149627798 0
0.08429184097195604 -0.2646704632064749 0
-0.1443398458860536 0.003958857837761749 0
4.440680211248548 -2.866924476544634 0
-2.250593042623954 1.796954991332795 0
0.8518904472862412 0.1679039880773648 0
0.2320745193290297 0.2220509243607879 0
0.1084698511600697 0.06688656577000589 0
0.4075599177471433 0.1144404710464351 0
0.03468911948192239 0.0346776852659751 0
3.726801329106154 -0.6375628089725693 0
0.8095738948071265 0.2364382125070186 0
0.7290488171267275 -0.05808970219824917 0
0.474357146595801 -0.1211507307695839 0
0.8238189399799249 0.08428069184158415 0
0.6725643561570365 0.06096328456065998 0
0.06952946444390487 -0.04477972925209578 0
0.219395775710627 0.1342832510662702 0
0.908540617935424 -0.03602634042281445 0
0.3582034977265043 -0.09654287884833133 0
4.084247348130408 -0.9928309495879371 0
0.965391081345668 -0.02023264366429987 0
-0.1451206271520931 -1.264134334312933 0
0.2733400512609658 -0.08835285669309914 0
0.7042742062326681 -0.09142728246134559 0
0.2413863784242706 0.09093102748243606 0
-0.1899909297674071 -2.449016473037266 0
0.8093912953801512 -1.415405487720069 0
2.397805127836636 -3.513952552314407 0
-1.749222012705955 -2.343978093691259 0
0.1563495512974218 -0.2558800924164359 0
0.0123157992170192 1.183055122622004 0
0.9018184788997271 -0.06678183561619291 0
0.07832821246232397 -0.195437858822205 0
1.005137843905146 -0.03849383126532246 0
0.05834869520556731 -0.04203418719225141 0
0.354566984828169 0.1091012977653641 0
0.4008237777467126 -0.06884994216558198 0
-0.6799486191719897 -0.351126444647636 0
0.4817268119521805 -0.8713946085110704 0
-1.792281032450597 -1.900549112386255 0
-0.06771508780983657 -0.7850212123926876 0
0.8537058065882197 0.06930429304141196 0
1.008261024378581 -0.3264784669735035 0
3.594885179103823 -3.625950134439108 0
0.7033824494275054 0.07661162348699983 0
-0.2423420098334838 -0.1900916659824607 0
0.5821507372628385 -0.08234600666001068 0
1.8064634498308 1.134921950749417 0
-1.869276108902472 0.6781239165744258 0
0.5529584929423904 -0.09605688071959487 0
0.8409047454509631 -0.2622785590577924 0
1.015547424394835 -0.5708800486491297 0
-0.07845497831918834 0.768250628199002 0
0.4296225683489075 0.2621813114193575 0
0.009084992530712745 -0.2935683463141371 0
0.9884614428360479 -0.4337666894452047 0
2.504548557526274 1.837865518764283 0
0.8280558334721133 -0.02703285224985889 0
1.436570754823723 2.533538295481302 0
0.4684218893995981 0.1669946114332669 0
-0.5116504256402226 0.7740524880144698 0
0.880545125739106 0.09205045613389821 0
0.7979881573806006 0.6306440054265755 0
0.1211332621925991 0.06134564396059853 0
0.6148097794641151 0.07041556174697278 0
0.9653472442342045 0.01930931288636 0
0.7522339387037291 -0.2860480643178316 0
-2.143365812262296 1.05857294650861 0
1.896767118072303 0.09788787111381911 0
0.7189712232729615 0.1660643858260459 0
-1.427239136402795 -4.597263744829237 0
0.881626014116252 -0.08757935270355517 0
1.232352081696164 -4.62055174763623 0
-0.1527002473233203 0.330638081092294 0
1.030855525509393 -0.1907825987052583 0
0.4415778316527699 0.139178949550338 0
1.080874493432541 4.237368115386472 0
1.609211375459464 -0.7205208377595218 0
1.004981148587577 -0.01035552071517053 0
0.2337634620993515 0.5790787549732163 0
0.7011668290885298 0.1394161211274392 0
0.3022113397344036 -0.1142366312914908 0
0.1642038442043955 -0.08578664873553458 0
0.8944761279546647 -0.3220065177661343 0
0.3991391573977743 -0.1069018071060574 0
1.046194894670509 0.0006121481633922098 0
0.7824286487451225 -0.03864535854053694 0
0.8053593219665994 0.1004936598689693 0
0.6839360941724333 -0.1235310114702716 0
-0.3438335603206749 -0.07118930310120933 0
2.313257680406805 -3.900469848789569 0
0.4177148710541865 0.07617352056971693 0
0.5235962494676167 0.06240571051207236 0
-0.7273355125692392 1.618159406033822 0
2.62878249167331 -1.477122105502044 0
0.6804615025466692 -0.1078073349942137 0
1.384417934245109 0.4728738448185105 0
-0.7182634329218387 -0.899860048694667 0
0.7590825566333779 -0.2202417996412311 0
1.324270898561273 0.8162361100673061 0
0.6835018404424307 0.2303509858423173 0
0.7086796895227427 -0.5995089414296406 0
0.7027966681090307 0.06894733390854627 0
0.5719529933360151 -0.06466431807831291 0
2.718248132404911 -1.970897772332821 0
0.3550955667857257 0.4803581379170488 0
0.3272991517463376 -0.1028913979665267 0
-0.09123631147590824 0.02454026636191558 0
0.1214520230142537 -0.8171960903840858 0
4.322745967704374 -0.5499503882279216 0
1.07798941165092 -1.441479370482781 0
0.5525903031770635 -0.2620656106434336 0
0.916041342905371 0.06713097625553753 0
-0.07365668071474715 -0.1264265013091282 0
0.5573941441154636 0.07477883752071629 0
-0.00352011082178379 0.175285535036124 0
1.024049579398166 -0.005636401577642208 0
1.063226788283733 1.121180709300109 0
0.8514344670762 0.04583547309600874 0
0.9670098540427273 -0.5320699449517149 0
0.5935728053438646 -0.08834716680341682 0
0.7724917577656157 -0.05355473646077978 0
0.6160590116102692 -0.2706837511442116 0
0.9088700545500465 0.1270241067919906 0
-0.2117685183608185 0.5239908657279493 0
0.8207949083332831 -0.156891059794724 0
0.4536933421921248 -0.1417375852007437 0
0.3576028060312786 0.09992332566955854 0
0.2119927929972166 -0.07216846819154461 0
-0.5158783653708967 1.09290542713056 0
-0.3862329683675559 0.2478542407313097 0
1.698429681469132 2.145929706973248 0
0.9711487891314128 0.04749761260218059 0
-3.785798489191316 -3.721434318910619 0
0.9125864456139252 -0.205224010398906 0
0.3181760481632601 -0.1839777953887702 0
-0.4825564274079805 -0.5251169352327307 0
2.421351818013848 3.985273661347209 0
0.3284534409843769 0.1045405483269255 0
0.8108945842943132 -0.04447388259269577 0
0.2727686433689325 -0.2523876954707549 0
0.03805110784057308 0.2744022512361539 0
0.1625798987759999 0.06434276137463782 0
0.7563967868361838 -0.08852314187629275 0
-0.495131711455891 0.8980222462473662 0
1.109385635854812 0.8070816495115726 0
0.8092031288678148 -0.1046038463952271 0
0.3899396799565074 0.2791978394598595 0
-0.9014051134881157 -2.127577224425503 0
0.9853771622167616 -0.0555611267030245 0
0.4721268694481983 -0.06547459238461401 0
0.2949192926904531 -0.1182436116143194 0
0.548978613525146 -2.503349246461196 0
0.6303631950189099 -0.08029273229915955 0
0.4332737025242578 0.1155138963397063 0
0.2047802551617059 -0.2360526086014505 0
0.1066561768116207 0.138038438329789 0
0.8956988498762383 0.02631600550883283 0
3.943747432270253 4.599361033599121 0
0.3367567201767164 -0.1202494953460524 0
0.9813465214563533 0.4078659353321153 0
0.7881228271227571 -0.03154827186077715 0
-1.565595127284662 2.116040019322302 0
-2.17110099349266 0.1734094833285768 0
-0.2743387028195889 -0.6182043745334682 0
0.4873858129691983 0.2367045750977034 0
0.6979545829158593 0.0499664714333195 0
-0.7146132155350132 -0.1556324495042576 0
0.9647121171413633 -0.02593360014211714 0
0.09164074935909286 0.06424846430212898 0
0.8194876141589096 -0.237775383652976 0
4.535696675232409 0.8129348841387836 0
0.2896378274554066 -0.1037361392030469 0
0.2674664698962398 4.225003341699711 0
2.857897371715889 -0.3964941635682777 0
0.1346205570141203 -0.110162871084641 0
0.9896508729146213 0.1621219992007313 0
0.9864399545682796 0.08778332757299151 0
0.3064959079795306 0.08113219765233616 0
0.322495669277017 0.08328380918476762 0
0.4018877135625363 0.2008400310940506 0
-0.5163289785926028 -2.012177816994829 0
0.8025968003443648 -0.9101273107732423 0
0.8704860714429179 0.08249284633247114 0
-0.5708293659119673 1.004664261163058 0
-0.9186777390149492 3.258149509298085 0
0.2824842990456447 -1.291773751352748 0
4.779452253346751 -0.5075606651636962 0
2.394979122223213 2.974981298909799 0
0.889108888673754 0.02652382159463862 0
3.028287402198645 1.386451724624733 0
0.1606173411840013 0.08014348575240128 0
0.910340482510701 -0.06971245579449931 0
0.9885676034086917 2.885620045268206 0
1.57724052478291 -0.1474306926383932 0
0.3980508006046415 0.1163454476292008 0
0.06885925344024689 -0.2364391540180898 0
3.051626056327473 2.376032478966833 0
2.644336608913396 1.070741259211826 0
0.5498825476096925 -0.1583342738946074 0
-0.3100696406770682 -2.040457314057698 0
0.2096047035425189 -0.1709438469539889 0
-1.486606958100039 2.257895070036653 0
0.5553856282233934 0.2922929268335839 0
1.18115325272749 -1.563792944885905 0
0.5056429691305777 -0.09633615753286562 0
3.90694245436175 -4.054040276633764 0
-1.475243664118254 1.966941245653594 0
0.1094957556718404 -0.1425402519966812 0
0.9125445679434311 0.0339988938102993 0
0.8011516933697307 -0.02943577328793305 0
-0.2716922158065173 -0.02894877477931522 0
-2.844940982588386 -0.6038112801407088 0
0.8850508236842365 -0.01950973515535334 0
0.043079776070858 -0.04765716560512519 0
0.3385702127856245 0.1638695103384781 0
0.9255114564601636 0.491950623180006 0
0.742016424360568 -0.07444943088993666 0
0.7000674163034263 0.2553678811487965 0
0.7815888156009235 0.1088039702147893 0
0.9524860664143403 0.04300167616781258 0
0.351258948080745 -0.1206277834284444 0
0.155008270669147 0.5747859263987413 0
0.7784691473371245 -0.05662169490874686 0
0.6437280966621882 -0.9277123636506532 0
0.6183976087872491 0.05497750639345032 0
0.7924695718027094 0.1140872157845561 0
0.7580743988495879 -0.1220574088982744 0
0.7080964827509384 -0.05513011437115958 0
0.8698845691079353 -2.214189005400071 0
1.750823089443408 0.9432662554888254 0
1.101783878972211 -0.2743190780698374 0
4.007694806436171 0.1272398135129992 0
-0.1378056173179136 -0.05820143186813077 0
0.5908979299925946 0.06568023831751381 0
-2.610391949561492 4.604656755112408 0
-0.1621326147758337 -0.4837024464128907 0
0.5198164190970649 0.07200148745038976 0
0.2308335235797245 0.09836188950154212 0
0.07894977313639091 0.05262907764583972 0
0.761748284673287 0.07058841535538925 0
0.8938262443508564 -0.1847733974354101 0
0.7230869127017857 0.08657531832915796 0
0.8629821667044641 0.0299001236900323 0
0.4450421994789125 0.0866602906327958 0
0.3630134256211942 0.2586516146038476 0
0.7342954381666571 0.2992552237440312 0
0.8513025139059537 -0.2203864300542575 0
0.1474406542610893 0.2262222847864017 0
-0.007496350846015725 -0.3884671985174342 0
-0.6558434101699917 -0.6410658823545479 0
-2.241951389123675 3.051026961871388 0
2.861139066012557 0.06904963217288321 0
0.9742599107403441 -0.06532621949997618 0
-1.13840980189405 0.1298733388926421 0
0.9742219797624687 2.468969992950921 0
0.7693400035041484 -0.08629670040632659 0
-3.782067527690286 -2.597347124836946 0
-1.991186270333054 0.6207101627762915 0
0.6343148854257 -0.06616811954754406 0
0.5369391014105355 -0.1264734271710165 0
0.1131633904727164 0.5097172029417735 0
0.1873618524404905 0.3838362510907866 0
-1.792236998672563 -0.3738112835031008 0
-0.1465744639909185 0.5665462936505471 0
0.9666018492889946 0.009309620209381241 0
0.4911369255795134 0.1088206347679108 0
0.1286082949065082 0.1210645976979212 0
-0.02265108852099158 2.134375070651875 0
0.5013434738335106 0.2241509584341323 0
0.09101575409808652 0.3489527483677859 0
0.9378305060649625 0.1935280599938005 0
0.6435784894119747 -0.08212499958939017 0
1.162862867089302 0.08635455231089334 0
0.8842213870830128 0.06314574682520983 0
1.014404590932865 0.2065429344123094 0
2.193939533802248 -0.5747567232558082 0
0.4871350886306874 0.2918972273641424 0
1.380102765628553 -0.1526959084363627 0
1.654687069398588 -1.018386479706719 0
-0.6044697098996523 -4.052408541660721 0
1.680651229063656 -0.2428628282928087 0
0.6441482054557619 0.06169112820122656 0
0.569597192868651 -0.1900921944990292 0
0.9396680042051906 0.1013007150486775 0
0.2852187883549279 -0.08100221677422839 0
1.428312681773958 0.8997870501411317 0
-1.416056582013417 -0.377554496905405 0
0.9944052918178322 0.1336699183990138 0
0.6590097941633987 -0.5820563284735464 0
0.1312244265577065 0.07741614166772165 0
0.4646267045931125 0.3085083630246261 0
1.009590751573262 0.0300256125725659 0
1.650428745234797 -0.650608354689826 0
0.6576840973898488 -0.05986390179155997 0
0.4474054671540463 0.2097525531325578 0
-1.238438192219729 -3.319252242974271 0
0.4067040851775179 0.0905573049880736 0
3.057266725675049 -2.118096533588031 0
0.6476747301106629 -0.1177881131606874 0
-3.379668113746668 0.9877391817081516 0
0.07040170090763198 0.05736625014544804 0
0.3385069091517903 -0.6211694536986271 0
0.8990867370190833 -0.0394752514370624 0
0.8405902274902154 -0.0325626162640398 0
0.8399523841120307 0.06123616916221377 0
1.264141469301423 -0.5205793421455023 0
0.4894537951420824 0.08813969523579336 0
0.624830042283908 -0.1291515847187491 0
0.2688094382145222 2.385639198034998 0
-1.54524980717824 -2.575615116078825 0
4.419132976261479 2.21454051138459 0
-0.006917703794881973 -0.5129773529127513 0
0.7628405875277733 -0.05098477632809298 0
0.5994965339699709 -0.07382422861747176 0
1.019273256856184 0.05647638917090345 0
0.3843166492318135 0.1565670713378318 0
-2.59090614794247 -1.496728846375086 0
0.3442270754918779 -0.165240666688356 0
0.8965415965453621 0.2342355733543099 0
1.00628420769618 -0.1204130931988464 0
0.06703766919351085 0.07749430873332591 0
0.05466957162960993 -0.05115113154880205 0
0.6945279183626024 -0.05402831220222145 0
0.1658295941898804 0.09435668670055322 0
1.434775731376766 4.326562204455336 0
1.040895885628254 -0.04136211912042325 0
1.056092199630084 -0.04984569145794899 0
0.9549049025616666 -0.1383602247245871 0
0.7615667653755362 -0.0767512477220935 0
0.8370854053806459 0.1736825996016472 0
0.7316889669304733 0.09200844086244978 0
0.9616088085574683 1.416907884299238 0
0.7516979865589823 -0.1629553709627599 0
-3.786473714523683 4.194314339556069 0
0.3627267814616142 0.08809218201087016 0
0.1566283897649652 -0.09483991268863667 0
0.2094634791668598 -0.1134104267648759 0
0.1979635370282121 0.1537235943526148 0
0.5137142769855911 1.147547703191385 0
-0.05601175636345189 -0.03569530398387925 0
0.231586023220074 0.1127969484659579 0
-1.592376490723274 -0.6979505667646247 0
0.7506918458735453 -0.1147339818412151 0
0.7895359472410691 -0.1372185804965901 0
0.6372970908126876 -0.1158937702523473 0
0.1530277236953709 -0.1113600657794531 0
0.6078238480807577 0.07018021311234662 0
1.680630725833407 2.889463894983835 0
-0.08076321258164737 0.1404941079301391 0
0.4981033518654069 -0.06952007142426567 0
0.5119041101889324 0.06654824104970819 0
1.009265775379182 -0.1070677222010573 0
0.9036570044310569 0.03949556551282037 0
0.214866775957381 -0.06234824718497044 0
0.3063533105030184 -0.4649832787839975 0
0.9676601355892687 -4.265454079671346 0
0.5144164562476394 0.07628219662182177 0
0.01670171909279418 -1.336524169200477 0
0.607275942765274 0.06307690873193109 0
1.64068753268209 -2.059888715307502 0
0.5278781031148826 0.05481830518539836 0
0.07591119430584496 0.4940355884696209 0
0.7488204226258978 0.07451032577083627 0
0.4416112432576008 -0.9125840369964267 0
-0.05555602938257605 0.1564656749131272 0
0.2585111894580935 0.07716225372165014 0
0.587534297333435 -0.1403836356937301 0
-0.5800705436459778 1.289526634711352 0
0.4214168121134816 0.1141425905705209 0
0.6433328442846242 0.05582954496906692 0
0.84406306303197 0.6479514103634971 0
0.7991103919518656 0.3278637911208228 0
0.1533520224598206 1.371982634037233 0
0.6900870322286894 0.5867825174438057 0
-1.426234648257515 1.025421212349534 0
0.640937544691645 -0.6318712199574803 0
0.1080679270598435 -0.05203897745723718 0
0.2053014692505801 0.1698447213038987 0
0.08001918693429499 0.16059798375119 0
0.5422336930473419 0.3297828649620255 0
0.8671675589691944 0.05392782172320626 0
1.666137559806928 -0.1629390667805469 0
0.4407498287751804 -0.09885448472686943 0
0.6799297676060772 0.1696455708010066 0
-1.560358531662035 -2.762881217022793 0
1.059565575053664 -0.1392328462144156 0
0.8945139795321009 -0.0519247511472215 0
0.2026232006261532 -0.06901535642100362 0
-2.402213419157945 -0.2020233518940232 0
0.7550279801034141 0.9149122334560197 0
0.6014899752801592 -0.1659634880058722 0
0.518797917378593 -1.269806905198757 0
-1.688463569458631 1.608517150165673 0
0.3551739102469537 0.3238177964637026 0
0.4721061237682938 -0.2275227288769994 0
4.779325767669114 3.70714312018156 0
-0.691446504936756 0.8964036035841603 0
-0.01697431253646608 0.04419086200216996 0
-3.119847815065525 3.659429117519301 0
-0.4803455368051456 0.4030290458745444 0
0.8159045987174403 0.3684366986949753 0
0.2220987988798093 0.1107598282261956 0
0.2668593914144662 0.09674799847406441 0
0.3308019662452906 -0.1509915722646741 0
0.4620128985602348 -0.3700601445630436 0
0.98719175904047 -0.02139237076257832 0
0.5873335981810253 0.09270575602536839 0
2.591898186938277 -0.3540410795193236 0
0.8444071765867946 0.07229241662140498 0
4.774012658139261 -3.691326515120234 0
0.5548180197520274 -0.2377620257502143 0
0.5952625981084809 -0.1925744954178982 0
0.02501323844991024 0.1001942399346251 0
0.9329268809335876 -0.1288894347757599 0
0.995404213181923 -0.4963942514252673 0
2.178845985076844 0.2086336567866197 0
0.6537603513405325 0.09362231707969793 0
0.1012387842818723 -0.1583227077934996 0
0.9747608303723871 -0.03436971564151382 0
1.27232376072312 -2.116631523991738 0
1.219828652664993 -2.22052802738757 0
-1.813099020803363 0.810076707591443 0
0.5471507991605995 -0.8002932894566551 0
0.9426306950708987 -0.4655089586693382 0
0.5764420857012713 1.109618732552894 0
0.7207092774791259 0.2115933099715107 0
0.9418728367089075 -0.02017350474911367 0
0.1964852195985635 -0.1006864774571897 0
-1.996547885471868 0.4402676861045092 0
0.319622139093685 0.1162150984414733 0
0.7313294233194554 -0.09645208036764026 0
0.8767250258547628 0.1090049009672439 0
-0.3014533636609968 -4.25567319268913 0
0.6859071374111902 -0.07827127297444975 0
0.054517238743093 -0.5647394507226878 0
-2.527974482308561 -4.559306846964535 0
2.224823760366788 2.688778491618349 0
0.3451002186486353 -0.09188884195356566 0
0.734654715444149 -0.06578382673718501 0
-0.4247131661471629 -1.489614890580693 0
0.8580973986900382 0.04799665638836935 0
0.9749561974224917 0.1056692055206439 0
0.4446050605470687 0.1068570394058944 0
0.5024597406257855 -0.05673669801217746 0
1.182570859970285 0.01162699804710424 0
2.135274525192741 2.378106249004779 0
0.515749099084402 0.09312240427141646 0
0.597883148277375 0.06761916470085852 0
1.271879516082588 2.318166264764006 0
0.5060319926231407 0.1497000499322255 0
0.4008345555117722 0.07620452415365521 0
-0.04867957071694565 -0.670611222959426 0
0.8459837332252257 1.194123841268496 0
2.554091007140421 2.178938752549756 0
0.9819102420049527 0.02492420159537201 0
3.230612809244381 -2.459409963342616 0
0.3835189880857918 -0.09298284834397086 0
1.005139972445021 0.03505425119530028 0
0.5628424587447679 -0.4044054500818264 0
0.865858439272692 -0.0371013705814548 0
0.7813087354921313 0.03167926842297753 0
-0.05232697290273298 0.4008378131324545 0
0.1473125410260712 -0.06945782034377285 0
0.4742652928272634 0.1772111440829493 0
-2.660901230375531 0.2438319433806582 0
0.341227230247027 -0.07970532905809927 0
0.241661908386252 0.08148374758342364 0
0.0553122568442862 0.1090715254176351 0
0.6114859672377441 -1.815109770121835 0
0.8424169644605298 0.04223480596169501 0
0.4207877062301486 0.2142676707730374 0
0.4095159957397726 -0.1007482786735453 0
1.200605562568647 0.412438844205733 0
0.5844099486677207 0.1933888293981899 0
0.8157504315264199 -0.06686598185228616 0
0.2531579288071466 0.119849092977019 0
0.09972904330825749 -0.591973874476504 0
0.1740530916724921 0.4838396195926086 0
0.8875995935021055 0.04990110961033602 0
2.004115866886222 -1.372218281708792 0
0.8192767602379005 -0.0920485642058098 0
0.5671719860835515 0.05201675027374597 0
0.06186860270834335 0.05201687003781487 0
0.3504201573843251 0.5196174156151511 0
0.4462068851364109 0.2915383189654678 0
0.2827752004017798 -0.06393832127774106 0
0.05103421909312454 0.4158582622285716 0
-0.399361834035408 0.345910065527517 0
0.09946779508143677 0.1113791416463911 0
1.646682557238381 0.5413763721871502 0
0.6505670915723192 0.1210691889463709 0
0.5972523521817138 -0.0497485501156542 0
0.2710984261530247 0.1399924299484281 0
-2.560532255491508 -1.740707704164379 0
0.4234848710170288 0.566261100116867 0
0.2196099577406178 -0.5897225436296376 0
-0.6512882126245684 -0.9841465453826366 0
0.7138013356665309 -0.08103586850328744 0
0.7186531261355018 -0.4006158855689156 0
2.974344170404534 -0.4557906075767431 0
0.5961929974048504 -0.0660683448223989 0
-1.55526865572175 4.296599857729401 0
1.083879850042893 0.2241681722971245 0
0.9802799672909781 -0.08601781360914837 0
0.9274895968513613 1.190923696872786 0
0.31014187841762 -0.2870589133772273 0
0.9628658466292223 -0.1638130990060463 0
0.7481454048244163 -0.04154903224042016 0
0.4929381995460924 -0.07846601350657176 0
0.824942476060945 -0.4842667193095693 0
-2.251296455156595 -1.941902542456443 0
0.5485700974914843 0.07079982764110739 0
-0.5543300878268027 -0.518979068937836 0
0.3296176531198642 0.3632051848109424 0
0.2275992591027809 -0.08110512973805212 0
0.636948854417593 2.016862264913812 0
0.4317871588669312 -0.06028040978953187 0
-0.561469449169042 -0.4263289824812184 0
0.9001943256858034 -1.715785813667466 0
0.8574934151910378 0.03712642277277781 0
1.086680388421557 -0.5881840554021793 0
0.294039824301158 0.09445540154370928 0
0.8355633841321392 -0.03232776553809896 0
0.3651683779591304 -4.618439499821983 0
0.2101981145553185 0.08766630131573523 0
0.9657201150749236 -0.05075961329563758 0
-0.03559266143532943 -0.2342103401212947 0
0.3492081685061297 0.3796892755541955 0
0.8926296524837689 -0.3028565675674018 0
0.5865934654606817 0.6294132615422754 0
0.5259079003419954 -0.1278473377482859 0
-0.09285147485918871 0.1720620113609072 0
0.7265143304122657 -0.04836601575649947 0
0.9561699601871503 0.01804181421708123 0
1.534465978496823 -3.382848689889579 0
-0.4361110581837296 -0.3068445639444027 0
-0.302365882857459 -1.581171779129801 0
0.01688085112616819 0.2514965285497178 0
4.208367824281004 -2.322664994050703 0
0.8002768187740952 0.08632428580467201 0
1.212803789921167 0.6142839716629547 0
1.376812388386653 0.6147398219584632 0
3.232867117030514 2.2123994848045 0
0.6745667265191453 -0.088149528906866 0
0.3613418545114714 -0.1226764992934075 0
-0.5815548575919199 0.385483807992186 0
3.7644980644469 -1.753569155317078 0
2.053040007386657 1.110267351800687 0
0.3429893725808743 2.657497700399446 0
1.250528991771932 -0.599677665342381 0
-0.6145434461692251 -1.605325922344806 0
2.469690462075113 -0.1685021050836194 0
0.04368497762047955 -0.08119940204148329 0
-0.03668704691095524 0.09734680530785081 0
0.1579853444900369 0.05772746443727297 0
0.3477249835638345 0.06366565667793493 0
0.3880954536204545 0.1371490453993082 0
2.771838440546535 2.581605516928483 0
0.3410587115888614 0.1345498343485115 0
2.480491471047348 0.67092284344158 0
3.359983225005694 3.479121921682736 0
0.4360218944225965 0.09509813829252664 0
0.5775265239279522 -0.125112527487826 0
1.470167820078276 -1.35217411355814 0
0.9297523186683698 0.02051364551540857 0
0.02134405939807303 -0.04420312992315331 0
0.4046241659231937 -0.09492943001409745 0
0.250739259666993 0.2437707921432249 0
0.4322892521985825 -0.5032621916901568 0
-0.01888836489812906 -0.08448524945950318 0
0.030755674438267 0.05195664985423218 0
0.3127333222162124 -0.06392011489834278 0
1.202003671268684 -0.5253700402500724 0
1.253334375436516 1.22519601399455 0
0.8782195027480367 -0.03145746394009415 0
4.472347301889794 0.3604823302272129 0
0.9232968773006078 -0.09774728784476136 0
0.1941502671468987 0.8515146096523107 0
0.7596173339281117 0.4324817003416241 0
0.6774260180276748 -0.2662242855730621 0
0.8656712792360332 0.02157789712958027 0
0.7119597293662333 0.5253818698015507 0
-2.049768456593563 0.2547131787580908 0
0.2331605983925009 -0.0729858907427138 0
0.1248113996443595 0.08046847398654518 0
-0.5164117488171833 -0.2229175165837494 0
0.5844584822431875 0.08208102816134913 0
1.245040891503831 -0.3179759729965345 0
0.17233758283266 0.9554394773036987 0
4.297204676011545 -2.004752938131847 0
0.8124189866647736 0.03821664815306623 0
0.7176425640077749 -0.1333033748341807 0
0.5942396180366698 2.795299600275452 0
1.013781615496939 0.01773753193884547 0
0.7493666743469291 -0.0781627170232079 0
0.9351035895365876 0.07706386454204713 0
-0.03809262424469442 0.07042716889821631 0
0.4074045004585301 0.06114352046436943 0
0.1833834393547026 -0.09629384008722777 0
-1.049215041293548 -0.5818023589144312 0
0.4832795833636544 0.05785261839806813 0
0.911579156444043 -1.33236286342233 0
-0.03085263468426492 -0.02585957241358113 0
0.3329743948266765 -0.08034423723684861 0
1.029972883084746 0.1134947766800689 0
0.9254094437918245 -0.06447005666642296 0
0.3725406043534549 0.4249838627860533 0
0.9712937036808915 0.1825888180755639 0
0.1412456129505284 0.07488780122630348 0
0.993703071741083 -0.02243974407622089 0
0.8366024168884288 -0.548495305678566 0
-0.6119624405908124 -0.09000486839355315 0
1.024091501669006 0.00510717616070161 0
0.6553840295820542 -0.3530397296543917 0
-2.849199200512248 0.547197133673335 0
0.04642066933261871 -0.3457835051237795 0
-1.466739492487045 3.12868415643463 0
0.573593074119228 -0.08447994692606749 0
2.581973213064575 2.696772604477702 0
0.4563701327264439 -0.2648272651713234 0
0.3490103290675883 -0.2057231092824262 0
0.6353719019113464 -0.186736457712622 0
-0.3890822848164632 1.209181738451428 0
0.3806455124546869 -0.1150671245473246 0
1.194006577090466 -0.4443038477609214 0
0.2335899169492643 -0.7812358323055166 0
0.1856437075143802 0.08385493164316371 0
-0.2072995634481149 -2.064795443195429 0
0.5635256033452594 0.07774130224970849 0
0.6968377560706622 0.07956862760081022 0
1.266870217934601 -0.795501597803949 0
0.9444127566735812 -0.3850533007042725 0
0.6692521923601294 -0.2938220405617689 0
0.8237715789317932 -0.1328743212807436 0
0.4986436101987858 -0.443222321628457 0
1.015458682136713 -1.152414682904955 0
1.03970784633825 -0.4008449774714374 0
0.7782040258066538 0.203002345257803 0
-0.1986783497108411 -0.176238654044747 0
0.797055519638549 -0.03542941403042077 0
0.6075373556831183 -1.553356560398946 0
0.3285201093596348 0.118090377981739 0
0.8844956151460466 0.01929303332313238 0
1.002112634699638 -0.01440302839272945 0
-1.280195968193369 0.547560605825074 0
0.938412807065318 -0.01260749955922302 0
0.4695404361259412 -0.2028898549601647 0
0.06918899000887575 -0.08928807737394751 0
0.7180505328681409 -0.05999700731524817 0
0.9669130802199806 -0.08031430932548887 0
0.7579102526245898 0.3244140049550593 0
0.7379003073087008 -0.9186345060314579 0
0.396912927640197 -0.07798438833693629 0
1.221769163584146 -0.06780197314827731 0
0.7624908790097082 0.04863005374452173 0
0.6773958978826469 -0.1693462854240196 0
-0.3768644115412862 1.080072787243499 0
0.7422193032353605 -0.04739416026582143 0
0.973401382533622 -2.560142718876205 0
1.776846138593155 -0.5705281459063256 0
0.3064670278851299 0.09562401605436638 0
0.9656513173559149 -0.04363305899706885 0
0.6896273539544848 -0.1675788951842227 0
0.7774366496558098 -0.376615591321163 0
0.9379813266518822 -0.09474154625160928 0
0.009620221701749785 0.0360868374098873 0
-0.05961219831686053 0.03484304921380003 0
-0.3550225505795246 4.281164323795716 0
0.2528479997208997 0.08402855510086371 0
0.7405875341127031 -0.05220180415956706 0
2.635135528028504 1.716121270661351 0
1.882914255468864 -0.7500514470495975 0
0.8242443977315376 1.545103750752636 0
-1.157244251926156 0.2531371248434935 0
4.783086699885466 -3.160689238274396 0
0.2969096826731499 -0.2009702347209234 0
-0.3804673625175922 -0.3427441845611139 0
0.5129271803240442 -0.06634171010099477 0
0.1060704592404225 0.4040715145946177 0
2.101354060909274 -0.9939266670094612 0
1.364309574497069 -1.615262655481654 0
0.6310110268703042 0.07334382290486786 0
0.8787413542497339 -0.06668491109778296 0
0.4943332862299035 -1.660461397388644 0
1.528042589405594 -0.03943088846526899 0
0.6179748839287749 0.822093472785373 0
1.010104496950374 -0.1454642913430113 0
2.341956131139328 -2.580234899471622 0
0.3498051281115812 -0.3391474152570087 0
0.08793898379150533 -0.09673742371700403 0
1.055924101480451 0.4007824985963241 0
1.030530341914103 -0.0717355052624674 0
0.5648964535535912 0.3468956827306791 0
0.8980383555953987 -0.5478948793102266 0
-2.066793012553579 2.060868084306696 0
-3.386391932956736 3.6082575397542 0
0.4849406927249972 -0.2042871368826341 0
0.3545222911689789 0.1251715922615498 0
0.8911182100857803 -0.2701451628755486 0
0.3933227956750773 -0.4498955393314441 0
-0.5195360040288134 -1.631690521196069 0
0.1378891458876372 -0.05609331704517793 0
-0.09427922721710949 -0.3287171350018655 0
0.7585436810066056 0.9708961781092953 0
1.72228427979348 3.973458920423579 0
0.704321595191289 -0.0807664237682339 0
0.7990517132915487 -0.06032936054120003 0
-0.07856198064008441 0.05175603633701679 0
0.2217451236090663 -0.3675968501684573 0
0.5830146393061683 0.221010923299968 0
0.4297172069211952 -0.1930598788974925 0
0.6137131376581904 -0.1127319576585481 0
0.5250163536196008 0.1449702498713282 0
-0.3883506963987281 0.3976236226867974 0
0.8281861508865563 0.7049840952017098 0
3.492363313514827 4.56267762987662 0
-2.9795715833836 3.40488875087447 0
0.4303639082852326 -0.1028035126143823 0
0.1127587301388828 0.05854051571700025 0
0.05746476850708265 -0.08562020168232702 0
0.9053202051840014 0.06360168837430202 0
0.4988368627137947 -0.1528763001515602 0
0.1727073075332075 -0.6463436437358898 0
1.698104288328876 -0.8936801176531735 0
0.2531753316331206 -0.07731695741269923 0
0.4676541483260269 0.2016298226922073 0
0.9052851065340989 0.02494319618960174 0
-0.6922550729444967 0.3642038899161691 0
2.674633899649297 -0.03365942497561587 0
0.9947902186634666 0.01588084868908252 0
0.1126542883643479 0.1533133118207859 0
1.761686307882435 0.832193334546389 0
0.3784925682682982 -0.06271161080886241 0
2.151016275211096 -1.182098777743293 0
0.3691313281752696 0.1855821939995949 0
1.277908968013681 -2.336491652467582 0
0.7419025226715281 -0.1186336926046273 0
1.0089034064144 -0.04561186282802795 0
0.01668884823571554 0.2178785314158526 0
-1.063112324191238 0.7766149995409872 0
0.762328898243108 -0.08382233777454279 0
3.352162689757514 0.5059915166066906 0
0.2916734993725701 -0.08210789436355366 0
0.9460523742262197 -0.2536454799772606 0
0.916218658566693 0.2438423397269477 0
0.3928204609039623 0.09358827447365739 0
0.607622709377493 0.1504895581154603 0
3.136537324936033 2.566889848411108 0
0.2241317724176326 -0.1674265775923819 0
-3.315455998185103 -1.559433187028324 0
0.6774155942357892 0.04981872643695008 0
0.3666440491559102 -0.3056425004316355 0
0.270671678321203 0.1764529847086859 0
0.1677076773976078 1.998039968061779 0
0.6148886289093083 0.1957144665113844 0
-1.137655309752486 -0.5531178877773711 0
0.8126508699419325 -0.1199311321556684 0
-0.5638233033727271 -1.22757440583187 0
-3.481588251760191 3.15733314213541 0
3.494225107769932 1.075405538489699 0
0.5863475197832499 -0.08887112747724121 0
1.267677362911725 0.120905497346512 0
0.1511710472307964 -0.07289945377289894 0
0.4399510745160643 -0.09084326424527171 0
0.7824663324138481 0.06846325908634059 0
0.7830927636339542 0.04024167062166814 0
-1.179018944171922 -1.868483474342817 0
0.9529479692203694 -0.286027509247233 0
2.01103851293566 -1.515166059087146 0
-2.636029652238096 -1.25599590937036 0
0.5736536483461149 0.1166808896960007 0
0.5006737538267044 -0.1873746861929007 0
0.5498520152174184 -0.1185731688323914 0
0.6612221377387025 -4.309331420236041 0
0.4523757109556622 0.1418992090985541 0
1.011360950058809 0.07623123079734666 0
0.4908968475662865 -0.1068395190559797 0
0.1777918287357232 -0.0598995676540604 0
0.523856198166687 -0.2541911298369273 0
0.4089634254031653 -0.1731313762644024 0
0.944428040288382 0.1213463571842256 0
0.4516034538854388 0.07779209044603252 0
2.237034761855495 0.6609930573659935 0
2.644820707408553 0.4618260087178114 0
0.1315469854662791 -0.6639249609481948 0
0.4220987650673064 -0.1060340239628409 0
0.4367474108200179 -0.07348277191242965 0
-1.490780432018994 0.3052171836799291 0
0.2322716095603574 0.08333745517201691 0
4.795705294140808 -1.262097934744959 0
0.5549799462930093 0.1679672193565566 0
0.6598364326537539 0.3632514706721153 0
0.02481249422326428 0.3153574160112029 0
-2.296083747156152 -2.461547717532173 0
-0.2459905841508001 1.19351380771317 0
-1.293578498820181 -0.740914522872504 0
-3.796667363426835 0.9619712127278105 0
1.734864734811997 0.0617880017917098 0
0.7783389771836812 -0.04643804830790248 0
0.4122373556089993 -0.1139290981572042 0
0.9007551462505553 -0.02429381838703249 0
0.6485252946204803 -0.09243186994499231 0
0.4795710260047534 0.07091835781960111 0
0.152647479261173 0.09870153025666686 0
-0.4957139032874029 2.472797367767536 0
0.2348354084828607 -0.1004274334501617 0
0.78818646178832 -0.2084803535526466 0
0.4740196182309541 0.1244242873909178 0
-0.02526901041010051 3.928401380849531 0
0.04719451340249313 -0.05444197469265565 0
0.09731602696816119 0.06717544155918508 0
0.1428244743267056 -0.3999540160244366 0
0.1256266986341843 0.0690568054129901 0
0.7672376440480152 0.06571945153502372 0
0.9653921228895735 0.06109515020378032 0
0.2657911613726904 -0.1773735568821684 0
0.8278313367892023 -0.2107630037303421 0
2.716770997644516 2.041737150175049 0
0.6179419812349303 0.1568807568262226 0
0.5279797740428929 0.07782332292102095 0
1.051823181727236 -0.1094552463052243 0
1.281233302339269 0.4346478438436211 0
0.1336510267871588 -0.07276677467859535 0
-1.678550276805009 1.817422677518646 0
0.466933392061872 -0.05859055396737917 0
-1.360766120867738 -0.548320123268171 0
0.275503595670829 0.1565013414527671 0
0.3425912232747398 -0.2703661156716423 0
-0.1282098456442989 0.151544452481107 0
2.860053893119594 -2.48496081543404 0
-3.066705478196923 4.564580947974027 0
-0.1112048582726451 -0.05206170135379331 0
0.5682619913087463 -0.2653762496885825 0
0.2836363813149018 0.1326570175719318 0
0.5642070553121427 -0.05825514129502462 0
0.0753988937813167 0.2524239631536554 0
-0.3018612169462321 2.688338363465 0
0.1904729500530785 -0.1499370571339582 0
0.1891774871869277 0.1010798135067807 0
0.5261893316421807 1.613528998405426 0
0.4432144620385189 -0.08137375242716192 0
2.233569454025299 -1.394979365559651 0
0.798019330111715 -0.2956551794988811 0
0.07091790798216714 -0.05338868945612754 0
-3.451669919094219 -4.067045475874203 0
0.4393081470368938 -0.293241423036029 0
1.323637863753257 0.7332133773004827 0
0.5087439530780217 0.1034517158316839 0
0.08431709279136623 0.1167927255486177 0
-2.124337753012604 -3.288259103492651 0
0.1512453228281223 -0.1505124003876895 0
4.770344433945994 1.212058148400821 0
0.4935975482487316 0.07252200423826587 0
0.9244451128995417 0.0141501189996839 0
0.998256222726986 0.05002796808534975 0
1.442453099938132 -0.6061092511771133 0
0.3107963086266922 0.1425810513473766 0
0.3963210617183905 0.06853739831372109 0
0.7164104720371987 0.03859576093287477 0
0.6085651968090234 0.3626345716825923 0
1.050933517085405 -0.2171996873902339 0
0.08690889323282479 0.06593501958050939 0
2.70378848222847 4.311278643662938 0
0.4117380491163408 0.06798152980500401 0
0.9910706044577742 -0.3746220332215158 0
0.09775726377732405 0.2551884632051252 0
-0.09349767460246418 0.07473313053773151 0
0.8563188628507327 -0.03634565361607878 0
0.8983724151930625 0.04363918518610135 0
0.9679244244875121 -0.1402094220989542 0
3.281089842868949 -4.283555783192954 0
0.2226827416282247 -0.1206555436187733 0
0.374974613520751 0.07616616012223358 0
1.030530418891659 2.72127145582435 0
0.8964501868497906 -0.5843879133267442 0
0.8705049594688102 0.06769209348500552 0
0.7588151869422954 0.04537847984543161 0
0.2834642265611278 0.07031720768290774 0
3.393042549567434 -2.316560749839762 0
0.2928181734673933 -0.2828597903496192 0
0.142542357914326 -0.1261865792821319 0
1.081379362837374 0.1291904134316388 0
0.1360865327552944 0.1528358047422372 0
-0.0765606266666302 -0.4726977676988968 0
0.3726589701180274 0.09489101785196251 0
0.1685939928499491 0.06571166887166467 0
0.8765511647804743 1.060937526796467 0
0.2659660442843982 -0.3551285592421365 0
1.192295324021736 -0.5755510431732983 0
-1.041657803553851 -0.2965380216599507 0
1.359595951272551 -0.8588901817599188 0
0.02626871976274732 4.300643880946629 0
0.5595819947981417 -0.1431450637965704 0
1.163139801715602 -1.293638652985943 0
0.2814878671780605 -0.1647377289647893 0
0.1250999567763549 0.1382119186372018 0
1.395792113020264 -1.167172188948738 0
1.010191175607948 0.1302698820459836 0
0.309641398943092 -0.2053264324167882 0
2.159151277245343 -4.626447559044966 0
-0.9942821356479006 0.4705486346668589 0
0.2611764263397604 0.1569679965205373 0
0.06728290405404852 -0.104326947486267 0
0.9608460550765616 0.01621226959051709 0
0.5640790563815121 0.06682299011600967 0
-0.1189820513374238 -0.1335533763748887 0
0.5940859739446974 0.1058378904419816 0
0.611867563983833 -0.063487160465482 0
0.5889441816690396 -1.646349245736271 0
1.012011526535437 -1.600359933665324 0
1.448853933849804 -1.701024768377663 0
0.918352805852179 -0.04167047258077968 0
0.7656075046947863 -1.161307028667713 0
0.07368108815891133 0.04575107958019093 0
2.470803310951479 -0.03563170563825685 0
2.032699924562297 3.548492893743805 0
-2.805419539828856 -2.02562713163569 0
0.6874952395449222 -0.1509595930786206 0
0.4855988918387509 0.156565125079467 0
1.818528482773117 2.380026583303158 0
1.057655091829671 -0.5515833392802717 0
0.6786383099767597 -0.05379529341489528 0
0.1927973149071336 0.06067637300053977 0
0.8343540157404075 -0.1192742111743641 0
-0.3479423239226092 0.6091509502891427 0
1.168119802608243 -0.8394877325814978 0
0.6241951225818888 -0.2547973476343946 0
-0.05315201630086502 -0.1832596008176149 0
0.3060730307264997 0.1172459051229015 0
0.7419953960928096 0.3873286357499358 0
2.63044213290939 -1.068599179432373 0
0.5017750178044659 0.3103262573296808 0
0.7604856025767495 -3.96689341303662 0
1.020036902543572 -0.03397118841232757 0
0.8221554169636042 0.2720307425858671 0
-1.546139079682659 -4.225464017660095 0
0.04437437472875411 -0.6588548968938189 0
0.3675297193530645 0.7985765734324108 0
1.87988118964617 2.833261565355771 0
0.8490015699931944 -0.04324996314860986 0
1.168160263324057 2.676016936233061 0
-0.6422044671899965 -0.2095702427453032 0
0.6252771259234576 -0.1139625066088614 0
0.8257561209861115 0.05681634368623528 0
0.3329412440222308 -0.09281372844608546 0
0.06206860013261016 -0.04992194311349371 0
0.5329258487085358 -0.1553878292619565 0
-0.05096010457597461 -0.2910858267482754 0
0.7437869902249548 -0.09017587406896163 0
0.8319739127823429 -0.03754891313012824 0
1.722927975414405 -0.8020828769357213 0
0.9202712361059493 -0.01477523332777088 0
0.779811166196211 0.4561959168426883 0
0.6776409905635979 0.09143053509679597 0
-3.034002783348272 1.13849346422376 0
0.6101270208986187 -0.214377957746364 0
3.224626132600152 0.66440042339531 0
0.9860704749372883 0.01573944176246898 0
-1.481797722767073 1.477417085462623 0
0.8565359941369292 -0.08118306585761423 0
0.3813211078594055 0.2957454020001727 0
0.3794777464207501 -0.2381791960776452 0
2.031506650970661 -4.264090765953124 0
0.4097119960189564 -0.2701629135700084 0
0.7684697759988279 0.04328581479992452 0
-1.292616623831911 0.6695620956147712 0
-1.440963799552308 -3.905148595389336 0
0.6783065274553939 -0.06193772079894867 0
0.5444531778521884 -0.6142188071816016 0
0.9573072035415759 0.1122422728112794 0
0.1888713477120283 -0.1062319078978738 0
-1.289744591076637 -2.276301939787079 0
0.5724966955788846 -0.1690847954698774 0
0.1180033149320822 0.05322079679541235 0
-0.1539594409473671 0.4248294045188369 0
0.3095811913136228 0.1757065947334691 0
-0.02207505267414055 -3.689763247349538 0
0.4934676910976736 2.488254913664338 0
0.9356202384403079 0.1581034220972566 0
0.0545282753093609 -4.330065465446688 0
1.009626301570333 -0.03115530920903743 0
-1.301818772453297 -1.829602764969567 0
0.3254210863170033 0.09265903985876661 0
0.4288219087571216 -0.5605644328330229 0
0.7353332077525816 -0.03620587582397494 0
-2.968426649664043 -4.1592002455735 0
4.135654005173722 -1.598715906998506 0
2.30123501922614 0.9919158664973049 0
0.3426050152818132 -0.08643170888755215 0
1.269570644853848 -0.6921964922565587 0
0.03004279384025752 0.1138610928045939 0
0.2770045797097848 0.8007440004485274 0
0.05400860185815132 0.08246392677552222 0
0.5192783844450501 0.08510979299535298 0
0.4313269116121828 -0.2443739235532184 0
-2.461790709817369 -0.9732847810461995 0
-0.04905039819259274 0.07979687987218022 0
-1.17814954362198 -0.8380846573154719 0
3.167253458223405 -3.085520495401704 0
2.80116942610027 0.4776065140450679 0
0.4440467584494737 -0.4689580575130045 0
-0.2609543171325081 0.09080694087652333 0
0.1531992004398521 0.06413166385323449 0
0.1612868060115927 -0.1356537157176893 0
0.2421467362232628 0.3269249088486875 0
-0.0999234761474372 -0.2022095983950145 0
0.653556212906967 -0.1391059493395288 0
0.3057995016212868 1.337128903834661 0
0.1683684013884734 -1.364903581052618 0
0.9885302206714885 0.5122790060317368 0
0.389798421083847 0.1732538720011146 0
0.236708791139926 -0.08133361562270136 0
0.692270522094524 -0.08864111921429318 0
0.9791991859737923 0.4695952432042649 0
0.429816503911572 0.4596392299418584 0
0.795210172667915 -0.3160764872916878 0
-2.979262377569007 -4.599868446485259 0
3.272401063407695 -0.4371621680960314 0
0.4196695526204781 0.1654903247679189 0
1.148275805543526 -0.6467482223046347 0
0.868596983780107 -0.8451349118708543 0
0.3835900508824434 0.07832457739348483 0
-1.865029621156573 -2.998208273431577 0
0.4662103321849226 0.2656024457432731 0
0.548257929884169 -0.06572075266604595 0
-0.1201620344058454 0.6017843953502641 0
0.3539248640329978 -0.381838365977817 0
0.0566007791377061 -0.2008783286661572 0
0.9368876239969193 -0.03251912341734389 0
1.138374443113352 0.3194027876883276 0
0.5546166507766888 0.1818338582207932 0
0.5149390531911474 -0.1063433001409187 0
0.7957379408667784 -0.04981899393997809 0
0.993721156530427 0.04269455137808022 0
0.6132025765624833 -0.04847139223427924 0
0.5280103205341555 -1.495625011302933 0
0.4017647098367713 0.1008979100282177 0
0.2081731468358214 -0.06839078376694648 0
-0.07511506975676654 0.5393061678108715 0
0.5854209089619437 1.37244683519914 0
0.3224806189459568 0.4352958347828042 0
0.8399200232807741 -0.3632803136977258 0
1.92151680348015 -0.2099585316201161 0
0.3668946283008073 0.2272384132152839 0
0.7885849782937824 0.1647272659808977 0
0.8940485751759712 0.1101180790806827 0
0.3786386258350888 -0.3526470754976871 0
-0.2631647801576825 0.4787537702703364 0
0.9481383020639096 0.227882187685477 0
-0.6627276710852211 -0.4667760978914362 0
0.3765046140157476 -0.1493694107853493 0
0.7460985535323444 0.03538347726359441 0
-0.02638672720797942 1.32174541151494 0
0.6642082848191055 -0.1554298362024253 0
0.6154945829656903 0.07791259552673827 0
0.5032369743351058 0.07688759216409763 0
0.101465888584949 0.09375855250121477 0
0.2985895402818044 0.1167383071603563 0
0.7777685738895154 -0.1807988006838162 0
0.7698155528508369 -0.5018290792970214 0
0.314058437198523 0.5914384180403364 0
-0.4214457857706663 0.9813877389083493 0
0.1757401596094858 -0.1023659064107453 0
-2.245605951301553 -3.095963455225742 0
0.6666839066002664 -0.04333817701119546 0
0.9254148136997767 -1.468279137706486 0
0.1654106435688672 -1.027977364847934 0
0.09199571241857721 0.07581872977356104 0
0.6569656335211576 -0.04426238904106598 0
0.7069124647479694 0.0393430811693677 0
0.4593058452414886 0.1042427806197008 0
0.3229462371057188 -0.1150060309786147 0
0.07175900721270366 -0.1612629375241756 0
0.04435309180934238 -0.03736452500275483 0
-0.236292682982236 -0.5194711676631932 0
0.8455437190267727 -0.06536813090374012 0
0.03490742043173967 -0.03369466869859892 0
0.9700927663082086 1.807780318947023 0
0.3116589908940342 0.1056544658566301 0
3.053673875973102 -4.612489292049119 0
1.401188717063375 0.8314799052912831 0
0.4904359195873856 0.1666666453989866 0
0.6829273196177869 0.2498893541822384 0
0.5579368704125425 -0.06432795162029403 0
3.17428973109798 -1.791896146585892 0
-0.2229909523655197 -3.746679375586178 0
0.1948850852360221 -0.09268624622264761 0
-2.398343908042928 2.418337113494607 0
-0.2549116062299953 0.3310101863309931 0
0.3932221983724423 0.1490983923505952 0
0.6228366073369055 0.05922975897621382 0
1.400781356657308 -3.529150307262952 0
0.8673962593454659 -0.06219689255903893 0
0.2675832741678994 0.07294290429495111 0
0.2479800764534838 -0.08480196319669342 0
-0.4318540449599268 0.4281781998106136 0
0.8607251287136488 0.1811096554358754 0
0.1319333364464641 -0.1429485680917894 0
0.59132845073581 0.1141234662405409 0
0.3325959334311245 0.1108928743868425 0
0.108449187029177 -0.1059310086333845 0
0.5586664343482335 -0.1811151999969201 0
1.937266847773873 0.7509817992282195 0
0.2308142978281463 0.1716731452146285 0
0.800448771851183 0.06982969987295143 0
0.9869520571972208 0.02098616856829612 0
0.7138661111431812 -0.06215195162762093 0
0.9083382531202339 0.09514459699527707 0
-0.02260314090736684 -0.1635775314202219 0
-3.222209843345841 1.87281203407545 0
1.147014737634774 3.428432694163286 0
-0.04100161689624623 0.2549370754855062 0
0.6747706417045016 0.1575192015743073 0
-2.655078187140428 -2.574503960861349 0
-0.1637521584079449 -0.5722846625315857 0
0.3881765537702578 -0.07869414265750113 0
-0.3713410043460713 -0.2328989337985186 0
2.11735160962338 0.6112132127081068 0
-0.1209926345841713 -0.1054753765473681 0
0.7238691012160381 -0.08440344083000981 0
0.6116016064933993 -0.1250462709872886 0
-1.924197109005519 -0.1690374596807262 0
2.150180238625953 4.616702052385244 0
0.7115271801341687 -0.04627969557789281 0
0.2135626141581309 -0.1222240088434537 0
-0.7695698630517607 0.6180496200458581 0
0.4144308943650183 1.97322484559565 0
0.8022232366517142 -0.05053447866601298 0
1.910482383261551 -0.3155801582824973 0
0.2951094711349166 -0.750625001913277 0
0.9899314632073992 -0.06155827565053405 0
0.2646561103037198 -0.2242661009717848 0
0.8568794492723565 0.07575552299238336 0
0.9908368992400903 -0.03305195797327639 0
-1.420367573899625 0.381840394057065 0
0.8224326231563843 0.05059209501332515 0
0.1506327529346229 0.1656054090934572 0
0.9380874659786104 -0.1657767626535833 0
0.5193105400565829 0.2778637682419699 0
-1.277223574020401 2.0988302568575 0
-0.947720955835077 0.8719612610030456 0
-1.056119009176948 2.175106559923492 0
0.9327009180888549 -0.07991740269182904 0
2.756265643108579 2.948734974836595 0
0.1764970652880237 0.09938187000951182 0
0.3317198794211237 0.06335193903544754 0
2.29676336405646 -0.9085814167444 0
0.9574798446766959 0.1511672583648476 0
2.417713546646404 0.4582413920414031 0
-0.009074768849623023 -0.2598709452424445 0
0.7026796973785521 0.04768491053444994 0
2.063365702935468 0.06839618056005808 0
0.8689404463104773 -0.3581260458193891 0
0.1606132929484251 -0.09981833051384759 0
0.06012911514778344 0.08491380728215459 0
-2.968352641434811 0.2859139379527026 0
0.6801978841579406 -0.09866467872392456 0
3.269260436396654 0.9900524617595289 0
0.9501484799739646 -0.04805936840544307 0
0.09206903170024269 0.05897952425994858 0
0.9992437810384298 0.08024695625419655 0
0.01706716177554728 0.03492196931810501 0
0.7296338221075558 0.05601959848734848 0
-0.2947078783467883 -0.6764678272401841 0
3.535764397609054 -0.6559445363638788 0
0.3047581260382876 -3.560770531806343 0
0.4701315212888254 0.0919361230785348 0
-3.05670280144804 2.646758120859253 0
0.5883735617381851 0.07224888860301273 0
3.723248214115452 -2.776965778890627 0
0.9445460151227145 -1.904809567678771 0
0.1753791902382885 0.1198251417052427 0
0.9272857366548563 -0.1087004906750298 0
-0.02229341588117382 1.812148121407748 0
2.039362604018306 -0.5066549472055106 0
0.2622890006997479 -0.3300357882801584 0
0.2767610109633643 -0.4016671305474615 0
-2.746707160421824 3.769397318376098 0
0.6891933413187123 -0.3054320906762363 0
1.876867778891979 -0.4678789634040483 0
0.7361880641303968 -0.07798518895480386 0
0.6610304691710192 0.1235471652542355 0
1.040562594616199 0.08971383828434873 0
3.534291057829579 2.109650364770252 0
0.9284496746132394 -0.4947366127374773 0
0.9034959336861121 0.1071201474699063 0
0.739635871636257 -0.1814380539565991 0
1.01685181607666 -0.1310315855212395 0
0.5367627148158598 -0.4581050842434328 0
0.09904438579407959 2.163064723346555 0
0.7455464188896981 0.05117561177752922 0
0.3917157074931243 -0.2744330304691658 0
0.3964184746845992 -0.7543913789873186 0
0.6617537150608922 0.04383054371529891 0
1.384319599888649 0.304627371148786 0
0.1092982057730661 -0.08053746965729072 0
0.8288020448231723 -0.7211766277648186 0
0.6512861050689125 0.05511431321032672 0
0.920202797501138 -0.0309832059772857 0
0.8918162477589977 -0.03132565032561312 0
0.412406248177595 0.09517738825645339 0
3.863027834447436 1.655484300319847 0
-2.505978121399785 0.5167825060283485 0
4.552573810190111 1.870016564147382 0
0.6144483081340103 -0.08990136846018981 0
0.9460407586103966 -0.9952667344996661 0
0.8129347337873013 0.05540735927798036 0
1.188558622767269 -0.7329832280781644 0
0.01650247948429114 -0.1705171178572208 0
1.034216834006334 0.243820148918956 0
0.241734724008829 -0.1551798016912963 0
-3.533308328870903 4.601395596158097 0
2.748153728295774 -2.159636545424089 0
0.5526152861792892 -0.0838536913269506 0
0.5069819881211883 0.198543459957259 0
0.0279666241753328 0.07460493834456658 0
0.572498962319152 0.0660599904745259 0
1.065395874172349 -0.3461860013949914 0
0.6863140104515121 0.08975787462802348 0
-0.2325781045606793 -0.7162361990850488 0
-2.049273768529499 -0.2669168740121264 0
-0.3371033335384556 0.1759009243695869 0
3.474061460928704 -1.85333536037186 0
1.019584793548544 -0.1586178780142223 0
1.334275348647984 -0.3126118199944554 0
1.66497037077004 0.6810562715987745 0
0.922389826647267 0.08630081656012559 0
0.9410716020793521 2.24156588966605 0
1.485099944815611 0.4215457923241865 0
0.4646094611825853 -0.1050637615463636 0
2.066047504854406 1.825092246807438 0
-0.03127727771310471 0.01829464541707521 0
0.3954766413612341 0.3786604725247114 0
2.861291835807382 3.828616482944236 0
1.023701949862269 0.9239064067267846 0
1.010951937054807 0.01071243361140823 0
1.015436239468778 0.005388571133603678 0
-0.05639710047316451 -0.007318322183305418 0
-1.094610462480213 -0.1561103067502178 0
0.403982928187243 -0.1407585532758482 0
0.05001852892619844 0.03947582263328972 0
-0.3857319700554677 -0.9521806200050169 0
0.8040130595301563 0.2621913651683201 0
-2.409070251724947 -3.524205977107208 0
1.04465027527087 0.8263658970366687 0
1.261221546397895 -0.1222309768887243 0
2.19971935308846 -0.7553906648998264 0
1.030095742932351 0.4270099402095472 0
-2.264133643364277 2.71984602980996 0
0.7065852228228715 0.05118715690547639 0
1.030466452811229 -2.33032441767525 0
2.020628101232639 -0.7971522862255584 0
0.02609522637025594 -0.0922276274008926 0
0.6563295952868604 -0.179146652786584 0
3.632326825458917 -2.946344087249218 0
-0.05662760335384114 -1.478041411444331 0
0.746785559024166 -0.3886171857096031 0
0.8705429552232176 -0.6008551376313191 0
0.4086725934596238 -0.07517917443325095 0
-1.333711739714861 2.259906913393068 0
0.4404018925917623 -0.1727915017124081 0
0.792298954872529 0.3524715058644001 0
0.8328209659512317 0.06439846920932896 0
0.6920746430342629 0.1130052009032805 0
0.8665720922133241 0.03484461708995997 0
2.888255494406637 2.091382399901116 0
1.395120465644201 -2.561313775791847 0
0.7308741661929434 1.419883027071704 0
-0.971746249882723 -0.9991121844829673 0
0.6701477145675196 -0.1954656996768593 0
0.5871925969474586 -0.06187181495904397 0
3.030485595272153 -1.91321461783651 0
-0.02051041888205565 0.5070299517938855 0
0.9061855915183833 -0.05746797455574262 0
-1.850293285585299 1.388790835935343 0
0.5134847806682202 -0.1681493688629737 0
0.1116768676525597 0.1015662937037294 0
0.5962876045691464 -0.2137557909937779 0
0.7854302310438476 -0.6459580514570111 0
0.9911692905286592 0.0981902751755554 0
0.6656297094541878 0.1155836019354929 0
0.1366545824187554 0.06252359751882436 0
-0.0909675290292495 -0.1448832019704888 0
0.5389769405614899 -0.1760845781475779 0
0.48111921734832 -0.08457199381079632 0
0.00238332993693029 -0.03643844395030127 0
-0.1656711526718641 0.4861801161792445 0
-0.1033355625009219 0.3824258426160289 0
3.954839417552421 2.387184652512614 0
0.856163213976384 0.2767011387239617 0
1.896691731009854 -1.028704043379421 0
-0.03902638149709876 4.579456591594822 0
0.8870733247948885 0.08301452514822671 0
4.389327575370856 2.837196309832628 0
0.3731822746342645 -0.1142275883048544 0
0.5237304268330764 0.340585338162976 0
0.4435117745303497 -0.06671309745528976 0
0.3975886896924364 -0.06135785714966194 0
0.9129924284474042 0.07907134198361104 0
-0.5137629521985014 -0.1454964173270843 0
0.5343608176792535 -0.1441441688856507 0
0.8070268070897237 -0.06137106461279032 0
1.141831236003526 4.018234131488711 0
2.128635158101453 3.909871198819267 0
0.6891707408400296 -0.1087898113061307 0
0.93337465829231 -0.01926816200995567 0
1.004173384128055 0.06251599778321283 0
0.711319232080095 -0.03836463606596119 0
0.7718451144715224 0.1035044406317159 0
0.3031382822037758 -0.0813036847734408 0
0.7212526858654802 -0.03735791976784663 0
0.9481655849145045 0.1314493309577476 0
0.2020912609844666 0.09850264968954854 0
-1.342960477322211 1.509492903471952 0
0.4501195533998082 -0.09018517156036582 0
0.696209845042167 0.1576020566515638 0
-1.607347686642545 -1.054092124615164 0
1.170154298572152 -0.2188175840462122 0
0.944873131035159 0.1744514696625786 0
-0.7096941242369633 1.733938525590903 0
0.3348914674059189 -0.2372447368301093 0
0.9264176005045464 0.121853919856467 0
0.8381660043061701 -0.06603587469791225 0
0.4145411508179275 0.2858074364653204 0
0.6216183333109183 -0.4647176149809113 0
0.4847228297712178 0.1332891138718628 0
0.3140872169476843 0.08607264999530179 0
-2.676517252334112 3.56415303650456 0
0.6377370609213183 -0.09598469992516967 0
0.8275493659613103 0.03882180809610961 0
0.5270363545081576 -0.05408419676766686 0
-1.357959895548737 -1.613182795539932 0
0.09013454663140998 -0.7689878884352528 0
0.7162512479564455 0.1851290865155931 0
0.930627899237178 2.611338953352374 0
2.384696436355922 0.1793753659447272 0
0.3676076457665676 -0.07885169934616484 0
1.055598495719041 -0.01932799719074004 0
0.7292230000800602 -0.1875207597033816 0
0.137143355243781 -0.2318732987221349 0
0.7471581860174273 2.778938489273957 0
0.487745752290958 -0.0637296037766326 0
4.414796681274775 -3.061467702544448 0
0.4126505623047456 -0.06073324586554513 0
-3.469085686010728 -0.6989297301358851 0
0.5166107674901262 0.6473276165082282 0
-1.123470915555993 0.5446040261094094 0
0.6360269366958921 -0.1671111089560642 0
0.9712116479143559 -2.746030665966265 0
-0.3873031240722136 -0.8698991519809756 0
0.7905343062790435 -0.03703558920490248 0
0.4433558595560715 0.07009420718999589 0
0.6752808552273039 -0.210069425850502 0
0.2825580177355302 -0.3191935276425434 0
0.2370745104542165 0.7066703116888196 0
0.262203892536271 -0.0737627686355798 0
0.4943854878238051 -0.4870471824327169 0
0.8868366168191253 0.0323523023711882 0
0.9397453006358132 -0.07650811055000786 0
3.967367810861184 -0.3934629248981827 0
0.6600021409211362 -0.08893939624198029 0
0.517417975591098 -0.05485740598424541 0
-1.124114077177551 0.3976148029324771 0
0.4917194902322657 0.4323815193810307 0
1.540382148141892 -1.110288891465699 0
0.2871994553919959 -0.1413713051641445 0
1.077364253694876 -0.3995522636456739 0
0.01722558015638355 -0.07208256075412484 0
0.9872841646159123 -0.1317561056958678 0
0.6365171560425706 -0.3067005200844523 0
0.5015553584714754 -0.1162399525089407 0
0.4203574191575483 0.4122313510491423 0
0.5804221434650887 0.1055565564439636 0
0.4023570975736978 0.06731150132171032 0
-0.0192473441096481 0.760161760443921 0
0.8401154092740165 -0.04102257816038472 0
-1.10969523793552 -2.97523143033027 0
1.04614896532248 0.1379330906819563 0
0.6435448844087441 -0.05655862694668757 0
0.1713475443633485 -0.1433908341870863 0
-0.4350830854535755 1.355069855899308 0
1.098298331534543 0.007277875975914826 0
0.3761181494113158 -0.07689427447842788 0
0.4927484903174647 0.05710889802903391 0
0.976421357787138 0.05435073646021875 0
-0.326134589891787 -0.7695264884778911 0
0.112241949744741 0.08963396802774096 0
0.5264887094048493 -0.103860371399448 0
0.6076708241833934 0.1086579892217199 0
0.6405543189707913 0.06915926866305752 0
0.251741100746817 0.06992399924296067 0
0.8418283216124314 0.1226480902941116 0
0.2068013424795311 -0.2020787448315349 0
-0.8365919090177778 -1.728683851103368 0
0.7079674632225352 -0.1985220973001213 0
0.4232980087045818 0.08002940232271444 0
0.2179489746600836 0.06138201467140456 0
0.7915833007174371 0.04065796394174565 0
1.533243843038967 -0.2973097690315957 0
0.03277825767813487 0.1632218085944657 0
0.0004337235012866928 -0.704967059818102 0
2.321759451354534 4.286456240298692 0
1.206120314906234 0.8059717925425474 0
0.659785280746923 0.07828200427679512 0
0.2751441640783912 0.09468763848887549 0
0.6134806469880414 0.05613367864631817 0
4.762447028568237 3.013423889933492 0
-0.002597015258380665 0.02861570646632717 0
0.4521453202668405 -1.077756647818738 0
0.2182292737237368 0.5401737840120774 0
-0.4220663001864688 -3.333653084412559 0
1.493100544921522 0.1326255913189759 0
0.1703181836370236 0.5103754887149087 0
-0.04486518501267241 -0.06219264522884994 0
0.4776586054069631 1.695957183071088 0
0.7822978396082814 0.05515512805089599 0
0.8213883544195615 0.096917082349534 0
0.636461137673654 0.2270792159678238 0
-3.082759530101237 -3.217468363367008 0
-0.1730101764977806 -1.058988949796662 0
0.1403350479264411 -0.09057745857620075 0
1.224044336552844 -2.439530796801655 0
0.10431633021068 0.0818876016615621 0
0.4700310368128597 -0.09169557239727461 0
0.5373738312653665 0.05404829855332145 0
1.373646370667738 -2.86633997772307 0
1.400875620405865 -0.6621098811315582 0
0.5871338821555397 0.05023644878036501 0
-2.385536485945196 0.02228508591496961 0
-1.380529049883414 -2.03989729723519 0
0.2276613296359494 0.06180702131776969 0
3.565270175687618 -2.43787124550999 0
2.606296585365516 0.6104017268825728 0
0.8204550745409475 0.06189281359792827 0
0.4736057530405331 0.2152819680436165 0
-2.211491439968677 1.22275134711814 0
-0.8168052697692958 2.526424159686314 0
-0.4485262702065834 0.2566728479950165 0
-0.232189990356544 2.216074981347446 0
0.7850664924903389 0.1877070558210033 0
0.8628272542064273 -1.609563091725096 0
-0.03375164378925834 0.1451628988010737 0
0.4989591855418239 0.0975358679907239 0
0.3281062955168127 0.1484133785502698 0
1.533679578014237 -0.6930400741218448 0
0.06225770400448081 0.1501286211860872 0
0.5687757249294855 -0.5404667401574734 0
1.094972641359951 -0.3067212249448082 0
-0.2733705523411646 0.1242184606131298 0
0.2144586381943729 -0.1073917634564722 0
2.250028099437604 -2.864920287489317 0
0.4718821074152283 -0.3342409200944843 0
0.6854167488074125 -0.5054095606449718 0
1.043449353142845 0.0627130019412428 0
1.349320278531441 0.1381182307019683 0
0.1650254339844987 0.6917211451797576 0
0.9566793471360174 -0.09585976315339254 0
-0.1111782341700626 0.1859641914025507 0
-0.1087350111943107 0.2092626074660572 0
1.344015257802576 -0.2077595291414315 0
0.6817806286194701 -0.04940614237182561 0
0.8780513088907238 -0.04220177662457841 0
4.781727633427399 1.457752914538601 0
0.5533673883579198 0.0584354055195189 0
0.9258841024828071 -0.03283054850211551 0
0.3545931309274629 -0.07349654106907511 0
0.9349467124348798 0.02943893633412068 0
1.111713262653662 -0.1371758894452779 0
0.603111146467651 0.05551661070368349 0
0.7969985721698298 -0.06718781215103919 0
0.1528100425293266 0.1517132028572669 0
0.6018352339563955 0.4129805346823517 0
0.631655130393119 0.08581173471108144 0
0.2019486430358447 0.07752177482593234 0
0.7936180801530469 3.042872756690398 0
1.365296002378902 1.307730887920132 0
0.2161474155607885 0.3615774083325736 0
0.7801470703285427 0.0925354736491116 0
0.6692225092220747 -1.218237839010363 0
-1.717734492789957 -2.523222997863078 0
0.2118132242187167 0.07243131221684498 0
0.9278567171864766 -0.5987214633253966 0
-0.7986192236676416 -0.3060928825543697 0
0.846719811274996 0.03058366145423182 0
1.489284093176429 -1.510216699942772 0
-1.479044137482849 0.921577616478126 0
0.2198125985926807 0.1194896370518369 0
0.4996362547110586 -0.1361914960834074 0
2.654988310564099 0.8426217813601138 0
0.4161481713281535 -0.07685495590206662 0
0.7517239276723806 0.2596723630200072 0
0.1475827885160019 0.1232092735123337 0
0.8771899505553473 0.07456350940993374 0
1.137751691807843 -0.4574773182631223 0
0.3345183942429298 0.07954801880845547 0
0.7913537440895583 0.4009043575267636 0
0.8425586138640533 -0.1236232896839439 0
0.7784265380507681 -0.8268032201044788 0
0.4970768476385766 -0.09955664225085972 0
0.4219534774396436 -0.06073340526148084 0
0.0412752924290969 0.0498877004466203 0
0.5600483984909275 -0.07260566732935173 0
0.6420205120332746 0.08891092060415159 0
0.5464780440281258 -0.1327604095451737 0
0.6758975972610111 -0.04231625594426822 0
0.5336873466372978 0.06689628087220556 0
2.925965008481658 0.7501380354331497 0
-0.04290118114486288 0.1745513041026755 0
0.8418802323376195 2.906242658204175 0
0.422880009254946 -0.3699609965507842 0
-1.840049419091085 -2.179063167685866 0
0.5082555030058784 -0.06887333826355299 0
0.9278903469346441 1.656611103328805 0
0.7983059906573033 -0.1320688050209239 0
0.9365458657029544 0.05279719036949709 0
0.4876406204370437 0.1007654521259847 0
-2.006399548094707 -0.7639173502186739 0
0.2433113443121462 0.1177756508022403 0
0.2087079568221956 0.1487314554675359 0
1.71889158205656 1.544421249857729 0
0.8305320619921194 0.0259066581291934 0
-0.4742038437208139 1.450119638754401 0
0.9721383087715627 -0.04099703340954443 0
0.5390488560087181 0.3736272681518804 0
3.904153881882106 -2.514783700813912 0
0.8825567754975665 0.8642402762477901 0
0.7674276688456594 -0.03888270843015713 0
0.7347068898893632 2.136103912491181 0
0.2394629725836306 -0.8462452616065971 0
-1.48696414977787 -0.009815393226149082 0
0.05425136545039713 0.04568399879938583 0
0.07037652681376509 0.08896381900157516 0
0.2713820658227093 -0.07531894713084182 0
0.05259864422703606 0.1348761545714035 0
-0.9400679808131622 3.472423105694985 0
0.8089145592166949 -3.407854527165852 0
0.04179855343375128 -0.09711219480212832 0
0.6947690055654023 -0.04595105393968232 0
0.9943015446408715 -0.04492978020444435 0
-2.014756084375588 -2.674999116832377 0
0.4666583864527746 -0.1310237316153948 0
0.5629325738419999 0.1512556400998027 0
0.7044678568223455 -0.3338126379373784 0
0.9022717148911609 0.03445648535329105 0
0.1973138481885818 0.1768851460633116 0
0.6479159281062657 -0.04505912580630875 0
0.3672715009203757 0.1453594303752656 0
0.6611377693288493 -0.2173120899925046 0
0.4801809009659971 -0.5209394730068424 0
0.994707365306694 -0.01213995289444225 0
0.1047557011779895 0.1704732791214327 0
-0.753132194935916 0.2580692721073148 0
0.880330125289589 0.1709175348569026 0
-0.3718411931379354 -0.1381881830979261 0
-0.1125501713616976 0.2867995843753587 0
-0.1063077661153816 0.03111727194367758 0
0.6466362213222469 0.07230797641316285 0
0.8613332073751346 0.0646372589925584 0
1.326582873588135 -1.850522043370656 0
0.6387277904426801 -0.2141159225574505 0
0.4067962063725321 -0.1205173237025877 0
1.114244647058803 -0.1833505242362367 0
0.2379447331648256 -0.09183791510043944 0
1.003015695302815 0.003162705211463538 0
0.1807851367514268 0.0725910642892818 0
0.4272942960555619 -0.1327302373433809 0
0.1578878422706113 -0.1172833834444521 0
-0.08566730346231118 -0.05548496627912056 0
0.5268966909120771 0.09338867097432685 0
0.9832972881815271 -0.04151292534482905 0
0.7465235876753662 0.08539173616752245 0
0.5134908275652886 0.1073741390564609 0
2.024123947996438 0.3391604485362482 0
0.5602079210360285 -0.8771463899478278 0
0.7561283096027757 -2.049236614109149 0
0.6261527730060508 0.07553472743996384 0
-2.578126008970294 2.583868502880819 0
-0.8624062775769175 -0.442741143715608 0
-0.5538869866681506 0.5600576618914085 0
1.843071392567842 1.921923175702147 0
0.2726006113445876 -0.2019234761342694 0
0.7862641424736768 -0.04606561222670215 0
0.2452857295812789 0.1062363342099026 0
-1.544313432483124 1.592680738507198 0
0.1697887508248029 0.1575481685317258 0
1.263987555743698 0.0393685650584076 0
4.790811763416423 -2.928534569652038 0
0.7511949014353712 -0.03466209905322989 0
0.6457932056519516 0.09996620289487448 0
0.07820211963598502 -0.122547394896953 0
-0.007118229845480455 -0.1794563036851793 0
-1.484708682413253 -1.652364397527915 0
1.685631325160796 2.605599179426571 0
0.6185288929283164 -0.06947235359737924 0
0.6141108659088665 -0.2413135329075014 0
1.057427900127996 -0.07897348061240492 0
0.7324167973130342 0.1508643202622427 0
0.5508267781558165 -0.1449265574806954 0
0.1224930347138691 -0.06107080461236741 0
1.845131018448741 -0.8237776104220649 0
-3.251089126517047 -2.221145977475706 0
0.2095243751799077 0.1092863787479055 0
0.592807055592091 1.892432509226942 0
1.259056040555246 -0.08250107151703195 0
1.292734677791009 -0.05854795558383292 0
-0.6467356925741001 -1.218229034325082 0
1.019256094354234 -0.04259269849343211 0
0.9508687388622681 0.03159128332451575 0
-0.6352415998601524 1.804126756663278 0
0.9494772234776006 -0.7950322541424589 0
1.004302172898055 -0.06734542913969421 0
0.2926934647613249 -0.2278096838254071 0
1.086268325338293 -0.2016106524355603 0
0.8646294647870124 -0.4994988610598616 0
-2.257013647002046 0.5054003573508338 0
0.8919608319949598 0.1210770360324772 0
0.9269297443905995 -0.07150962248550516 0
0.8862785593458498 0.2964174916930005 0
0.5724156689595574 -0.4456135725986572 0
0.1310028092121904 0.2522905097559551 0
-0.3385793444802104 -0.4968519884411977 0
3.370676350592841 -1.045236045795534 0
0.1452341781114606 3.633219095432386 0
-2.232818210017986 -2.108037576776079 0
0.0809700798348387 -0.06770306432899775 0
0.1292030972221711 -0.1957151078992589 0
0.5909044721585515 -0.226404557559393 0
0.3570630024089847 0.06280741255189906 0
1.71130919262947 1.317086328767246 0
-0.09391464808923171 0.001507603934473939 0
0.7591922505893928 -0.2356961972834658 0
0.2660801072768893 -0.4966974759622851 0
3.274665175448519 1.281326611030095 0
0.3696658853136823 0.06826131871780823 0
0.8865902979525798 0.2639975928044645 0
0.4959396123839351 0.2096999107817593 0
0.2056954165199125 -0.3944281145485357 0
1.072975290511629 0.3663412909705638 0
1.35717493944746 -0.9946766926292434 0
0.4793825790287796 0.1156118222116204 0
0.6364330405575571 0.04530511140803606 0
0.2438151539345849 -0.2673198679688323 0
1.243228334629997 -1.254222250329619 0
0.1821803319955567 0.1042123638193363 0
0.0519006711543023 0.5256780926060519 0
0.3822996236765651 -0.1683794389788873 0
0.2938032545239763 0.1875642317817532 0
-2.666578695551146 0.4437343050485152 0
0.2969268714905909 -0.07027386865648022 0
0.8833805686817234 -0.03349846255426864 0
-0.2756910230881649 0.891033298397819 0
2.780835562613784 1.768043055739456 0
0.588221920644063 -0.2030304865091489 0
0.5346107085311962 0.09735209387706868 0
1.630678941369185 0.1553656951454437 0
1.285641906583712 0.9012873779863186 0
0.2969173692316277 -0.1383711653231337 0
-0.1096421488847778 -0.03064840696074527 0
3.42060294543729 2.444307903240565 0
-2.310798425545962 4.350348062876204 0
0.9691582246313255 -0.007459998408292718 0
2.535284606146911 -1.62723284742075 0
-0.09545015379360303 0.05849199338475367 0
1.079143402714365 0.1970961766697533 0
0.4847865505918638 -3.322544427106436 0
0.007480457511548403 0.1034227287425785 0
0.9785973155048269 -0.00604115277952397 0
0.09452084137366404 -0.08634856105721997 0
0.6717865527136262 0.1882177653649351 0
0.9566175737883993 -0.2246049255121126 0
0.3202399958834113 -0.1974334365683157 0
1.089211571863301 0.2818379476625222 0
1.011659854277629 -0.0009196212760180937 0
0.2834847092978937 0.2894517107645875 0
0.9124910239859453 0.02180340810241458 0
0.8157808556469194 -0.02687728718341081 0
1.365017236346243 0.3794670541840632 0
-0.7408189701341987 1.266961319134171 0
0.7198603151847506 0.1324428562127446 0
0.7312180602859044 -0.4749079118268784 0
0.3955384277980151 0.3106303234502424 0
0.03555230074897403 0.127130022594978 0
0.3175082555701797 0.08239709423251923 0
0.6941028434009766 -0.2016924935129668 0
0.9487344393032078 0.07371591869443511 0
0.703065852391586 -0.04396737558045415 0
0.7873418558831239 -0.06310122573269397 0
1.082077560072424 0.04295162397474957 0
0.3055548139814994 3.639470018020914 0
-1.040683503348397 0.2569613550906409 0
0.4383540206790764 0.07801493184754993 0
0.5794362119582654 -1.330776058622653 0
-0.4934417880428005 0.1874815006250639 0
0.3882335470054703 -0.06217784129852076 0
-2.439739315452286 1.070229140188306 0
-0.4359006038749611 -0.09312701458301972 0
1.536277423823376 0.02592561158012085 0
-0.2633536237495595 -1.166085639998127 0
-2.829503758691978 -1.751868862235838 0
0.4540105124861055 -0.07744531145796518 0
0.1201000630066136 -0.2256957867716831 0
0.2965516841413057 0.06385462402717276 0
0.3719587919500973 -0.1277685603631331 0
0.09917306443797899 1.431263644403483 0
-0.1149745880391881 0.3318637965696491 0
1.315781739893938 -1.125738477682293 0
0.7978499634949323 -0.08573239817669515 0
1.007809233251331 1.072368015012369 0
0.103773178502842 -0.09066825676110862 0
0.9646607217593569 0.04795081532302312 0
4.483041952789605 2.651904703079677 0
-2.100715129467072 -0.5750558678045701 0
0.7452411267618808 -1.016924977962811 0
0.466716007156761 0.136268471145284 0
-0.3327513760472531 0.09124651769118677 0
0.5520927402281631 -0.05250349724202178 0
0.9209300173245374 0.05012049546019078 0
2.704778518005138 0.6904455325267169 0
-2.517213998540503 2.037993010865359 0
-0.0001143937864346522 0.04253480665815929 0
0.6477913187160584 0.633454142864855 0
0.8527945063911497 0.1244943268617146 0
0.7023403272203097 -0.1097523067204694 0
1.143590024209671 -0.04739940278944971 0
-0.9479733024235654 -1.158254283315134 0
0.6171479286698172 -0.09590283325184576 0
0.7866523532270189 0.1000970629681397 0
0.2175493769738515 0.08068706214405937 0
0.3576501659315573 0.1913950566934619 0
0.8232890709074462 0.07667176183580593 0
-2.681230167874917 3.211390453817081 0
0.3174424105906063 0.1851174643906216 0
0.5832536545783112 0.08718185563887269 0
0.1333428325239536 0.09805995097315034 0
0.483775513676243 0.1927194990102913 0
0.9415856256538935 0.02929161178566114 0
3.515937086015416 -1.280469419957523 0
0.715712108450264 -0.109216839762663 0
-2.990303774642457 -2.825752995283109 0
0.6775329431047503 0.4347449411851851 0
0.6895949647951914 -0.04593966085680783 0
0.7733713237999827 -0.1228390418028544 0
0.5625013280038853 -0.2127928776811223 0
0.6224355728531235 -0.04740173737597218 0
-0.798008166965542 -0.7861015262626639 0
0.3622042892855315 0.0700874495696263 0
1.523155145033688 0.3042247912845971 0
0.8635591163864278 -0.3281351153315315 0
0.7277874210490987 0.1913133772641984 0
0.8042526156829335 0.2074124126717772 0
0.126898225548652 0.3409828100089479 0
2.222114923630746 2.079143707036718 0
0.4787651433716492 -1.187564012998624 0
0.5062863323740633 -0.14597094801505 0
-0.03574874516818641 -4.576843304119086 0
0.26234638705759 0.07960462627924646 0
1.150360128349942 0.06202520599930757 0
0.736387511284754 -0.08477736805688842 0
0.4916092792079167 0.1228997848021308 0
-0.2472396723691359 0.02928057844613846 0
0.548934206094097 0.2063603897113336 0
0.8051091679561801 0.1491107724648791 0
1.251547101517145 -0.2052985156575714 0
1.006114341685064 0.09542894086460552 0
0.2798236730911864 0.1007678334845474 0
0.5773275553201278 -0.1487235043526605 0
0.1778001276130926 -0.2811909606667767 0
-0.01255779170975327 0.2013328730368368 0
0.5249176750058463 -0.1966976488383111 0
0.9907417913429499 0.03155312366656646 0
0.6264254305724828 -0.09278605550024924 0
0.339477967021915 -0.09804601241062916 0
0.6789916261611758 -0.188190918162037 0
1.072736556015314 3.122463837479647 0
1.546658831212753 -1.665455619243923 0
1.120623157988959 -0.2293041637916004 0
2.097915049571554 -2.790655708473047 0
2.770777349536577 -1.130817795092711 0
0.9343763763090073 -0.1405754625793002 0
0.4172100704829831 -0.08565995319958541 0
0.1219426871268133 0.1637809627912099 0
0.2467143064760139 -0.06977173134925287 0
0.1585361495930045 0.1842280601888936 0
0.2647236967248373 -0.09843907935315976 0
-1.134995745912061 -1.550416902806068 0
0.5410276852240181 2.945520384611765 0
0.5336447049947118 0.142132024490627 0
0.4311355989609016 -0.3241875780236163 0
0.33950713727931 -0.1341472027497923 0
1.509023781335826 3.649693122411724 0
0.05331923104092275 -0.09976510757383358 0
0.5764530810842835 0.1818336538591134 0
3.625788118105712 0.4181079173548166 0
2.536934145440818 -1.188335278539977 0
-1.851244880890128 1.054575798036276 0
-3.049430856929872 -0.7081552386597034 0
0.9699422694053159 3.699799727148738 0
-0.007193104240804233 -0.04529778566811502 0
1.021675203048407 -0.1049184788249179 0
-0.003841822539042385 -0.3545051282844645 0
0.5192578377111315 -0.2067332818228572 0
0.3726909194367772 2.295678441906567 0
0.1362505250570265 -0.3461352471036676 0
-0.03822380183097211 -0.1012824852087687 0
0.8473890072523427 0.5763201279499941 0
1.758312170389693 -0.2711407477121752 0
0.5316725031839317 -0.6481371999650086 0
0.2480419040090722 -0.09652815658957438 0
0.2539221444704694 -1.36828783428532 0
0.009933495851978114 0.2896509121435615 0
-0.6110065921253695 2.104115209847164 0
0.1698130675864334 -0.09364758565404945 0
0.3964116186766851 -0.1011438560127323 0
-2.264745098453855 0.664386200418367 0
1.444974843512677 -0.9048091468732207 0
-0.7656530772139802 -0.5635714367780691 0
0.2122397182314737 0.1896127374588737 0
0.6865434314963496 -0.05714742305313868 0
2.269817404212753 1.479674359744462 0
0.5185431237562996 0.05542031956115081 0
0.7939047254456284 -1.292033700779183 0
1.215151938323312 0.1316843644865442 0
2.296092744796435 -1.697908283648252 0
0.6009190415246524 -0.381582100457155 0
0.9776196567987729 0.1174243032440375 0
-0.8336981395913075 0.1447042733477523 0
0.6516814689702595 0.5634292259579736 0
0.6945975291019855 -0.1002390289262167 0
0.7806474780779838 -0.07280075818542547 0
-0.03698706752373894 0.3270068092330932 0
0.2882565715490902 0.2082102393678317 0
0.9995987923448837 0.1556704303325098 0
0.7301804224818488 -0.04123856167666577 0
0.07209173456532905 0.08245231259698332 0
1.037585622529269 0.00786693873015273 0
1.674610591175138 4.583427474493271 0
0.7356583309637618 -0.1375442311080062 0
0.1173270846075616 0.1338003294562426 0
1.837172378889072 -3.545313619723314 0
-1.466232756231539 1.690587173771323 0
0.8128914910496744 0.09647990063782944 0
0.4546605148716368 0.4798633013596426 0
0.408309484357772 0.08150314855032913 0
-3.292267157888929 2.12254991840022 0
0.4685514270231844 0.3897018048572847 0
0.7295404511198651 -0.1629106377834813 0
-1.023200559491039 0.1331564308783749 0
-0.820293092703098 1.445090529938313 0
-1.927769511997911 1.585878316819274 0
0.3908051665646016 -0.1595425467155119 0
1.83725347571251 2.236329527629576 0
0.718184589792996 -0.3071939779634693 0
-0.2031271601287332 0.1451368860165362 0
-0.01295664714329182 0.9793351357731703 0
0.1884573157436157 0.1256348912126632 0
0.6022623189590872 -0.06456544596353109 0
0.1330111046565138 -0.1247321695268286 0
-2.716732268963058 -0.751449181504549 0
0.03350628930321489 0.06411709229544804 0
-1.451940779249445 0.2139443744478022 0
-1.221644486520165 0.8556848558730297 0
0.5908631211082234 -0.2947055403365145 0
3.730076327441199 -4.583988543793744 0
1.308888460586724 0.535067976908814 0
0.07456903596367738 0.5603081181895908 0
0.864798459932238 -0.1706081677522544 0
-2.182820506642327 -0.8600026269231021 0
0.5493985129542429 0.8749512756907865 0
0.6500178098282554 0.3226247887557535 0
0.7103808917579355 -0.1610350632248425 0
-1.840133877882871 0.257547665284542 0
0.4424308297262459 -0.05915676713594806 0
-0.951316458667974 1.535431241274786 0
0.5359986672461371 0.4555469581286026 0
-2.576524521178506 4.166210470363262 0
0.593670848556656 0.08416412543482327 0
-2.311618318260888 -0.7326946908443213 0
-0.07620068482722717 0.1770084945574379 0
0.15644947053054 -0.1736133084493724 0
2.975124717870941 -0.1773735696312403 0
0.3020139955972067 0.07475349369245468 0
0.6117642268974584 -4.104341872408757 0
0.9737953229334706 -0.1282639642893514 0
0.4141399591008455 -0.09030277473909748 0
-3.836331849053251 2.550000000004922 0
4.004235697467192 1.507183067807122 0
0.5750940402451895 -0.2224387051108013 0
0.5700571579572086 -0.23760224144046 0
-0.1426777823176305 2.775137087758423 0
3.205007019332602 2.004132737451522 0
0.6051035885893747 0.07749555745005893 0
2.138913128326711 -2.512547845544726 0
0.7255073646926224 0.6141216240046259 0
0.2124595646171647 -0.1003832753562306 0
0.1659029981542354 -2.263377784708753 0
0.1171142077384432 0.06869747743208997 0
0.6735385536837315 0.05474269764608742 0
1.204309482001979 -0.121365928798518 0
0.1215592740235994 0.6663204130263429 0
0.07848539331771591 0.05983643045940841 0
0.8573382842495305 0.1114815751077917 0
-0.1561468845738319 -2.194010743380147 0
0.2281617963028572 0.06962419185710061 0
0.638793354078276 -0.7887172550439217 0
0.033596731383974 2.363953789290157 0
-0.0623841727619991 -1.388302781824931 0
0.2407106765340315 -4.309248133946379 0
-3.792875417144399 -3.090929222655417 0
0.8460745264013914 0.08010454398922 0
-1.243785938786791 -0.401493938777152 0
0.9129231152040715 0.5478149644309815 0
0.9038229508031395 0.02141676768459534 0
-1.277570460531455 2.569344485670957 0
-0.8674908066509988 4.38344695262034 0
1.074163787451164 1.561222037828215 0
0.8999435330213178 -2.018409549865101 0
0.3515284687132518 -0.09958644285480815 0
0.4335763583527668 -0.2642162320361992 0
1.159465613832013 0.4203240970520785 0
0.8703963015962128 -0.04922216754462535 0
0.4290355672222036 0.06642383164053547 0
-1.093068775228562 1.081872385678626 0
0.8028560991782455 0.5217225976443178 0
2.361195804060795 1.775978664932312 0
-1.953837315437542 -1.90090399679424 0
2.234850869053407 -0.9949720512855498 0
0.7273449988531905 0.06259386439689343 0
0.4733124856879311 -0.2393441224747957 0
1.134122559163697 -0.5731111987742741 0
0.7967378183337885 0.2947573281284593 0
-1.054327799479829 1.233565401557096 0
0.8192175381330981 0.326842389712016 0
0.09374336687569607 -0.6368813982282168 0
0.3227702415600365 -0.1264539419749136 0
0.8164364969035103 -0.861543002726387 0
0.9504359567329185 0.02523004927769846 0
-3.427361384237527 2.504491039630611 0
3.103889791860171 -0.8995671969824806 0
0.3637762601471325 0.06282245120075755 0
0.0768368363664933 0.9944713843468197 0
0.5011033426647069 -0.0731554322736548 0
-0.0300343907418207 0.02977821058129535 0
0.2720511322559896 -0.09896882473907469 0
0.3219683115026958 0.06346487019232262 0
0.7975118688340845 -0.07822632826208395 0
4.191415731809737 1.80526525529653 0
-0.2533706078433376 1.115915559543228 0
1.367274247638363 -0.03692454278573355 0
0.407106194147311 -0.1073096245341502 0
0.6304042031998204 0.05891326281773252 0
0.8124308146057589 -0.05689893855265583 0
-0.9787796515420647 0.7821760197406509 0
0.2288874206243907 0.07942680105837956 0
-0.1812204768454424 1.326463460545708 0
0.03991350664465276 -0.1195585759268431 0
0.2742749566169103 0.9344135457364109 0
0.2784265864257353 -0.1356856767362611 0
1.165666918403439 0.7048029491925578 0
-0.04420969608660161 -1.796130656328737 0
1.295819138463494 2.472415045056664 0
-0.3654510171651043 1.511273036076259 0
-1.596793322968043 0.9384196953428249 0
0.05774302394639333 -0.0598661260083095 0
0.5673404465980826 -0.05163350908628492 0
-0.3859625105550881 -2.613823274744478 0
-1.273352699822518 -1.092690334724011 0
0.9108784463070165 0.3498152384092059 0
0.330614560285673 0.09759570059146312 0
0.7751531889496321 0.1188615100836023 0
4.1195718877907 -2.727987940841872 0
0.3613625795555818 0.111952101862668 0
0.448691639852821 -0.2414164674586479 0
0.4276279207389736 0.3240667264451965 0
0.8897455666535011 -0.07474217106546935 0
-1.797068015520626 -3.508080503906782 0
4.578919710311048 -3.620932434413112 0
0.534826712487328 -0.09609152047155156 0
0.4724542987889859 0.0574916119022093 0
0.1897701010275251 -0.1605390210008868 0
1.023265431700973 -0.02423861183242085 0
0.9071666618501613 0.2994664645819392 0
0.04322840297598469 0.03695752162656876 0
0.3797114959097463 0.1918092509019413 0
3.795805782529799 0.1080149323312247 0
0.5584821194735866 0.1232488081027604 0
0.4002057178512916 0.9292612898529841 0
0.329313380131344 -0.2192949109068907 0
4.486318232385778 4.594950990823344 0
0.6252972606185061 -0.08577596013579733 0
0.1057826166699969 0.0586229077310108 0
-0.1998670002521341 -0.6257369455087457 0
1.091226603603562 0.4218756335490847 0
1.269643244065154 -0.2765071514823203 0
0.6790462225409259 0.4781870963087748 0
-0.297561524702759 0.3991938410291548 0
0.4594582368794111 0.07120447808872275 0
1.296240198727067 -0.3513265183229078 0
0.09468985440682615 0.08426004530213184 0
0.9804707910716837 0.1359460552833879 0
-1.576029125257766 -0.07857528978585533 0
1.116885448638075 -0.0846526872366363 0
-2.010102594805117 2.502161213746875 0
0.48582874271795 -0.1893550629226023 0
-3.145770927407234 0.6136600187570442 0
3.603959983594098 2.798148483239075 0
-0.2446547440004681 -0.2595087364986057 0
0.5810873426581931 0.07146406781106707 0
0.1267360980821352 -1.606029462153035 0
0.3834970106041433 0.0722810692206816 0
1.265210276962542 -0.3937337720393224 0
-2.476972706021559 -1.157738568630998 0
0.1418834487329453 0.1390380484713902 0
0.07395934609268612 -0.05866610871954041 0
0.1952675104217932 -0.08069925921617561 0
0.5442307756589901 0.1871180006410289 0
0.6826223547224597 -0.04153344698651188 0
0.4432489237342718 -0.7697512130502854 0
0.9932212238549865 0.02171133812219031 0
1.073933665395197 -0.6547248413896092 0
0.04732443534083389 -0.04455630943346065 0
0.3271151985033786 -0.07000755018781138 0
0.4609255884038468 0.2518000945132179 0
1.023421367235525 -0.8088511362615235 0
-0.3098439525149195 -2.876519850530376 0
0.6043358107392018 -0.07053716285964996 0
0.8506632187906639 0.9540693729378149 0
1.441625106233684 0.2224563521342892 0
0.5282967275308642 -0.09726213773917315 0
-2.821289591733451 -4.280748654058116 0
0.4067658032482749 -0.08432563755608005 0
0.3740392897401723 -0.5102155470026537 0
0.3545216000010439 -0.1093518910873359 0
0.5587574366630393 0.5249537473994651 0
0.7643614790186077 -0.3249953179765503 0
0.9988731599384447 0.2035454431855003 0
-0.5849042713859468 1.47873801235463 0
-1.001021064728881 -0.4557056443781761 0
0.7985249836665995 0.07759470407009829 0
0.7875968593728695 -0.07374159102710466 0
0.1318795717327577 2.30283825679605 0
2.754917627826788 -0.6012472216282272 0
0.9129397362205781 -0.1685469059287791 0
0.3671641093333785 -0.09110867017549551 0
0.7379909165310174 0.05200940691740619 0
1.606331452656701 -2.998015117936161 0
1.180915348129677 -1.14771137439992 0
0.07806276941929004 0.1232056371526238 0
0.2474372394591494 0.1463546641956502 0
1.12275200439342 2.987638152540073 0
0.2901382070054475 -2.462450077336733 0
0.4729214692621879 -0.1059604338547485 0
3.550036336581406 2.960702730679334 0
0.2689639288826167 -0.06977339616196673 0
0.9423468834930667 0.0614553422880449 0
0.6917672999108565 -0.06883743382855052 0
0.5973051663828171 -0.09398852325593132 0
0.05796314957406891 0.06047473680046313 0
0.6513575318084224 0.1109445061464104 0
0.3131255098010662 -0.1647772995443759 0
-0.5986475754556212 -2.687461820483084 0
0.2052244671979483 -0.07848033271736997 0
0.323905792288059 -0.07461059425749565 0
0.6280969365278135 -0.1041881926684024 0
-1.106334064634874 -0.3374410070770043 0
-3.497536482414004 -4.600793821198486 0
1.232772746165209 0.02717523059059447 0
0.821123424834785 0.2924607065446883 0
-2.756589267266982 -3.834644105646998 0
0.6320051836541846 -3.023660532926403 0
0.00351691952671285 0.01540513827430202 0
0.08060657989685284 0.830553399958351 0
0.7424324303142651 -0.03572322591035598 0
1.208417406793853 -4.123647604844179 0
-3.329237107616461 4.306541280030694 0
0.8567803693746767 -0.1331088674706601 0
-0.06472608189740668 -0.3512670042953738 0
0.2360584828616047 0.06661990641932686 0
0.678146127304444 -0.4839649976146261 0
0.1787834610126584 0.1281917213239078 0
3.184049146183537 1.431259806866577 0
1.454981190136251 3.374126046666937 0
0.8917043998626146 -0.06713060686842046 0
0.1286354839438783 0.3799679861004641 0
0.09228793229432583 -0.2088582136016204 0
0.6979126942761973 0.2239368497617553 0
0.591405347846876 -0.4030143825285419 0
1.164871839962476 -0.04329252652111557 0
0.6820599614241681 0.05127678833401753 0
-0.04681027404195279 0.02965464897590629 0
0.4644467492586289 0.8320194801603756 0
0.7665231523058829 -0.1099557539595809 0
1.23727632074208 -0.8986812090545432 0
-2.533221106282443 -1.977456808999084 0
-0.6786052452220123 2.343282592642459 0
-3.12303741295494 0.9366393489017172 0
0.0610389552237303 0.0475529266993707 0
0.3303099447054658 0.1706744477048551 0
0.6560628201099995 -0.7417178870870755 0
3.802522665260377 4.299524043127874 0
0.3487260594950595 -0.1335526538424332 0
0.4261409386139882 0.2026295069362087 0
0.2190545617631717 -0.1381572284407833 0
0.9527749613886755 -0.06939619023085991 0
0.8230091388372186 -0.2688257364195951 0
0.7291796368112294 0.04979953048951743 0
-1.567371862378868 2.411230286145435 0
0.6525792241809312 0.0590728904615521 0
0.5160606600923751 -0.0812108433064077 0
0.8934672350107704 0.06104448588326901 0
0.3280433075558315 0.07040272065967013 0
0.2636734142596829 -0.1575524584870672 0
3.502193077168799 -0.07959688736312096 0
3.259162107829312 2.890748702281559 0
0.6221689672253308 -0.06089257470994681 0
-0.2708802315990608 0.7432702354571588 0
1.004698922918058 -0.252235665232032 0
1.044910659545431 0.1854238723929671 0
0.809574338758776 0.05167232756229066 0
-1.835755625985935 2.230066151897018 0
0.5282016842795708 -0.06162002329275806 0
0.3615797201117086 -0.1072682424576451 0
0.9439279128711602 0.3647426416071364 0
0.4468302246239365 0.3315895532090158 0
0.1083980879055408 0.05121942932104561 0
0.8867322684128787 -0.1439669375552917 0
0.8651442279307237 -0.0215774791754251 0
0.4371802106250448 0.05970939221765562 0
-1.448061767001954 -1.405122345430592 0
0.7603587630407841 0.03991994987993464 0
-0.6756923044518854 -1.383328224167182 0
0.7680522576076096 0.1352398723884471 0
1.493522966317117 0.9315933260439035 0
0.4988833013697421 0.07983391416962451 0
0.7554274403987775 0.1714109002914662 0
0.9860118169630018 -0.01614566173703708 0
1.127019546102581 -0.4195424189267165 0
0.9126153760601656 0.1612818766479567 0
1.944883826266415 1.720486590521382 0
0.1832190846250983 0.1429976599464132 0
0.8333656535532651 -0.1396876918750239 0
-2.475862011308831 0.2115772531759353 0
0.31495690535627 -0.2182563274122517 0
0.53850049278125 -0.05992783742463371 0
0.1962084286903835 0.08528779335294343 0
0.9471152016988894 -0.6774846852563473 0
-1.424988931454477 3.774522235974687 0
3.346921559509113 0.03625910043429675 0
1.649717052704892 -1.185869852391213 0
0.9534573351627094 1.283105672511636 0
0.04363237567798304 0.1567554786286159 0
0.3575368530963413 0.2034932477809436 0
0.9456417179090987 0.2911920775447823 0
-0.7632190954671338 0.4740620558826695 0
0.4235019187921528 -0.07712174796421124 0
0.2570807803348236 -0.07940975789011492 0
0.672523569504067 0.1781030039511267 0
0.9456000685357385 -0.01119769452298205 0
0.1479246833964948 0.07205184779788323 0
0.2837788742965146 -0.09913565950290587 0
4.572813615943589 3.633619648954928 0
0.8290295813346742 0.4761013313619747 0
0.952552048546413 -0.1267157498679748 0
0.3527678933496347 0.08730663958060558 0
-2.638974965340023 -2.33574032144579 0
0.3708823504775949 0.1220414343325613 0
0.2876905149116585 -0.1724040519573878 0
-0.04670020081611211 -3.45963844764893 0
0.8545218264681262 1.306438266737374 0
0.4283908008362198 -0.6897431690254903 0
0.4684182352334816 0.1462357317233373 0
-0.4729514733298555 -0.6178540000777268 0
0.01849163913688575 0.1348254690335808 0
-2.576622082551221 1.010896128423281 0
-0.2124950739708536 -1.301386425705659 0
0.9126918581073062 -0.05191052777574584 0
1.0986857260894 -2.20519044698342 0
1.294959225244467 -0.01366310727449719 0
0.9789265507660676 0.005975114120813194 0
0.1229097018669986 -0.918453523886382 0
0.01587514376771371 1.629519944508053 0
0.9848708615383372 0.3400007080594546 0
0.09096003292811276 0.2787696409582811 0
1.080145062323857 0.6711161361782374 0
-2.373835404420433 1.694122453956966 0
0.1706561357993293 -0.7908997406743418 0
-0.05211878299234336 0.05646692565632862 0
-0.3997566218808946 1.689062316277476 0
-0.2662613946974461 -0.7762297305460313 0
0.8970988813040335 0.02213183803930807 0
0.9955958214983154 -0.1950267041975729 0
0.2172797217934214 0.09970326911296019 0
0.516459852068651 -0.1859937337174114 0
0.8382172410353788 0.09287403209897196 0
0.007285257829257923 -0.02643875208691595 0
0.2460624881826999 1.485459126357635 0
1.915948216476444 2.682259641732499 0
0.4055669873508632 -0.2450242174857444 0
-0.02302612137943925 0.04949300359898776 0
0.9147634870067469 -0.132183977591482 0
2.284418755639578 2.394649645411421 0
0.9604354863601663 0.0266139907548088 0
0.2653371262394644 -0.1261625339409831 0
-0.07788142822817379 0.08213166986853604 0
-0.07319918420074169 0.09712148243777549 0
-2.239819304524514 -0.4040217620633053 0
0.5668356614843026 -0.09380626980151252 0
-1.088537504049419 -0.4261725813535758 0
-0.04806182252821968 0.1429310493602205 0
0.1866734981265057 -0.07704473078192349 0
0.2261782790224625 -0.2920526379720381 0
0.04868915727230531 -0.06174647940715051 0
-0.4295200317420214 0.5592387347135304 0
-0.4674286575271338 0.05536484561149411 0
0.7176708172271672 -0.09989783711439996 0
-1.769060407558362 4.622349988555686 0
-1.211939225921027 -1.171038005863169 0
0.4537525203936262 0.1834166766937037 0
0.3640862875160426 2.934929088415963 0
0.0003262085364623732 -0.1422280551504914 0
1.055931247580997 0.08520506575290812 0
-0.2687998693421023 0.1932241923389426 0
0.6517109054442424 -0.0982427724387416 0
0.5389993380377968 0.07626248376190538 0
0.7167752458496011 -0.04386070599171345 0
0.2936329934064706 -0.07547328117188706 0
0.5098299753099008 0.1715222999053925 0
0.5448287289692462 -0.2865799892919586 0
0.6409887524253975 -0.04555346632608692 0
0.8794161836686613 -0.7127327925809942 0
0.06728761518739104 -3.927093134554665 0
1.07653818245402 0.3039189555141544 0
0.7996000668591217 0.04521017701591156 0
0.6562287975318711 0.2114304694737928 0
0.3835417801687496 -0.2502166330955715 0
0.4272160579665105 -0.06744015867823537 0
0.7269265132784236 0.2820360916259154 0
-0.05707534571876115 2.612550077192825 0
0.2367332828181291 -0.106861107145987 0
-0.6363335391803991 1.014629423828826 0
0.9292097570562139 -0.2644205044905695 0
1.022602331750013 0.0187280630791715 0
0.9546561924860874 0.06888532643539579 0
1.24836430051546 0.3441961266106011 0
0.4611739487409095 -0.1182689122953117 0
0.4211191448219976 -0.1217600108047886 0
-0.0115019361591644 0.2648246911755443 0
0.6859390421456149 -0.08636192587693298 0
0.4658971929902405 0.1122525577196113 0
-0.7574326997651002 -0.3612347211452342 0
0.4345334492434896 -0.06633277650912041 0
2.476542177545342 -0.6766002765004802 0
-2.295569396462111 0.9584376801106369 0
-0.526639991747036 -2.15763620453404 0
0.5724507394131508 0.08361391746663017 0
0.8238656513220936 -0.05333128022550807 0
4.025069899211518 3.325480456073893 0
-0.1582445449900072 0.08578515109413115 0
0.9741741743145289 -0.05180810536736332 0
1.83919552851121 1.022408189484434 0
0.4028700497354583 -1.095546148373492 0
0.4031565920217096 -0.6557679127041993 0
0.3446626203952894 -2.984621843018522 0
-0.01372932151094943 0.01343413268686065 0
0.3998254244170492 -0.132162999990947 0
0.5194337464536328 0.6000755728058088 0
-0.009900845671040843 -0.005413722982846787 0
0.1630266801665886 -0.06437607874014224 0
3.464647627278097 -3.765086143291136 0
0.06570437572906372 -0.05312571590062718 0
0.9764690617869678 -0.04499730220224786 0
0.8423781733049437 0.3988040259154619 0
-0.550750578220624 -3.860340863779212 0
0.1515922152849949 -0.06334034297117591 0
0.1210797564771854 0.2660745174079847 0
0.2354586934098324 0.08973104112004346 0
0.5774644188032212 0.3123654664317557 0
0.5438069239249905 0.1232027814795365 0
1.025137141337157 -0.4941725798579566 0
-0.1494251713966402 -1.9700001890865 0
0.852329140543531 -0.1121095621088897 0
-0.4773217807371611 -0.3455106027194192 0
1.734256079367152 -1.608599399063373 0
0.2034638554662332 0.07327392721474009 0
1.054456287085587 -0.264600068643764 0
0.5860633696462575 0.1268685949210921 0
0.2243209220550439 -0.4146730223622687 0
-1.264787043930893 -2.627765862168423 0
0.1546191014550433 1.051488604445622 0
-1.345712200103178 1.640333540982746 0
-3.510569748928885 2.717078566937477 0
-0.3035511847295714 -0.080222616872222 0
0.3425982339613149 -0.06316763820700129 0
-0.6007366381896296 4.61238253126304 0
-0.1867584442675305 0.5739317346214856 0
0.2278579441015938 -0.06158061871113414 0
0.2021549195461332 -0.1138612457668977 0
-2.238703738589687 1.98789453680415 0
0.3768371227649425 0.1401705606533439 0
0.7905209294317397 0.07733049642913775 0
0.8946953155197137 0.03434562106256817 0
0.2470571435403406 0.0916790443608835 0
0.9334116312838123 -0.3438782918437787 0
0.791302835623334 -0.1476549742988481 0
0.8891891454507668 -0.1174149331239346 0
0.8941245406915062 -0.4598020016958587 0
0.9272405875630959 -0.2321587812338765 0
4.51203734018288 -4.026698748673976 0
0.4292793304039347 0.08541712173150284 0
0.4195198616863133 0.06469498736389633 0
0.1078477000136449 0.07199671942932455 0
0.682681009295065 -0.1340424272765854 0
0.1061629062297444 0.08913945864025732 0
0.6546346066771263 0.1483337363020072 0
0.9399637910336074 -0.04351554148293335 0
0.3015692926698664 2.04843724936116 0
0.2637136025161139 0.1871315740952882 0
0.3758034884842417 0.205808296208824 0
0.720544055392939 0.07423033923945858 0
1.130358987547323 -0.1251911806390742 0
-0.6087350533291899 1.146984501100354 0
0.1320837027216252 1.179944048692739 0
-0.3698500622685763 0.8839278190908425 0
0.8665483679962798 0.1934950825037938 0
0.755408412035974 -0.04876716501825878 0
-1.261467798892458 0.4373577464896787 0
-0.1320416749840085 0.1761032421358566 0
0.5657860246320993 0.09439073569735866 0
0.2513868761969892 0.2105779002669277 0
2.507317419726353 0.238586722049395 0
0.4408909087891299 -0.1901836631206606 0
0.5754067135612746 0.2074271443624776 0
0.909123298038933 0.04760458230134789 0
0.8929535678525289 0.0722261546203628 0
1.960351505859624 -0.9094814147187327 0
0.4499716659932479 -0.4158321709187508 0
0.2908266980406656 0.6150771728473091 0
0.5378334533353872 -0.415812083893538 0
0.5116513524822375 0.05577125466486078 0
3.534975454763037 -0.9392637069468783 0
0.06979250328225232 -0.06277059798336505 0
0.7526142828776881 -0.05656876327639258 0
-0.909226394430744 0.266939689569486 0
0.9742106424118404 0.0326573495251376 0
0.40856807523035 0.2117446067844408 0
0.4793029544295064 -0.06167267230123812 0
-0.04870056233190834 1.490843370862966 0
0.2477782940881419 -0.06221248356429147 0
0.1995146931650532 0.1876733851544383 0
0.8675415662033568 -0.04106507866307751 0
0.4278638796391122 -0.1578748802249517 0
-0.8887828084838288 1.339501426638074 0
0.1694757779481881 0.1671891259059601 0
0.7240165925059248 -0.06428802599387205 0
-3.478686188781875 0.3898809074970417 0
0.5849211506010924 0.1444266007126769 0
0.6904646480652178 0.09575379713889602 0
0.844258439917981 -0.3942354858605674 0
0.4110740040302385 0.3418171548899404 0
0.6622749576740826 0.1319519514601543 0
0.8277992053774064 -0.07050106638982392 0
0.9744166040904438 -0.07968885966573605 0
3.002114936919074 1.071237455980941 0
0.6813450075751715 0.1488513419451108 0
0.81670034924236 -0.4013206399042331 0
0.6064706400389246 -0.04801484919519182 0
0.8494078573941195 -0.07071070553087219 0
0.8397816383236606 -0.04664741416658391 0
2.77208019927912 -0.479123527638154 0
0.7854039298327681 -0.4106230628181785 0
0.4867311270975688 4.157531453366341 0
0.8485513578975885 -0.0367646940683359 0
0.04584003352736139 -0.2924440637969123 0
-0.2519334029378389 -2.308502258348409 0
4.807254638502252 -4.301439116006311 0
0.3851987407912039 0.7129951114410578 0
-0.5496452271849952 -0.07540017187816522 0
-0.09400895321529862 0.1263868494574851 0
0.01062173777235941 0.06121415756875657 0
0.1096560354709162 -0.2384900514449741 0
0.8112904085821632 -0.3680518913311694 0
3.10469517812984 1.69756087824938 0
0.6938057966252869 -0.1237143753578739 0
0.4882043349572729 0.06384725819476861 0
0.8999369564939466 -0.2129216047654126 0
3.042832692676587 3.21223151135795 0
2.653657700125844 -3.303208771047749 0
0.6317597719871404 -0.04599448445436602 0
-1.241382473592433 -0.1039236842302525 0
-1.111756050278285 1.526751159750523 0
-0.2671801789024289 0.6533976859024235 0
0.0284649174760687 -2.516048016335041 0
0.7124392265393269 0.05060563179307599 0
-0.8710189831825421 0.336117191384002 0
4.329296100724583 -0.1260001879655287 0
0.6365024529084495 -0.2521782656386962 0
0.579010989876335 0.4302770785925387 0
0.6206704653902579 0.5023702337139242 0
0.9086143982312735 -0.02008965859307842 0
1.513298904052208 0.7685995956852795 0
2.253354523350871 -3.052743068555112 0
0.02573359651204976 0.04792811679654402 0
1.585457756970302 -1.372005609278839 0
0.3035446077417486 0.06363519259069676 0
-0.3385203863401352 -0.2665809652527716 0
3.192037735915343 1.115998798801308 0
0.595075268813257 -0.1479654071277157 0
0.141318830544113 -0.2482013794833609 0
0.7689806542377597 -0.7005156815380698 0
0.06916892770479297 0.1809912992979801 0
0.4711114241519241 -0.1884364240399509 0
0.3330397053003469 0.06996096997854273 0
1.205977050453021 0.2282905451256975 0
1.085633520969409 0.09118085442883705 0
1.117727800116126 -0.3252092520205693 0
0.842483152165201 -0.02827613408635196 0
0.3581708261169438 -0.0769720494017917 0
0.3747263136151557 0.4527528238915657 0
-0.8200053015253026 2.080431937427903 0
1.917890252565454 -3.224184947257553 0
0.05398358437215248 -0.04012223174489455 0
0.4099905203434906 0.1266632455369151 0
0.07943348022538238 -0.09140408715884843 0
-0.6171853876953337 0.539137294043827 0
0.2833385147755573 0.237545102972417 0
0.6159331161166817 0.06445533126356522 0
0.9288524356937318 -0.02769346365120998 0
1.503934453016895 -0.3673174199689657 0
-0.5188899107906044 -3.624603278258427 0
0.05763670471896208 0.1985035316709951 0
-0.008904562820060344 -0.01127761767725174 0
0.1593563345055025 0.1720180033943068 0
1.117664293235786 0.2759429077652952 0
0.6197190570328083 0.08940483770473759 0
-1.614667381502246 -3.83362421680945 0
0.4892489787049282 -0.8245990654796439 0
-1.175407551805344 3.748707007051416 0
0.3507980656379085 -0.1475865746589095 0
2.553874972327851 3.429188086453837 0
0.1457950002342064 0.06056468960620514 0
0.4904629176606783 -0.08506445475511658 0
0.5113116727929797 -0.08299167192175619 0
0.5807071559395943 -0.1124752517572999 0
0.233604014761378 -0.1516812218103835 0
0.30746004220392 -0.09030146465899558 0
-0.8108855539505672 0.842771258663898 0
0.4812827153106612 0.06388625612041897 0
2.774895206030653 -2.962262208364648 0
0.6460961286199223 -0.1797362976675693 0
0.5843240030573941 2.567160881397009 0
1.179528187510244 0.4991553157250121 0
0.6808346199740313 0.0652833953889006 0
0.02374343958302933 0.05906739479659757 0
0.02000397419396162 0.05545490728794743 0
0.1790633586625816 -0.07557389413106691 0
0.664753487404845 -0.05790717207873227 0
0.1433264068408573 0.1476257662949646 0
0.5230032709772254 -0.06037837530150678 0
0.5741193660861168 -0.1313304354112996 0
0.3387450966145525 0.063245632223265 0
0.9492406863064224 -0.009977088800326292 0
0.2987527759526286 -0.1557142340394349 0
-3.053244662056695 -0.3382688773694974 0
-0.1558489786932825 -0.3875375855095471 0
0.343966835543524 0.08698925030331101 0
0.9287466355064566 0.06178798324300569 0
0.7242980290553132 -0.07662631773858219 0
-0.1969500553136608 -0.32542942593128 0
-1.874115750957615 -1.107776001829027 0
0.6721901629765279 -0.05528324721234786 0
0.8994194646771805 -0.4201410403435731 0
-2.933359703088002 1.313071197848557 0
0.221268903288276 0.478978474775834 0
0.89265411186215 -2.323644619130093 0
0.1699140380385705 -0.08153594920973571 0
0.9624293726336166 -0.2667166242998541 0
3.389387984902145 0.357473561908717 0
4.203037261911615 1.588615540032721 0
0.9979869439538845 -0.08421268299651082 0
-0.9358168203510527 -3.23783348661066 0
-0.1981511248748194 0.04946617683180198 0
0.7967783818202057 0.1443702459753399 0
0.146253758117098 0.09579651057659935 0
0.9101439622472488 -0.04615685075605488 0
0.2329163599441613 -0.07868551874865513 0
-0.367673737488029 0.9439486527336572 0
0.6912260761577453 0.04051772056953716 0
0.4947524579000885 0.1474644615029229 0
0.2895847122078794 -0.09055787852926656 0
0.3284798425963381 -0.09731648582446473 0
0.7149662906552662 0.07559082003420742 0
0.7746967131458264 -0.03694586930014442 0
1.395825344910162 -2.353020702631305 0
-2.708055283498407 0.09181908052717566 0
0.7626503840387238 0.2140186664210298 0
0.1049373566815089 0.1227245196573844 0
0.9823843829577042 0.3810145661524728 0
0.5412313984880898 0.06836983961114639 0
-2.898179361763005 -0.4204616271673631 0
0.9146955257169261 0.6990382866954046 0
0.9460506274144074 0.01701635382469683 0
0.9733689064635089 -0.01989484006572037 0
0.8608306242275661 0.1309716262718735 0
0.03870846691906677 0.05588435291322446 0
0.9086935576643992 -0.1066526310409661 0
1.034769742599724 -1.270729721108073 0
0.03027811745584779 0.03172199814159759 0
-0.03456177831504306 -0.2069061638148631 0
0.7000845811809747 0.04000801383149932 0
1.45400986852835 -0.7894275721473838 0
0.4574041027351035 0.1502464642775654 0
-0.002893515967012882 0.02266633280676119 0
0.8261848764484975 -0.06361663976888929 0
0.5288062517798704 1.324154773741499 0
0.01732717358220006 0.1178705768253012 0
0.5278119938604597 -0.08655592908905534 0
0.3007641307569283 0.4849838042652925 0
-3.804034636827935 -0.0418257763441325 0
0.8521776157047813 -0.05334022523005037 0
0.1511781044521683 0.1085051012865553 0
0.8351162816904422 0.03974203166035173 0
1.304226461133697 2.952629682961007 0
4.019376123435637 -2.872545079114309 0
0.6954158557198931 0.04613821642283734 0
0.9015826267275451 0.1834569776439931 0
0.6056995927880346 0.2355356051505395 0
-0.04961483683947979 -0.4503872762044977 0
-1.713080925663045 -2.03961605996227 0
0.2342837026380568 0.4334378857108253 0
0.9092507279649427 -0.1915557170980313 0
-0.0330220851613502 0.2196780784546024 0
0.954086929920663 -3.166029055453046 0
0.2643898093790306 0.09116197528920071 0
0.543894851062701 -0.1052716250876138 0
0.04208227887104696 0.3086894996590949 0
1.053665479954808 -2.091899039137681 0
-1.584347743867815 -3.542968829062172 0
0.2710657169191841 0.1962643864336145 0
-0.8817421640948833 -0.713311627664943 0
4.814332940050784 4.309816239262236 0
0.6986020448289796 -0.4458950517764255 0
0.7906401981776559 -0.06792967898711474 0
0.7303865169068762 -0.06887612903477383 0
-3.096446679161031 3.036598417522256 0
0.7090797056626196 0.1073474154348945 0
0.4881061044587358 -0.09435733313760179 0
0.4754932948585786 0.06972771556806054 0
0.2671865324108674 -1.007065693969003 0
0.4388173958108639 -0.05966411716985084 0
-0.007086022150338955 0.5614830185706581 0
0.6159918567404244 1.233481827322376 0
0.3127479783542295 0.06361292062543107 0
1.31763328892074 1.444351669092472 0
0.21441379186273 0.2642708271975778 0
-0.8437557140432652 -3.752852116981627 0
0.4097369117636143 0.5031562733642523 0
0.9954420328942981 -0.008053076769576215 0
0.848996008669624 -0.08409571155662444 0
0.2226863454142928 -0.06670788329492762 0
-0.05886750664506833 0.09990793599736211 0
0.447225847984282 -0.1176850335119058 0
-0.2090276847047111 -0.46867163459582 0
-1.097939718713015 -0.8922700311600285 0
-3.070037688476563 0.01189965094208262 0
0.2036553324400315 -0.6686682223504463 0
0.4232555806319978 -0.08662843768306973 0
0.3111824454375265 0.28225678420626 0
0.7631024998985314 1.614560826806938 0
-1.736916978638486 -1.45769814225699 0
0.8048052508736322 0.06172850303360961 0
0.6266374558472459 0.1874784250720139 0
0.2324761080968994 -0.2177589552952766 0
0.3135655830695324 -0.3804467978577598 0
0.1731880877087557 -0.07358360986958572 0
0.1442923919099998 -0.07987723614365473 0
0.7683946928467384 -0.1487455289362444 0
1.255100995995688 -1.755840965913038 0
1.094552395579029 -0.2264012121051665 0
-0.8500000000120145 -4.648844510140681 0
2.620617924258742 0.1566766129086293 0
0.3896575899458684 0.1035383247187797 0
0.6135327756771505 -0.2988791201803608 0
0.1975912767768342 0.1215380791556624 0
0.07829583260414449 0.09665316360743144 0
0.2294505187199219 0.2065504865119101 0
0.4392834377123684 -0.1335660561029662 0
-0.2887800958729157 3.227472965900004 0
0.2412252345903882 0.1551861402273681 0
0.4564778815402009 -0.322174334822638 0
2.511997112864512 3.269342062734289 0
-1.839483127490436 -4.595609197766554 0
4.553561734893018 -3.246644762062106 0
0.6937600138235561 0.06797828719678004 0
4.811508000911188 2.797562639394217 0
0.5658198181559386 0.2799776468641964 0
0.8376486266572075 -0.2425227692815991 0
0.5994803479847927 -0.1202284297342378 0
0.7885458660074378 0.2150541003045439 0
-3.412203474811045 -2.040972791533388 0
0.02097409004099141 0.1683464386268858 0
0.04613423754800927 0.04461238501942896 0
0.8938702357954645 0.1646632479382564 0
0.5508560996066548 -0.06908008108561736 0
0.4170569194283085 0.0865434560329959 0
-0.07638447436450899 1.651807894901065 0
-1.562786347022479 0.7540796002580067 0
0.3124576169800276 0.2295926438172615 0
2.890816657853536 -1.044731933138505 0
0.3817567762458546 0.1168075444783647 0
3.78381470764662 1.303317550048225 0
0.1330382399411185 0.2025132753691888 0
0.2787449886483003 0.06938723431306101 0
0.7483800112329504 -0.09935698738413788 0
0.5592943729854984 -0.1601673882304525 0
-0.5481240176732056 0.2126935962423602 0
0.1778670731501148 0.1726200792756438 0
0.05772394336931683 -0.1364511933746982 0
0.7152466667877886 -0.2108766384764447 0
0.8740831518583148 -0.1154505895533657 0
0.8882036743058971 -0.03442806679173686 0
0.8541053982284712 0.02779937958445718 0
0.7948283114389407 0.06675433153297278 0
0.1990851098443722 0.365965426384699 0
-2.764868334763825 -0.2417470882260788 0
0.1617856575926633 0.07155972081549619 0
0.9917654435824308 -0.1591093731341422 0
0.3336073446898046 3.07544698013039 0
-0.02265258639032358 0.1387260716194613 0
0.286610154529667 0.07954872271137592 0
0.6409641019554366 -0.06451675674901258 0
0.2481999940612038 -1.499321085789685 0
0.4083793605637951 -0.08993527649340849 0
0.9138695867216358 -0.0645805822401874 0
0.9366577421769532 0.01637658233298437 0
0.6773911063641556 -0.07136896084310852 0
0.8344931158924123 0.1075324201122033 0
0.3655215769403864 2.5259324629516 0
1.714776641113443 1.140468220642305 0
-0.5830039461357853 -0.7567076953511948 0
-2.068887353158462 -2.936939440445828 0
0.5534402699401824 0.0807749262919417 0
0.2225972256413464 0.0673181457215247 0
0.1827912996519693 -0.3425140533374594 0
0.3939535103115513 -0.1891128171800354 0
0.004793226733048549 0.04672983026634497 0
0.4761292757434754 0.05773877609356573 0
4.811107143131093 3.956813222723469 0
0.7968256165722926 -0.2557478561124018 0
-0.2258549915623616 4.615418200844714 0
-1.066902652267941 2.440100051930903 0
3.989012747147905 -0.1829772336611735 0
-0.006866350317715261 0.05392113641642979 0
0.7562043492140772 -0.754693388762765 0
-0.5939764584464492 -0.8413347093730088 0
0.07452595889358891 -0.06898271402459949 0
0.7556176725077569 -0.1302519763663398 0
2.771862305610673 -0.02646585698198584 0
0.8833735793106067 -0.2355225624695007 0
0.6537631309509937 -0.08735036995969014 0
1.875648020570369 -1.524126249952712 0
-0.774009394269998 0.04714239150735573 0
0.6106668358120539 0.05293509660835306 0
1.032100867863575 -0.01133563787981207 0
-3.51214398366802 -3.057768174039248 0
0.3094112397177373 3.337502793683861 0
1.358515011727474 -0.4977937878780713 0
-0.4069222387332004 -0.5324525269667879 0
0.07877465041474253 0.07468007300686164 0
0.09618677990709279 0.1057032363988833 0
-0.25831770648184 0.6092649582363403 0
0.7649866232333804 0.06018562636974414 0
-0.6152120538806323 3.744598010716538 0
3.079901829592937 -0.260868529848564 0
0.1907627465141841 0.2579011669626341 0
4.826391735770469 4.610504078367964 0
0.317396735580577 0.1282392313019593 0
1.074065873328414 0.2567054563095973 0
1.677272289206379 -3.711530092977624 0
0.3676719743944837 -0.06180287035522983 0
0.3713475034541201 -0.06240611034772033 0
0.7190546395624076 -0.2770012044620501 0
1.628523366327557 -2.547619744553765 0
0.6414134853308178 -0.1304905379484863 0
0.3628298227400588 -0.07236669879685598 0
-1.571761091116158 0.1197982424974823 0
0.08390500899463169 0.07035473672761716 0
0.2560537351090037 0.1640744643235581 0
-0.2021655794418523 -1.870682483708495 0
0.2931305666361688 -0.1248634313446566 0
2.625321093194067 -2.241912497908277 0
0.03073701592831781 -0.0326456983443635 0
0.8244637593713269 -0.03877188828376392 0
0.8964466991893849 -0.1519571826648083 0
1.495409542358536 -2.023749867191577 0
-0.3289189620109944 -0.5902915233901032 0
0.007655199789757233 -0.04252779159169767 0
0.3666229861244483 1.558505933222982 0
0.4620784795926384 -0.07033586224282916 0
0.5714237609930083 0.09505029298773221 0
0.6308454828838155 0.689910904208065 0
1.190665435735013 2.551807113974242 0
0.4012119079432942 -0.07699849546896897 0
1.755976919298748 4.142655654146024 0
1.138142944687842 0.02016183725223778 0
0.4502237057228294 0.1584166700428958 0
0.4563540467472634 0.1681991954758444 0
2.191254769323171 3.225549914953849 0
0.1585254503607605 -1.102356513136688 0
0.3729595173732156 0.08327323004963894 0
3.319299966379004 -1.88087701338867 0
-2.531723608400184 -2.948420761072308 0
3.575802482459732 -2.052244794823413 0
2.576535726199274 -2.969487451254984 0
0.06998696643018133 0.1935077531708369 0
0.3708773881632365 -1.586213997841731 0
0.2566324410814025 0.06900922224220242 0
0.9890555830145733 0.05790253519098942 0
0.4546065085812998 0.06451014378587408 0
0.7238196568799224 -1.212651790230615 0
0.7676672498510311 -0.2929580971257592 0
0.4905874733960054 -0.1398016964431489 0
0.6840086835454248 -0.2271433187418459 0
0.7660702082181494 -0.1188587902785635 0
-1.434001064972175 -0.1779547953599471 0
0.8355133317383903 0.2225974675267757 0
2.400129987857345 1.19213138013134 0
-0.04289357275343778 -0.07746194374906916 0
0.6275496283053854 -0.07633226908024322 0
0.03382212778057604 0.07701519799780095 0
-1.728453240657918 3.968759960941359 0
0.5811201463044212 0.1597516619309441 0
0.4697701040893249 -0.07341280557560959 0
0.01648829540583023 -0.08988349530658217 0
0.8750241859368737 0.01995322015910401 0
0.01674327453517028 -0.05293353667017377 0
0.3375363080605037 -0.4184832491171793 0
0.7154309931639766 0.6545219162644255 0
0.9969742235116443 -0.1025971669592397 0
4.786127336938463 -3.904912285027317 0
4.824865084742379 -4.624865084741952 0
0.6671319437268802 -0.1265610280537893 0
0.5565347281292266 0.2193735182538844 0
0.80558071143331 0.02783314899832758 0
-0.2693539414861856 0.7973138466594858 0
-0.146546895266492 -0.09552877518336698 0
0.2196951709060413 0.2917925003326811 0
0.1569236127273198 -0.06834046260849239 0
0.1883278226124602 -0.07275253132775389 0
0.5736327212432383 1.456944650589117 0
1.108147538122961 1.001635915157375 0
0.2049783926246149 0.4030535884371114 0
-0.2316103320804722 1.759971226047021 0
0.6570847633538881 -0.05389657910923439 0
0.847845013580486 0.05184633366885641 0
0.7957970374505027 0.02906561761471922 0
1.419933540374663 1.184588604745655 0
0.8406764329332611 -0.05498746735405027 0
0.6076262830419008 -0.1010282942570797 0
-1.152665180996765 -0.4720442939259464 0
2.490848413335664 -2.067223233203868 0
0.2533049605577558 -0.1207811341052635 0
0.9293903168866494 -0.01282296570741059 0
0.6562089420553845 0.06732236515139196 0
0.1478873036026013 1.244687948390461 0
0.1291660411658158 0.05972074441272673 0
-0.4617511331874649 0.3473183065695329 0
-0.5760021010640943 -0.2567790762770008 0
0.4267145601933282 -0.2059302525103639 0
0.5912286436777433 -0.1336685621044268 0
0.2209977344157014 0.083512824976728 0
0.05339067606518094 -0.3756820375061823 0
0.3140475461268668 -0.1377661732019541 0
-1.323262191850955 0.07889716167601458 0
0.6555588099777589 -0.374147355564583 0
0.6162541605060005 0.6119741519420416 0
4.043417093259716 -1.152251217649131 0
0.6184894174638111 -0.05327950821952697 0
-0.4581709182409762 0.108330100236392 0
-2.354728778655558 -0.4767142516037293 0
1.326692070804135 -0.07053922180528714 0
0.9729282550393561 0.01934814909652469 0
0.4580771613966351 -0.09544050849159108 0
0.5668285695183457 -0.2901886461411264 0
3.084556082408005 -1.47259410425006 0
-0.5384206678267688 4.276379336470894 0
0.428453275324161 0.07564059213824625 0
0.9186050796341896 0.02840571474088061 0
4.0821501790111 0.4536365948062999 0
0.1552734797388577 0.0717206008680529 0
-0.1558468381324271 0.02250027806241991 0
0.7682100410361712 -0.4546779013625238 0
0.1219016642649319 1.503990196950136 0
-0.2287185389912961 -1.435724978174625 0
2.115357776720445 0.5046813498070608 0
0.556230691131266 -0.09033359901152546 0
-0.6334031853620602 -1.950643697661501 0
1.25570490644922 0.9924385238905254 0
0.7545243739393678 0.08787056917610464 0
0.1513625787247987 0.08025316377835466 0
0.8195664369460731 1.930106992873422 0
0.533376216710262 -0.2199962168384884 0
0.7425103632400394 -0.3153359187779541 0
0.6873693571590702 0.06672031368668072 0
1.284877735330689 -0.4718902590528108 0
0.8985412214080277 1.583988663206547 0
0.0737821709078561 -0.04467202509447268 0
0.6112865328844044 -0.05471658100463887 0
0.04046898636997049 0.1385923615659869 0
0.3833167001136997 -0.06876879546630073 0
0.725636870139819 -0.1000639779477427 0
0.4738624412863078 -0.2623202499610021 0
0.3089010063112609 -0.07880512774948817 0
0.8188282532429166 -0.03909824888914513 0
0.8225929773421505 -0.0747646706238335 0
0.4669252238522972 -3.482979714027976 0
0.4816594425947296 0.3273755820792741 0
4.209400355667908 4.323066133782147 0
2.390006623309894 -0.7726213228318125 0
2.113406434833249 1.315631847567708 0
0.08762443867321658 -0.05819038787282396 0
-0.3059529829422911 -0.439946603775821 0
0.2085462754617687 0.2373268253751641 0
0.0009554060623652972 0.05988623377315606 0
0.3396023632233018 -0.1111770411771257 0
0.9866919586584426 1.896115819936001 0
0.8870897433696366 0.1881521584059538 0
0.2764658464815603 0.07632618418366581 0
2.334525584043663 -3.204115280983369 0
0.5216132999053067 0.2980872948547408 0
0.395726497057989 0.5520396377383283 0
0.7405516870723986 -0.169070239390121 0
0.3000114647384687 0.142194022998789 0
-2.030467207721479 2.218335783294118 0
0.05011838427521553 0.4695269284924297 0
-1.377717004830866 0.7008612983390782 0
0.2195611887748379 -0.07361026648790063 0
0.09588680403253719 0.1425518630723345 0
0.3509369903787263 -0.1137270208770751 0
4.126863006290073 2.189004581565679 0
-0.4817641183172968 -2.39793840971552 0
1.212913542238494 0.7199247129595383 0
-1.094787529459807 -3.176149549903773 0
0.520385131807352 -0.08846211373725194 0
0.4529150129969419 0.08440882825503189 0
0.7553859500952228 0.489000869920815 0
-0.02446692670957527 -1.631099272006401 0
-0.1438775339235651 1.391001673311504 0
1.175884490105181 -0.2455452331048158 0
0.1869132292354202 0.1572177249975469 0
1.903479772213412 -1.360405523114015 0
2.559247545589197 -3.465426087816285 0
0.9309695610691295 0.1374393674155918 0
0.6729790092441944 -0.06086165419102224 0
0.7582278835086504 -0.06653835341096236 0
1.834795955867471 -0.0877061895257201 0
3.446626035084674 -0.2181247914080199 0
0.4791930340953992 0.09478921052909678 0
0.5451785967109232 0.1521789490662401 0
-0.1549639343143161 -0.3415077801085314 0
0.7614617499276476 -0.4197837950501639 0
-0.0165337182936115 -0.1177169214636964 0
0.1230571818421919 0.09616302309005173 0
0.8880064067439358 -0.667611236720224 0
0.1564372158808663 -0.276632115118951 0
1.067682077406186 -0.6211348359286759 0
0.8737086946091507 0.03376433337187126 0
0.2012666138623703 -0.06495000031629659 0
0.6023044573422667 0.08657423760517853 0
0.1089645925232703 0.1927507037838382 0
1.478888528652415 -0.5461830572500848 0
0.0007537019492437658 0.3909143170437819 0
0.2537296912704605 0.07846348942971919 0
0.5153374739554605 -0.1151068957713677 0
0.8938923474802758 -0.04341632670889571 0
0.8752535122638498 0.04800656420093162 0
-0.135851693199536 0.2819566066744002 0
1.807612924832295 -1.312337325827485 0
0.5767043296883561 0.6606327397254153 0
0.4185991592791345 -1.198684703228689 0
0.5141011043683352 -0.4055528489715977 0
0.276591928276634 0.2494434432236703 0
0.9532223657706376 0.01485484718474253 0
-0.3891130065382505 2.062911534139297 0
0.7903823042048737 0.1232653186531348 0
1.371492240592628 0.9524948688088113 0
0.8184760515313929 -0.102311444184781 0
0.02888331027873647 -0.07511281812897219 0
-0.01525637940876443 0.08972105938501132 0
1.072800159278918 0.07875980162741655 0
-0.0049181726094734 -0.05230709998762915 0
0.4820659455795091 -0.1308100409409643 0
0.3717781881796431 -0.6048276994919607 0
0.86550588013705 -0.05092488468190697 0
0.270917222511347 0.069162703038678 0
0.7602657727922683 -0.05865385880200066 0
2.399111723991189 -1.618776062553444 0
-0.6390949244800452 1.227492564791394 0
1.327774150670756 -0.6147711769904698 0
1.442536562154475 0.7694699983783966 0
-3.528864051158503 3.801943155950569 0
0.4353164280951913 0.1227163329412585 0
0.8796528442057536 0.03304962176712514 0
-0.07633587025736506 0.5889895546113548 0
-1.247789559776372 4.585329792783773 0
1.316837862043901 -0.2684824661135758 0
0.5956480401246218 0.07503594240575802 0
2.503360542164277 1.418261857270084 0
1.432641988650365 0.3055799911208767 0
0.3602694416639132 -0.7822166524886056 0
0.3530294478688035 0.248616561745001 0
0.7564131496139315 -0.1064168243054983 0
0.1252603881203424 -0.06568198837212669 0
0.07409395235274775 -1.270910973292679 0
-0.7242845341510722 0.1954370332884531 0
-0.04190274075292651 -0.0217795309823832 0
0.8758579902576198 0.3173742395334819 0
0.2643025822343524 0.06900907926723177 0
0.6377622291359841 -0.4937801319159086 0
1.026805760989938 -4.61083778332291 0
0.092372469199044 -0.07418384450711646 0
0.5008894664906284 0.1119519293290827 0
0.6741137842581492 -2.287880045533814 0
0.2626451318057915 -0.2698069368144634 0
-3.351186262171254 -1.065005842455259 0
0.1704458223356182 0.07608546219397029 0
0.3727983018881899 -0.1986600045988029 0
0.4710563537892227 -0.7414941709595055 0
0.270498632572239 -0.1666298499614053 0
1.081575478600186 -0.788529784984384 0
0.07898943722146455 -0.05093203810520158 0
3.487836246326296 0.7564106941931356 0
3.94627203813587 -0.6199775848335001 0
-0.3238545878672244 0.6554217166326419 0
-1.077512179615806 -1.044717340732631 0
2.994042308955894 -0.02243184956677243 0
2.670539576431838 -0.9402255065891194 0
0.03626322205946731 -0.05078730609897525 0
-1.533750707434301 -0.177980537201512 0
0.8186136223552836 -0.06077127716686686 0
2.103247683074341 2.087928677176212 0
0.439571638415448 -0.3874780484673107 0
-0.09180293159165898 0.2526581120984617 0
0.01657425673217126 0.0442174780354519 0
1.051132624958817 0.03997509160645624 0
-3.841086557388361 -4.34082351716633 0
0.03618717945610532 0.1909590777549739 0
0.8716853884608078 -0.2453812265153835 0
0.5585965707045015 0.1164404215464963 0
0.4111665790317769 -0.1884393085049791 0
1.085119974298162 -0.8963974058368709 0
0.04129586233529301 0.1017012224835172 0
0.7992269905460838 0.04061874459669935 0
0.5979799610064028 0.1570998732516314 0
0.4356733786458329 0.086279289077745 0
0.03942862864252174 -0.2515492241277503 0
0.5003757032707675 0.2746556478431036 0
-0.5998250404584047 0.4361124589589064 0
0.7938926130647009 0.0895450459622948 0
0.7993999214342489 -0.4423738052158077 0
0.7024451540818256 -0.04730622184269513 0
0.8269220293685942 0.20154997024624 0
0.03979618025676296 0.03508604442240028 0
0.8210095726634427 0.04171980727510261 0
1.632738983457929 -1.726465777776447 0
0.3554059936657811 0.280266785048747 0
2.919766324043287 2.258012153764027 0
0.3765993832833567 -0.0685554791436014 0
1.168793452501561 -1.901465092249045 0
0.9057796918142592 -0.02688655162904985 0
0.4039603099627154 0.1456368892238525 0
0.02836317414413662 -0.03872774148284411 0
-0.8494055159984939 3.761265479345032 0
1.177666513296799 1.352837751849766 0
0.7089107997002849 0.237108133417527 0
0.1121536670603024 -1.005434538543985 0
0.7708366612581771 -0.07460311050254691 0
0.8397908439323577 0.04981654821918285 0
0.08577149051743022 -0.2246460010024688 0
0.6298899184654897 0.09069542289556351 0
0.386504555013277 0.08995882725517498 0
-1.031393929449813 0.9203970089868552 0
1.63120986265119 1.073204814560244 0
0.2483037823161509 -1.180295846416524 0
0.253159202210879 0.06240662949396963 0
-0.4923656196733024 0.1370588040211976 0
0.9362681839936631 -0.1958009779962755 0
-2.707639241963252 1.525399173811008 0
0.6605076017072549 -0.09593976796444442 0
1.013175859095605 0.5840603194865358 0
3.220615484796186 -0.08287331003197448 0
0.8333301220120175 0.07455152211555993 0
-3.840912787323811 -4.625169376845858 0
0.4574718000787165 -0.05898807207853232 0
3.702895736619268 -0.3508851856319081 0
0.7371026901767269 0.04712903148832117 0
0.2866018631415819 0.161019655845318 0
0.5270933414525966 0.06950824200923722 0
1.09393826876317 0.05619057784727463 0
0.4714817125735056 -0.1369952607402023 0
3.067147947616018 0.8509109877300689 0
0.282385589535661 0.06289115295773981 0
0.31167743916295 0.1525113839927087 0
1.25003854824872 -0.4398579183770942 0
0.5835460882445778 -0.05613198664339804 0
0.4285816306889664 -0.06017197726875967 0
0.003294087293742832 -0.5613784221869715 0
0.2317782635781459 0.1520879946653377 0
0.8296144865872598 0.1200826631764452 0
0.8982492345863352 0.3951382201087437 0
-3.769297927839533 3.85642051912603 0
2.244154464237149 1.200450040377297 0
0.4335523863323124 -0.1290246991043033 0
0.4356587990068567 0.2500262582409882 0
0.1623574117224959 0.123055871018891 0
2.226102760478442 -2.058260787479399 0
0.5477067174234296 0.1368998656441526 0
0.9192397397831448 -0.1808597502045014 0
3.458300609563939 -3.274022988783316 0
1.228800578300153 -1.489495398188183 0
-0.8771665978040587 4.061998496089745 0
2.020615763555991 -1.992112299944051 0
1.673104765830006 3.633320572497305 0
0.4788553593409542 0.3502000918796538 0
0.3376958833660494 -0.1830331680702656 0
0.1556219718181076 0.07883808683509456 0
0.1907679559869641 -0.1396443774344894 0
-1.166787771663971 0.9211991091080517 0
-1.951838274928203 4.322304200664473 0
0.1823069692560015 0.3394637455468779 0
0.4266572123299412 0.1038278295571396 0
0.4835440457853226 -0.06738402421055865 0
2.519209054657785 -3.161675269106182 0
0.3167122264993822 0.07664520174069424 0
0.5812037871259715 0.112345683829679 0
0.3285669635248357 0.06308241281546856 0
0.2564663287666146 -0.09634080677964138 0
0.3206578884895679 0.07383533607663156 0
0.6989487432627508 0.2876775446080601 0
0.1809699435020265 -0.1103165281290991 0
0.8378154375295289 0.1373926992710459 0
1.076493877391395 0.1622956073113785 0
0.2517642398219774 -0.06897340558476635 0
-0.7943124940605284 -1.513481728903399 0
0.373592115189484 0.1160265954521962 0
1.1803187347172 -0.8903014966465878 0
1.003474680762623 -0.02634663496038182 0
1.592639045172813 1.725224814971832 0
-0.07839856206647565 -0.571685519767277 0
0.1526338474272418 -1.895268901617474 0
-2.117508898600672 1.363996395526194 0
0.3498197682272919 0.1370561430477784 0
0.4219026241970866 0.1079289556630032 0
0.830373422087731 -0.1987432668602871 0
1.123258070566548 0.6080032680922591 0
1.168865345598323 1.446106308595318 0
0.7461713068585654 0.1995955307308797 0
1.003845132863894 -0.01918086681373374 0
-0.6871120990937797 -2.493429313484287 0
3.038613104486643 -1.23578352653299 0
-0.2067365405549121 -0.08425840051852014 0
0.6920393110352525 -0.1585697190239763 0
0.3928934220228149 0.3315432762579314 0
1.248929405341952 0.4867179606647603 0
1.55011503019026 1.106889336732617 0
1.304397951448905 0.06249993833328195 0
-2.8692071760111 -3.18140648568865 0
1.039982002999748 -0.06564411642150451 0
0.4537780161463629 -0.1739317725042779 0
1.037514694177786 0.05473852866950468 0
-0.2042862488483968 0.2966362361196943 0
0.3564454766592543 -0.06855601486105894 0
0.7404848531986518 0.05996621477320088 0
-0.2703998838118313 -0.8839769302296752 0
-0.3049555300489235 -1.31831835316368 0
0.8055139205612755 -0.2276435591024505 0
1.063900815057968 0.04790951616074824 0
-3.185502801903654 0.3434362197752029 0
0.6582378333560377 3.559101267466943 0
0.5499465314374121 -0.07297841423127216 0
3.026863532522257 4.134855805571759 0
0.166611089257282 0.6103423812470773 0
-0.06783946868026378 -0.01062010834801766 0
0.1027418703186852 -0.1222506234995484 0
0.09516389334994244 -0.112484235155396 0
0.6954838795717495 -0.07944180879340564 0
0.2977457326066852 -0.09321790039135723 0
0.2801729590139214 -0.1200982987359347 0
0.07105450584177567 2.512587439904434 0
0.5870479064378975 -0.3186284281263466 0
0.4826868818286141 -0.3755326647464203 0
1.592857283586202 -0.4534611017747397 0
-0.04939850042030015 -1.109253759583903 0
0.7062620854942642 0.05614858863865699 0
1.817885545028438 -0.42407787418412 0
-1.178458505597717 4.334206460198274 0
1.723917615460397 -1.0538766745125 0
-0.3157350893468635 1.292419079489626 0
0.4281296241207632 -0.2294123513305816 0
-0.8493196717750686 -1.628554980947601 0
0.1756073561394151 -0.2436082381422227 0
0.3022619691504598 -0.1072181412984551 0
0.4080643426322064 0.2551877659681864 0
0.9287007204074219 0.02946687412237343 0
0.6358423857071402 1.155558055760246 0
0.8092745834576263 0.1198110223607393 0
0.8401274407961581 -0.07762703577013995 0
0.8715481456076017 -0.07584608331766186 0
0.5626338941440105 -0.1089592679003466 0
$EndNodes
$Elements
6 21586 1 21586
1 1 1 409
1 1 6 
2 6 7 
3 7 8 
4 8 9 
5 9 10 
6 10 11 
7 11 12 
8 12 13 
9 13 14 
10 14 15 
11 15 16 
12 16 17 
13 17 18 
14 18 19 
15 19 20 
16 20 21 
17 21 22 
18 22 23 
19 23 24 
20 24 25 
21 25 26 
22 26 27 
23 27 28 
24 28 29 
25 29 30 
26 30 31 
27 31 32 
28 32 33 
29 33 34 
30 34 35 
31 35 36 
32 36 37 
33 37 38 
34 38 39 
35 39 40 
36 40 41 
37 41 42 
38 42 43 
39 43 44 
40 44 45 
41 45 46 
42 46 47 
43 47 48 
44 48 49 
45 49 50 
46 50 51 
47 51 52 
48 52 53 
49 53 54 
50 54 55 
51 55 56 
52 56 57 
53 57 58 
54 58 59 
55 59 60 
56 60 61 
57 61 62 
58 62 63 
59 63 64 
60 64 65 
61 65 66 
62 66 67 
63 67 68 
64 68 69 
65 69 70 
66 70 71 
67 71 72 
68 72 73 
69 73 74 
70 74 75 
71 75 76 
72 76 77 
73 77 78 
74 78 79 
75 79 80 
76 80 81 
77 81 82 
78 82 83 
79 83 84 
80 84 85 
81 85 86 
82 86 87 
83 87 88 
84 88 89 
85 89 90 
86 90 91 
87 91 92 
88 92 93 
89 93 94 
90 94 95 
91 95 96 
92 96 97 
93 97 98 
94 98 99 
95 99 100 
96 100 101 
97 101 102 
98 102 103 
99 103 104 
100 104 105 
101 105 106 
102 106 107 
103 107 108 
104 108 109 
105 109 110 
106 110 111 
107 111 112 
108 112 113 
109 113 114 
110 114 115 
111 115 116 
112 116 117 
113 117 118 
114 118 119 
115 119 120 
116 120 121 
117 121 122 
118 122 123 
119 123 124 
120 124 125 
121 125 126 
122 126 127 
123 127 128 
124 128 129 
125 129 130 
126 130 131 
127 131 132 
128 132 133 
129 133 134 
130 134 135 
131 135 136 
132 136 137 
133 137 138 
134 138 139 
135 139 140 
136 140 141 
137 141 142 
138 142 143 
139 143 144 
140 144 145 
141 145 146 
142 146 147 
143 147 148 
144 148 149 
145 149 150 
146 150 151 
147 151 152 
148 152 153 
149 153 154 
150 154 155 
151 155 156 
152 156 157 
153 157 158 
154 158 159 
155 159 160 
156 160 161 
157 161 162 
158 162 163 
159 163 164 
160 164 165 
161 165 166 
162 166 167 
163 167 168 
164 168 169 
165 169 170 
166 170 171 
167 171 172 
168 172 173 
169 173 174 
170 174 175 
171 175 176 
172 176 177 
173 177 178 
174 178 179 
175 179 180 
176 180 181 
177 181 182 
178 182 183 
179 183 184 
180 184 185 
181 185 186 
182 186 187 
183 187 188 
184 188 189 
185 189 190 
186 190 191 
187 191 192 
188 192 193 
189 193 194 
190 194 195 
191 195 196 
192 196 197 
193 197 198 
194 198 199 
195 199 200 
196 200 201 
197 201 202 
198 202 203 
199 203 204 
200 204 205 
201 205 206 
202 206 207 
203 207 208 
204 208 209 
205 209 210 
206 210 211 
207 211 212 
208 212 213 
209 213 214 
210 214 215 
211 215 216 
212 216 217 
213 217 218 
214 218 219 
215 219 220 
216 220 221 
217 221 222 
218 222 223 
219 223 224 
220 224 225 
221 225 226 
222 226 227 
223 227 228 
224 228 229 
225 229 230 
226 230 231 
227 231 232 
228 232 233 
229 233 234 
230 234 235 
231 235 236 
232 236 237 
233 237 238 
234 238 239 
235 239 240 
236 240 241 
237 241 242 
238 242 243 
239 243 244 
240 244 245 
241 245 246 
242 246 247 
243 247 248 
244 248 249 
245 249 250 
246 250 251 
247 251 252 
248 252 253 
249 253 254 
250 254 255 
251 255 256 
252 256 257 
253 257 258 
254 258 259 
255 259 260 
256 260 261 
257 261 262 
258 262 263 
259 263 264 
260 264 265 
261 265 266 
262 266 267 
263 267 268 
264 268 269 
265 269 270 
266 270 271 
267 271 272 
268 272 273 
269 273 274 
270 274 275 
271 275 276 
272 276 277 
273 277 278 
274 278 279 
275 279 280 
276 280 281 
277 281 282 
278 282 283 
279 283 284 
280 284 285 
281 285 286 
282 286 287 
283 287 288 
284 288 289 
285 289 290 
286 290 291 
287 291 292 
288 292 293 
289 293 294 
290 294 295 
291 295 296 
292 296 297 
293 297 298 
294 298 299 
295 299 300 
296 300 301 
297 301 302 
298 302 303 
299 303 304 
300 304 305 
301 305 306 
302 306 307 
303 307 308 
304 308 309 
305 309 310 
306 310 311 
307 311 312 
308 312 313 
309 313 314 
310 314 315 
311 315 316 
312 316 317 
313 317 318 
314 318 319 
315 319 320 
316 320 321 
317 321 322 
318 322 323 
319 323 324 
320 324 325 
321 325 326 
322 326 327 
323 327 328 
324 328 329 
325 329 330 
326 330 331 
327 331 332 
328 332 333 
329 333 334 
330 334 335 
331 335 336 
332 336 337 
333 337 338 
334 338 339 
335 339 340 
336 340 341 
337 341 342 
338 342 343 
339 343 344 
340 344 345 
341 345 346 
342 346 347 
343 347 348 
344 348 349 
345 349 350 
346 350 351 
347 351 352 
348 352 353 
349 353 354 
350 354 355 
351 355 356 
352 356 357 
353 357 358 
354 358 359 
355 359 360 
356 360 361 
357 361 362 
358 362 363 
359 363 364 
360 364 365 
361 365 366 
362 366 367 
363 367 368 
364 368 369 
365 369 370 
366 370 371 
367 371 372 
368 372 373 
369 373 374 
370 374 375 
371 375 376 
372 376 377 
373 377 378 
374 378 379 
375 379 380 
376 380 381 
377 381 382 
378 382 383 
379 383 384 
380 384 385 
381 385 386 
382 386 387 
383 387 388 
384 388 389 
385 389 390 
386 390 391 
387 391 392 
388 392 393 
389 393 394 
390 394 395 
391 395 396 
392 396 397 
393 397 398 
394 398 399 
395 399 400 
396 400 401 
397 401 402 
398 402 403 
399 403 404 
400 404 405 
401 405 406 
402 406 407 
403 407 408 
404 408 409 
405 409 410 
406 410 411 
407 411 412 
408 412 413 
409 413 1 
1 2 1 30
410 2 414 
411 414 415 
412 415 416 
413 416 417 
414 417 418 
415 418 419 
416 419 420 
417 420 421 
418 421 422 
419 422 423 
420 423 424 
421 424 425 
422 425 426 
423 426 427 
424 427 428 
425 428 429 
426 429 430 
427 430 431 
428 431 432 
429 432 433 
430 433 434 
431 434 435 
432 435 436 
433 436 437 
434 437 438 
435 438 439 
436 439 440 
437 440 441 
438 441 442 
439 442 3 
1 3 1 32
440 3 443 
441 443 444 
442 444 445 
443 445 446 
444 446 447 
445 447 448 
446 448 449 
447 449 450 
448 450 451 
449 451 452 
450 452 453 
451 453 454 
452 454 455 
453 455 456 
454 456 457 
455 457 458 
456 458 459 
457 459 460 
458 460 461 
459 461 462 
460 462 463 
461 463 464 
462 464 465 
463 465 466 
464 466 467 
465 467 468 
466 468 469 
467 469 470 
468 470 471 
469 471 472 
470 472 473 
471 473 4 
1 4 1 30
472 4 474 
473 474 475 
474 475 476 
475 476 477 
476 477 478 
477 478 479 
478 479 480 
479 480 481 
480 481 482 
481 482 483 
482 483 484 
483 484 485 
484 485 486 
485 486 487 
486 487 488 
487 488 489 
488 489 490 
489 490 491 
490 491 492 
491 492 493 
492 493 494 
493 494 495 
494 495 496 
495 496 497 
496 497 498 
497 498 499 
498 499 500 
499 500 501 
500 501 502 
501 502 5 
1 5 1 32
502 5 503 
503 503 504 
504 504 505 
505 505 506 
506 506 507 
507 507 508 
508 508 509 
509 509 510 
510 510 511 
511 511 512 
512 512 513 
513 513 514 
514 514 515 
515 515 516 
516 516 517 
517 517 518 
518 518 519 
519 519 520 
520 520 521 
521 521 522 
522 522 523 
523 523 524 
524 524 525 
525 525 526 
526 526 527 
527 527 528 
528 528 529 
529 529 530 
530 530 531 
531 531 532 
532 532 533 
533 533 2 
2 1 2 21053
534 2441 4405 5867 
535 3153 886 4267 
536 2855 2085 7547 
537 2431 4843 7869 
538 1730 2871 5499 
539 3142 1565 5132 
540 1864 4070 6111 
541 3718 1321 4418 
542 1234 3757 6964 
543 829 3172 5827 
544 4243 2325 4691 
545 1489 3539 6681 
546 4192 907 6983 
547 1020 4975 6428 
548 3267 4778 9332 
549 4506 1442 5851 
550 965 4301 7055 
551 3339 889 4138 
552 3696 105 4718 
553 3875 2313 4303 
554 106 3696 4720 
555 2873 1095 9433 
556 2934 6256 9500 
557 1221 2897 5021 
558 3013 1662 5274 
559 2282 3159 9974 
560 766 3129 4469 
561 3201 6995 9343 
562 3027 1538 7516 
563 4506 5851 8970 
564 4423 1759 9107 
565 1926 3942 4752 
566 520 3665 7005 
567 3409 1543 4937 
568 2910 607 5733 
569 3025 930 5253 
570 672 4096 4279 
571 4330 2149 6413 
572 23 22 3668 
573 2897 1221 6067 
574 5485 6250 9141 
575 3953 1816 6439 
576 5393 6030 9761 
577 5394 811 5785 
578 678 3273 5123 
579 864 6095 7229 
580 1976 6693 6709 
581 3891 1127 4523 
582 912 3553 4245 
583 4349 2287 4865 
584 1656 3335 4977 
585 3748 5367 5720 
586 52 51 4208 
587 3386 2186 7553 
588 710 3481 5040 
589 3311 1946 9742 
590 3072 705 8143 
591 3854 1503 3870 
592 1538 3027 9670 
593 5460 1231 7539 
594 3514 1784 5568 
595 796 3302 8014 
596 1710 3472 7483 
597 3179 6484 8272 
598 560 6812 7117 
599 5300 3058 6658 
600 1362 3727 7035 
601 3723 4065 10312 
602 652 4675 7621 
603 4817 2169 7322 
604 3958 2013 4341 
605 3583 872 3912 
606 290 289 5599 
607 573 3275 5943 
608 726 4658 5390 
609 1063 3517 5558 
610 392 391 4336 
611 5806 1826 5897 
612 977 3699 4516 
613 2511 4761 7437 
614 1739 5066 5901 
615 3188 891 4628 
616 2186 3386 4268 
617 1511 6164 6790 
618 3280 2102 5966 
619 2772 4491 8640 
620 2293 5051 5949 
621 5238 1667 7328 
622 2895 5442 6446 
623 203 202 3702 
624 2934 4092 6256 
625 4922 2758 6636 
626 1473 3070 5067 
627 930 3025 4948 
628 1986 4015 4682 
629 3458 1933 7819 
630 6968 3787 7984 
631 1841 4081 5988 
632 3060 1473 5067 
633 2425 5157 7929 
634 575 3390 4417 
635 1808 3014 5656 
636 3368 2067 4410 
637 1246 5049 6354 
638 3689 3690 9917 
639 1628 3500 9555 
640 3761 1511 6790 
641 1642 3103 5337 
642 925 3721 6789 
643 4387 2694 7447 
644 3593 2420 7678 
645 818 2880 5381 
646 106 105 3696 
647 3380 632 4378 
648 1211 4039 8770 
649 1820 3035 5322 
650 562 3418 9574 
651 2354 4250 5711 
652 1665 3795 4478 
653 1651 3815 3995 
654 5966 923 7570 
655 337 336 5638 
656 3384 543 6921 
657 4636 2533 5121 
658 1806 4394 5473 
659 5243 2400 7875 
660 3275 573 5452 
661 1291 3137 7812 
662 3867 944 4913 
663 3610 800 4398 
664 3506 2197 4340 
665 3429 1542 4775 
666 1842 3493 4450 
667 3676 1649 3808 
668 3428 1426 6510 
669 1416 3292 4853 
670 2648 4946 5977 
671 4124 863 4931 
672 2980 1231 6420 
673 1774 3285 4900 
674 4303 2389 6497 
675 1033 8174 10451 
676 3565 1230 6134 
677 5461 1066 9485 
678 2047 3084 4495 
679 3569 1048 7253 
680 2692 1126 5579 
681 2975 833 4757 
682 3174 6497 8891 
683 816 3097 5284 
684 576 2900 4578 
685 5660 2771 7504 
686 3664 858 4218 
687 6086 2790 6948 
688 313 312 4350 
689 1646 4196 10562 
690 605 3350 4148 
691 1669 3638 5515 
692 1473 3060 4655 
693 334 333 4331 
694 6351 3729 9445 
695 1388 3567 9989 
696 4944 2305 7764 
697 332 331 4334 
698 1816 5119 6439 
699 1924 3798 4580 
700 2015 2573 6854 
701 2064 4441 6568 
702 1271 6351 9445 
703 3273 678 5617 
704 3592 1191 7311 
705 3846 1493 3869 
706 4085 2424 6896 
707 5922 1463 8179 
708 3683 1587 5072 
709 4002 2482 4852 
710 1448 4290 4890 
711 3284 970 4937 
712 3303 1186 5762 
713 4876 732 6181 
714 3356 830 5859 
715 2622 1290 7435 
716 4440 4903 10363 
717 1815 3982 5008 
718 4544 1203 6203 
719 4246 1694 10247 
720 812 3420 4835 
721 1296 8115 8269 
722 2982 1229 6978 
723 1847 3241 10229 
724 5390 4658 8820 
725 520 521 3665 
726 617 3271 3814 
727 2231 3279 7477 
728 3715 2580 5120 
729 4108 724 6609 
730 3598 1591 4415 
731 3318 1660 7077 
732 4500 1112 7960 
733 1675 3903 6565 
734 4491 7350 8640 
735 3818 909 4742 
736 2094 3453 4674 
737 234 233 4641 
738 807 2941 5687 
739 4986 1398 5975 
740 94 93 4388 
741 5503 2635 6683 
742 271 270 4444 
743 3806 1944 4765 
744 2593 5338 5614 
745 3689 1634 3690 
746 3573 1572 5297 
747 523 5227 5533 
748 1259 2996 6316 
749 2669 6198 7029 
750 3970 2069 6082 
751 4774 653 8960 
752 751 4053 5143 
753 1092 4586 7463 
754 269 268 4454 
755 1126 2692 5522 
756 1896 4832 5813 
757 3316 1074 5454 
758 4319 513 7128 
759 3197 1560 6597 
760 5351 1076 8599 
761 2041 2848 6473 
762 3110 1716 6471 
763 3439 1122 8153 
764 2880 818 4603 
765 1499 4173 8963 
766 138 137 4409 
767 604 3606 6573 
768 2882 5806 5897 
769 2019 2498 5106 
770 4946 1699 5977 
771 2309 4108 6609 
772 4330 6413 7170 
773 2920 818 5381 
774 5745 690 6093 
775 579 4860 5942 
776 136 135 4413 
777 3907 1941 4760 
778 2234 3298 6786 
779 1651 3725 10133 
780 3863 636 4000 
781 1319 4041 7941 
782 1231 2980 4969 
783 3665 2035 7005 
784 3864 1497 3876 
785 941 4505 4842 
786 3435 796 8014 
787 3159 2282 7303 
788 5140 1940 5323 
789 3789 1967 4114 
790 5619 2031 7199 
791 4448 790 6577 
792 958 4329 6087 
793 3910 648 4950 
794 3723 879 4065 
795 1243 3393 5400 
796 3334 4257 8838 
797 4106 1655 6931 
798 1594 4922 6636 
799 1623 4074 4075 
800 277 276 4453 
801 4025 2711 6960 
802 1444 7531 8009 
803 2377 3384 6921 
804 5599 289 8419 
805 2504 6184 6631 
806 3759 1651 10133 
807 1801 7618 8854 
808 6568 4441 7364 
809 2637 4417 8081 
810 190 189 3751 
811 4876 6181 8208 
812 2803 6285 9409 
813 1003 5307 6648 
814 5045 6337 8570 
815 2146 3056 9887 
816 3847 1942 4759 
817 5843 3170 8189 
818 3420 812 4770 
819 5375 2220 6137 
820 595 4002 6617 
821 2069 3970 9989 
822 939 3681 4190 
823 4221 885 5970 
824 778 3262 5793 
825 3253 1478 4689 
826 1454 3590 5350 
827 4322 1097 5734 
828 1838 3863 4968 
829 1889 2902 6360 
830 3329 1775 4013 
831 921 3162 8730 
832 3569 1597 4564 
833 3240 630 9563 
834 2147 3263 6297 
835 3787 862 7984 
836 1236 3536 4330 
837 2525 5144 5376 
838 4120 1554 4508 
839 705 3072 5520 
840 3212 1582 8068 
841 586 3448 7894 
842 2554 3945 5028 
843 1200 3090 5861 
844 2516 3666 7276 
845 6484 3179 8222 
846 701 3499 4614 
847 4065 1591 10312 
848 3454 961 5050 
849 1544 3490 8411 
850 3107 1600 7224 
851 4001 2774 8279 
852 776 3277 5857 
853 1161 4098 7415 
854 1230 3565 6943 
855 242 241 4550 
856 4141 682 4489 
857 3727 1362 7078 
858 3254 1797 5460 
859 1214 3544 4306 
860 3042 1259 6316 
861 3717 5230 6696 
862 580 3558 4004 
863 942 3486 5214 
864 3609 915 5808 
865 1861 3414 6436 
866 3704 562 9574 
867 3801 960 5328 
868 3204 4096 9118 
869 1636 4995 5504 
870 5591 3182 10027 
871 3119 1686 4420 
872 3393 1243 5854 
873 5214 2066 5494 
874 4371 1806 4858 
875 3795 1552 4478 
876 3266 685 5730 
877 7531 3571 8009 
878 3049 4500 7960 
879 1167 4525 6297 
880 4216 1671 6649 
881 4415 1591 4786 
882 240 239 4577 
883 2686 3685 5809 
884 1342 3221 8133 
885 524 5009 5227 
886 3453 2316 4674 
887 516 517 3330 
888 962 2569 6680 
889 4325 2847 8877 
890 6106 4300 7188 
891 2296 4826 9795 
892 2504 4332 6184 
893 3802 1790 4116 
894 1400 4348 5219 
895 5321 1263 6100 
896 8221 1222 8778 
897 562 3395 6207 
898 1915 3829 4703 
899 2508 4557 4772 
900 3736 674 5197 
901 1851 3718 4418 
902 3771 1776 5479 
903 986 3890 4618 
904 5606 3273 6112 
905 6484 1106 8272 
906 3735 1640 4557 
907 1361 3599 8458 
908 5442 2630 5952 
909 4446 856 9923 
910 3526 2360 8289 
911 1870 3439 5010 
912 3785 2068 4204 
913 248 247 4559 
914 3579 1575 5042 
915 632 3521 4378 
916 6598 4102 7122 
917 5478 843 5742 
918 3471 1001 5884 
919 797 2964 4921 
920 2769 6293 10150 
921 550 3282 8712 
922 173 172 3644 
923 3614 1933 5158 
924 3865 1766 6559 
925 9248 841 9299 
926 1793 3468 5006 
927 834 3024 5556 
928 1943 5372 8652 
929 323 322 4442 
930 3648 940 4533 
931 2755 1137 5369 
932 3586 2430 7272 
933 3806 4765 8134 
934 3390 575 10016 
935 64 63 4455 
936 1496 3095 4554 
937 1231 3066 6420 
938 7621 4675 8247 
939 1174 7246 7988 
940 3169 997 4440 
941 1687 3314 7167 
942 3956 1560 6811 
943 1073 5277 6477 
944 3764 2138 9689 
945 2624 7164 7827 
946 4394 1849 5473 
947 1214 4306 7400 
948 806 3498 7667 
949 5172 550 6043 
950 3602 1806 4371 
951 4070 1864 10636 
952 3014 1808 5081 
953 2207 6319 8705 
954 2767 1138 5287 
955 4005 1445 7323 
956 1885 3425 7126 
957 419 3834 8122 
958 6269 4991 9200 
959 1502 5566 7704 
960 1138 2767 5292 
961 1758 3225 6445 
962 3296 1446 4606 
963 4038 1182 6695 
964 3788 2078 7061 
965 3834 2275 5294 
966 7467 1492 8821 
967 717 4055 6755 
968 3498 7634 7667 
969 1492 7467 10011 
970 348 347 4407 
971 685 3514 5568 
972 4843 2431 7747 
973 1668 4803 7117 
974 3521 2473 4378 
975 5838 2410 7478 
976 2139 2904 7712 
977 3741 961 4272 
978 836 2943 8714 
979 3867 4913 7529 
980 4129 4115 7294 
981 2067 3368 6148 
982 4467 2182 6154 
983 3815 891 3995 
984 5896 1906 6848 
985 5320 1426 8789 
986 3519 1138 5292 
987 2616 4013 5588 
988 2849 5281 7074 
989 3439 1870 5457 
990 5689 2163 5953 
991 4301 1414 9569 
992 5638 336 8721 
993 848 3175 9512 
994 6995 3201 10147 
995 2916 563 8514 
996 3725 1598 4321 
997 5277 2993 6477 
998 5059 3673 7632 
999 3757 2563 6964 
1000 4043 1744 4111 
1001 2863 1710 7506 
1002 3383 8221 8778 
1003 588 3227 10335 
1004 4328 3079 10508 
1005 3458 531 6397 
1006 1845 4991 6269 
1007 1591 3598 10312 
1008 3452 1057 6288 
1009 3035 1820 7744 
1010 3312 2146 10029 
1011 2350 4901 8240 
1012 3080 4298 8315 
1013 1122 3364 8153 
1014 1623 4075 4516 
1015 3543 620 5247 
1016 2359 3615 7393 
1017 685 3266 6824 
1018 3010 2258 9747 
1019 1321 3718 6701 
1020 3570 867 4145 
1021 583 2927 10687 
1022 856 3598 4415 
1023 5774 426 9441 
1024 2978 1474 7775 
1025 3532 1202 5074 
1026 5600 2587 7193 
1027 1396 3249 9954 
1028 1221 3071 6067 
1029 3811 1282 5465 
1030 1137 2755 5382 
1031 3511 1011 4185 
1032 1264 3595 7810 
1033 56 55 4474 
1034 4015 1579 4682 
1035 4317 1953 5118 
1036 6497 3174 9675 
1037 3044 4445 8250 
1038 1426 5320 7073 
1039 3507 1896 5928 
1040 4699 3220 10070 
1041 3379 873 4728 
1042 1671 4590 6649 
1043 3178 973 6674 
1044 3409 598 5220 
1045 3238 4339 9789 
1046 1649 3676 10301 
1047 459 3661 6875 
1048 3095 1496 8495 
1049 1686 3119 5309 
1050 1781 3133 6700 
1051 1203 3714 6203 
1052 4515 1831 7360 
1053 3831 1398 6295 
1054 2473 3521 8490 
1055 3398 1754 8823 
1056 3838 1454 5350 
1057 2042 3819 5856 
1058 2093 3612 6841 
1059 3089 1667 6073 
1060 3065 1723 4575 
1061 1426 3730 6510 
1062 4640 1717 6526 
1063 2323 5167 5448 
1064 4073 881 6639 
1065 4207 441 7414 
1066 833 6340 7475 
1067 653 7717 8960 
1068 6693 3224 6709 
1069 1723 3065 6468 
1070 3280 5966 7570 
1071 1263 4741 6100 
1072 1736 4104 5832 
1073 1397 3904 5275 
1074 4482 6262 8017 
1075 1475 4699 10070 
1076 1423 3405 5992 
1077 1048 3569 4564 
1078 2308 5773 8346 
1079 5372 3415 8652 
1080 440 441 4207 
1081 1602 4115 4129 
1082 670 5898 6493 
1083 7246 2948 7988 
1084 779 6214 7849 
1085 1598 3725 4279 
1086 5447 2707 8338 
1087 3712 2530 4529 
1088 883 3750 6057 
1089 6773 3180 7318 
1090 4186 1034 4499 
1091 4631 1775 4862 
1092 4262 1369 7820 
1093 4281 3008 8034 
1094 3373 863 9866 
1095 3426 1232 8649 
1096 3646 869 6855 
1097 1180 4944 7764 
1098 2195 5113 8173 
1099 3254 5460 7539 
1100 3600 884 4592 
1101 4586 2621 7463 
1102 1582 3544 8068 
1103 73 72 4497 
1104 2848 2041 5433 
1105 3234 1449 4985 
1106 1288 3792 4783 
1107 563 2916 4986 
1108 561 2787 6523 
1109 4778 1564 9332 
1110 3007 1939 5627 
1111 4704 559 4726 
1112 1827 3086 5783 
1113 4039 3258 8770 
1114 3678 1571 4791 
1115 5238 7328 8459 
1116 5185 2667 5884 
1117 2012 3107 5816 
1118 3879 4906 7686 
1119 1601 3702 6946 
1120 4800 7793 9316 
1121 8213 4162 8836 
1122 1572 4375 5297 
1123 5129 1675 6565 
1124 4109 626 6417 
1125 2085 2855 5216 
1126 3027 6459 9670 
1127 6285 2111 9409 
1128 109 108 5561 
1129 2664 4005 7323 
1130 3731 823 5449 
1131 4124 4931 7280 
1132 2980 5745 6093 
1133 6381 2981 6690 
1134 818 2920 4861 
1135 2467 3592 7311 
1136 3831 754 6028 
1137 1923 3648 4389 
1138 3221 5785 8680 
1139 4645 1507 5642 
1140 2671 4192 6983 
1141 4832 2494 5813 
1142 3666 585 7276 
1143 1871 3485 8041 
1144 1927 4083 5639 
1145 873 3379 6308 
1146 2902 1889 5650 
1147 5431 4541 9050 
1148 2732 6575 6891 
1149 3249 993 5137 
1150 3573 1013 4695 
1151 2146 3312 5026 
1152 1722 3652 6135 
1153 1946 3311 7403 
1154 3293 2201 6935 
1155 1051 4636 5121 
1156 1554 3627 9497 
1157 4635 1682 5368 
1158 598 3409 5528 
1159 1010 3577 4656 
1160 127 126 3720 
1161 3599 1361 4744 
1162 853 3068 6081 
1163 1687 3278 4256 
1164 4208 51 5274 
1165 2717 5130 8459 
1166 3866 752 6257 
1167 1863 5745 6420 
1168 1651 3995 4316 
1169 3729 6351 6982 
1170 3615 2359 4315 
1171 3608 622 5538 
1172 4008 1930 5746 
1173 3982 2100 5008 
1174 3414 1225 4667 
1175 3475 916 8872 
1176 1704 4711 5586 
1177 1046 3472 5910 
1178 132 131 3820 
1179 5130 2717 9190 
1180 2246 4602 4977 
1181 1396 3580 8557 
1182 3094 1868 5852 
1183 3172 829 5375 
1184 3959 580 4004 
1185 641 4800 9316 
1186 3733 1519 10092 
1187 957 3794 5332 
1188 3615 1209 7393 
1189 3664 4218 7852 
1190 6435 659 7662 
1191 1568 3453 5511 
1192 4649 7166 8335 
1193 4276 6049 7327 
1194 1463 5922 8513 
1195 5144 1087 5376 
1196 1388 3970 6574 
1197 3285 1648 5035 
1198 5198 1407 7406 
1199 5231 3477 5877 
1200 4345 2376 7169 
1201 3327 1561 6115 
1202 1339 3347 6819 
1203 3330 2089 10040 
1204 7036 4188 7476 
1205 2223 4395 7040 
1206 2894 5308 9096 
1207 976 4111 4637 
1208 3690 1384 5573 
1209 877 3378 4288 
1210 3568 1042 4837 
1211 3748 708 5367 
1212 5066 2697 5901 
1213 5653 830 6254 
1214 4558 1430 5306 
1215 1085 3432 4880 
1216 2900 576 5517 
1217 1559 4242 10337 
1218 1522 3310 4712 
1219 2374 4781 5885 
1220 3288 1863 4975 
1221 3771 5479 6934 
1222 2676 4131 4386 
1223 779 3574 5878 
1224 3721 925 4102 
1225 90 89 4534 
1226 1654 3713 3826 
1227 5412 2308 8346 
1228 1561 3327 4863 
1229 2641 5653 6254 
1230 1785 3637 5392 
1231 2599 4467 6154 
1232 2186 6220 7553 
1233 1759 7135 9107 
1234 667 3679 5697 
1235 6517 5099 9876 
1236 3021 1244 5532 
1237 1598 7381 8142 
1238 2927 583 4807 
1239 1487 6139 7926 
1240 2016 4025 6960 
1241 3895 1517 4447 
1242 1016 4570 5746 
1243 3182 774 10027 
1244 92 91 4488 
1245 1396 3900 5982 
1246 3776 3967 10670 
1247 6085 4653 7780 
1248 8115 3574 8269 
1249 1464 4817 7322 
1250 1449 3234 8933 
1251 1560 3197 4990 
1252 3847 4759 8198 
1253 5525 458 6875 
1254 3286 1384 4361 
1255 1722 3610 4398 
1256 1037 5130 6863 
1257 4336 391 7899 
1258 1988 2954 6850 
1259 2192 5207 5544 
1260 4440 997 4903 
1261 1244 2921 5532 
1262 5281 731 7074 
1263 1508 5191 9460 
1264 4136 1693 6343 
1265 903 4623 6440 
1266 4747 6625 8318 
1267 5227 3213 5533 
1268 4866 5031 7964 
1269 5214 3486 8370 
1270 4890 4290 7023 
1271 3231 5553 8141 
1272 3463 4893 10320 
1273 548 3981 6261 
1274 2656 4763 6724 
1275 4343 1393 6416 
1276 4030 991 4084 
1277 3494 5351 8599 
1278 3364 1122 5956 
1279 3938 588 4987 
1280 1652 4511 7022 
1281 1148 2781 5453 
1282 4387 7447 7489 
1283 2448 5069 5194 
1284 3011 1971 7533 
1285 2045 2937 6671 
1286 7629 3069 8574 
1287 1551 3654 7172 
1288 2871 1730 5432 
1289 3619 1418 8890 
1290 3573 1625 4466 
1291 3893 1628 9555 
1292 1414 4301 7284 
1293 4752 3942 7999 
1294 3302 1769 8556 
1295 6212 5508 9931 
1296 2157 3572 5365 
1297 5130 2810 6863 
1298 2784 3574 8115 
1299 2408 5354 5391 
1300 3544 1582 4306 
1301 512 513 4319 
1302 4331 333 8178 
1303 2374 5885 7781 
1304 3407 2468 9879 
1305 3129 766 6192 
1306 332 4334 8178 
1307 297 296 4537 
1308 1739 5263 6067 
1309 1625 3573 4695 
1310 9689 2138 10096 
1311 4063 1358 7782 
1312 190 3751 5001 
1313 1612 3341 7373 
1314 4132 2234 6786 
1315 6707 2174 7588 
1316 4574 2437 6181 
1317 5977 1699 6559 
1318 3371 1647 5584 
1319 5120 2580 8445 
1320 6214 779 9115 
1321 1485 3443 4541 
1322 3463 880 4893 
1323 659 6435 6766 
1324 1923 4141 4489 
1325 2781 1148 5439 
1326 1541 3517 4747 
1327 4041 1319 5903 
1328 3314 1856 9454 
1329 5081 2821 6704 
1330 1551 2977 8874 
1331 6575 1987 6891 
1332 114 3923 4899 
1333 5889 2945 6315 
1334 2368 6773 7318 
1335 3980 2450 4994 
1336 2904 2139 8752 
1337 313 4350 8130 
1338 418 419 8122 
1339 5475 6709 9709 
1340 4188 1477 7476 
1341 3460 708 7364 
1342 2941 807 6692 
1343 3738 2561 8736 
1344 3752 867 4487 
1345 3505 862 4414 
1346 5140 5323 9423 
1347 4866 600 5031 
1348 7960 2296 9795 
1349 3084 2047 5667 
1350 1751 4552 5725 
1351 3219 1270 6558 
1352 1459 3250 4686 
1353 1323 4303 6497 
1354 4761 2511 8535 
1355 3432 1085 5608 
1356 6295 1398 8566 
1357 1015 5518 6569 
1358 961 4396 4773 
1359 778 5793 6612 
1360 3213 1788 8436 
1361 3590 2668 5107 
1362 1048 5853 7253 
1363 5042 2741 9148 
1364 5334 924 8138 
1365 3554 1973 6466 
1366 3848 1078 6118 
1367 3472 1710 5910 
1368 1694 8761 10247 
1369 2909 4649 7697 
1370 3176 1255 9832 
1371 7905 1571 8995 
1372 5284 3097 9586 
1373 323 4442 9402 
1374 4975 2683 6428 
1375 205 204 4011 
1376 586 7894 8104 
1377 5009 525 5592 
1378 5087 2863 7506 
1379 1593 3527 4406 
1380 3682 597 4070 
1381 4513 1680 6380 
1382 3502 2320 7754 
1383 2478 4996 6635 
1384 5396 1753 5406 
1385 2486 4531 5278 
1386 2518 6329 8291 
1387 2052 5300 6658 
1388 2035 3665 9031 
1389 5822 588 10335 
1390 743 4345 7169 
1391 3765 781 5240 
1392 5028 3945 6533 
1393 4896 7052 7455 
1394 4043 1669 5515 
1395 943 3673 5059 
1396 2256 4276 7327 
1397 5099 971 9876 
1398 2748 3265 6556 
1399 2252 5520 7591 
1400 3503 4158 9809 
1401 3133 1781 7229 
1402 8174 3260 10451 
1403 3375 2358 7557 
1404 2988 5843 8189 
1405 5553 855 8141 
1406 6095 3133 7229 
1407 8133 3221 8680 
1408 4188 2097 4338 
1409 1637 6097 7227 
1410 1973 3554 5729 
1411 3050 1219 5440 
1412 1784 3514 7643 
1413 4757 833 7475 
1414 673 3078 4784 
1415 4351 1886 4592 
1416 5977 6559 9847 
1417 8189 5151 9350 
1418 5126 984 6286 
1419 1250 3236 6914 
1420 8608 3193 8654 
1421 5979 116 7213 
1422 3580 2853 8557 
1423 3610 1722 6135 
1424 4173 3440 8963 
1425 3479 1226 5062 
1426 2006 5404 6274 
1427 3513 1235 5976 
1428 2954 1988 6262 
1429 4196 4100 10562 
1430 720 3464 7099 
1431 5611 7898 9544 
1432 3911 1955 4902 
1433 3498 806 7428 
1434 4158 1469 9809 
1435 7170 4460 8233 
1436 3590 1454 8624 
1437 901 3615 4315 
1438 4016 2819 9459 
1439 5698 925 6789 
1440 1999 5786 6915 
1441 2834 5847 6440 
1442 1704 3266 5730 
1443 3791 1558 4437 
1444 876 4385 4401 
1445 5745 2980 6420 
1446 6065 3607 10147 
1447 3648 1791 4389 
1448 2668 3590 8624 
1449 4096 1447 9118 
1450 1392 3586 7272 
1451 3276 2082 6132 
1452 4388 93 8168 
1453 2612 5739 5748 
1454 4623 2834 6440 
1455 5563 2582 8392 
1456 2479 7810 8734 
1457 3478 1291 7812 
1458 2455 3340 6810 
1459 1896 3507 4832 
1460 661 6086 6948 
1461 2761 6365 9262 
1462 993 3249 7892 
1463 3224 1275 6734 
1464 1100 2673 5414 
1465 3372 556 9802 
1466 825 3376 5668 
1467 2009 3338 4771 
1468 3216 649 5090 
1469 2441 5867 8851 
1470 901 3628 6848 
1471 3603 1675 5129 
1472 1340 3459 5778 
1473 1476 3606 4833 
1474 3493 1842 6312 
1475 5169 7481 10070 
1476 4409 137 8242 
1477 4966 9429 9573 
1478 3907 4760 8156 
1479 5786 2991 6915 
1480 5751 1801 8854 
1481 4039 1211 10288 
1482 7634 2556 7667 
1483 213 212 3802 
1484 450 451 4234 
1485 4162 1523 8836 
1486 668 3958 4341 
1487 3994 1065 9007 
1488 2479 5480 6405 
1489 4111 1744 4637 
1490 1712 3739 6910 
1491 4197 2291 7791 
1492 3872 1588 10420 
1493 3394 1862 10437 
1494 2314 3929 6417 
1495 4483 1737 7235 
1496 4782 5966 8473 
1497 136 4413 8242 
1498 1519 3851 10092 
1499 5505 3038 9075 
1500 3291 2096 5931 
1501 5972 2146 9887 
1502 729 3170 5843 
1503 1446 3296 6668 
1504 1760 3752 4487 
1505 1461 4001 8279 
1506 7810 3595 8734 
1507 1617 4349 4865 
1508 3468 1789 7151 
1509 803 3256 8137 
1510 1274 3534 5415 
1511 6293 714 10150 
1512 3602 4371 9960 
1513 1857 5078 6858 
1514 1850 6455 7938 
1515 193 5941 6970 
1516 6388 1420 9122 
1517 2272 3679 9560 
1518 4444 270 8172 
1519 1229 2982 6382 
1520 2008 3671 8797 
1521 6355 3095 8495 
1522 269 4454 8172 
1523 2417 4516 9850 
1524 1581 3701 4597 
1525 3161 4433 5337 
1526 1666 2988 5422 
1527 425 426 5774 
1528 2354 5711 7589 
1529 2296 3265 6938 
1530 80 3869 7614 
1531 3941 6999 9197 
1532 3879 564 4906 
1533 1860 3022 8170 
1534 1462 4130 6666 
1535 4265 6849 7649 
1536 3171 2063 9554 
1537 5566 1502 9807 
1538 3798 1628 4580 
1539 5376 1696 5693 
1540 3006 3897 8547 
1541 1040 3784 4781 
1542 1655 4417 6931 
1543 3572 2157 5621 
1544 3335 1656 7321 
1545 3970 1388 9989 
1546 3494 2042 5351 
1547 3901 1791 5168 
1548 5854 4552 9898 
1549 3588 2472 8512 
1550 1608 3818 4742 
1551 5816 2778 6340 
1552 7721 4274 7813 
1553 1255 3176 5714 
1554 2393 3497 7815 
1555 880 8608 8654 
1556 4277 1078 5685 
1557 2445 6294 7032 
1558 4453 276 8258 
1559 1186 3303 5470 
1560 4329 2066 5214 
1561 3265 2748 8067 
1562 4637 1744 4675 
1563 575 4562 10016 
1564 3713 1654 10588 
1565 3251 4966 9573 
1566 109 5561 8287 
1567 3426 434 7017 
1568 1518 3785 4204 
1569 2360 3526 5821 
1570 1797 3254 7079 
1571 6833 2844 9264 
1572 3682 4070 10636 
1573 1975 4008 5746 
1574 908 3566 6889 
1575 3263 2147 7523 
1576 2320 3502 6812 
1577 3472 1517 4226 
1578 1074 3491 5046 
1579 5263 2897 6067 
1580 3923 1603 4899 
1581 3692 890 4321 
1582 4528 2710 6774 
1583 7977 3503 9809 
1584 5357 1746 5658 
1585 3248 5334 8138 
1586 1957 3972 5631 
1587 669 4100 4196 
1588 812 3738 4643 
1589 3078 673 6546 
1590 1767 3294 6606 
1591 388 387 4598 
1592 5861 3090 7924 
1593 1232 3426 6385 
1594 6165 1033 10451 
1595 4539 3742 10398 
1596 250 249 4685 
1597 1478 3253 8830 
1598 1191 3462 6179 
1599 4407 347 8751 
1600 3414 1861 5682 
1601 3776 1753 3967 
1602 1661 4157 6959 
1603 3459 1340 7792 
1604 578 3603 5129 
1605 1407 5198 8696 
1606 4308 939 4542 
1607 3339 4138 6842 
1608 4901 1206 8240 
1609 1625 4265 7649 
1610 3479 865 7618 
1611 856 9575 9923 
1612 4995 2135 5504 
1613 390 389 4527 
1614 3900 2237 5982 
1615 1155 2812 5392 
1616 2812 1155 5387 
1617 571 3549 4269 
1618 1127 7416 7765 
1619 3812 983 5819 
1620 3985 958 6087 
1621 4295 764 4957 
1622 3314 1687 8425 
1623 3477 5231 10013 
1624 1005 3822 6138 
1625 3941 2304 6999 
1626 4753 432 7106 
1627 4166 1970 5314 
1628 3904 2039 5275 
1629 1984 3909 5137 
1630 632 3380 6346 
1631 5520 3072 7591 
1632 3010 3861 6652 
1633 3066 1231 5460 
1634 3596 1080 6820 
1635 3175 848 6309 
1636 1275 3224 6693 
1637 341 340 4563 
1638 2093 3230 4847 
1639 4013 851 5588 
1640 4172 1661 6959 
1641 3266 1704 9212 
1642 750 5728 6792 
1643 3970 1024 6574 
1644 5103 1736 5832 
1645 4940 1461 9904 
1646 4860 2889 5942 
1647 9903 3700 10391 
1648 5036 1795 10539 
1649 881 6169 6639 
1650 916 3522 8872 
1651 2110 6185 7357 
1652 2671 6983 6997 
1653 2343 4281 8034 
1654 6408 4195 7132 
1655 3544 1214 6248 
1656 4455 63 8545 
1657 2094 5503 6683 
1658 3464 720 6336 
1659 1487 4679 6139 
1660 4635 5368 8321 
1661 4703 3829 8295 
1662 2526 4322 5734 
1663 7116 3864 9362 
1664 4765 906 8134 
1665 7381 3204 8142 
1666 1651 3759 10072 
1667 2041 3359 9896 
1668 2321 3838 5350 
1669 554 3966 6147 
1670 4086 372 7847 
1671 3103 1642 6532 
1672 4141 1923 4511 
1673 6812 3502 7117 
1674 5179 1991 6075 
1675 6273 1265 8614 
1676 2080 4637 4675 
1677 2105 3213 6500 
1678 1740 3555 4961 
1679 4257 1128 8838 
1680 4279 4096 7381 
1681 2530 3712 8673 
1682 3878 1254 7881 
1683 4325 2590 7141 
1684 959 4217 4995 
1685 1402 5809 6874 
1686 2366 3889 4211 
1687 3022 1860 5430 
1688 5446 819 6988 
1689 431 432 4753 
1690 7099 3464 7379 
1691 5237 3075 7969 
1692 3690 1634 9324 
1693 2836 4544 6203 
1694 3638 2566 5515 
1695 1222 3593 7678 
1696 434 3426 8586 
1697 5515 2566 10765 
1698 283 282 4676 
1699 3143 794 4501 
1700 3086 1827 5277 
1701 1840 3487 5727 
1702 2977 1551 3976 
1703 6751 3207 8461 
1704 5705 1652 7022 
1705 352 351 3894 
1706 2166 4112 7273 
1707 1290 2622 7897 
1708 1669 4043 4111 
1709 1730 5311 8543 
1710 7558 4610 8869 
1711 6811 1560 9607 
1712 4098 2872 7415 
1713 4653 2009 4771 
1714 1706 3744 9677 
1715 3612 2093 7716 
1716 4505 2297 4842 
1717 3087 5960 7058 
1718 4815 1760 5082 
1719 3820 131 5065 
1720 2273 4704 4726 
1721 909 3592 4742 
1722 7053 3437 10352 
1723 4468 3237 8692 
1724 7255 2195 8173 
1725 4550 241 8388 
1726 3966 3134 6147 
1727 1054 5081 6704 
1728 884 4351 4592 
1729 1459 4686 7016 
1730 3192 2393 8343 
1731 926 4091 7625 
1732 705 3586 8143 
1733 1964 3962 5620 
1734 961 3454 4272 
1735 1993 4422 5862 
1736 1979 6179 9075 
1737 3482 705 5566 
1738 7929 5157 8951 
1739 3173 832 5646 
1740 1086 4372 6538 
1741 3633 1709 5340 
1742 2587 5600 7053 
1743 1448 3502 4257 
1744 1242 3982 4429 
1745 3356 1513 9345 
1746 1225 3414 5682 
1747 372 371 7847 
1748 3071 1221 5603 
1749 4202 3163 9118 
1750 234 4641 8063 
1751 4242 1559 5139 
1752 4216 2161 4463 
1753 4339 3238 6549 
1754 2582 5563 7709 
1755 240 4577 8388 
1756 2758 4922 7366 
1757 56 4474 8738 
1758 1843 3632 5418 
1759 4243 4691 7395 
1760 5191 3671 9460 
1761 1154 2798 6338 
1762 3176 4978 5714 
1763 2460 3563 8302 
1764 1156 2826 5434 
1765 3076 6435 7662 
1766 6354 5049 7640 
1767 6941 4560 7146 
1768 145 144 4670 
1769 5278 6218 10724 
1770 2798 1154 5539 
1771 2649 5508 6212 
1772 2937 2045 6237 
1773 143 142 4671 
1774 920 3698 5962 
1775 1557 9837 10003 
1776 3114 1818 6933 
1777 3503 7977 10501 
1778 2800 3977 8933 
1779 2354 4012 6535 
1780 1269 3793 9503 
1781 4005 827 4165 
1782 1542 3429 8097 
1783 880 3779 8608 
1784 1660 3318 7355 
1785 551 4528 6774 
1786 3221 5394 5785 
1787 292 291 4634 
1788 248 4559 8464 
1789 6344 3547 9814 
1790 4530 1857 6858 
1791 2623 3642 5275 
1792 4419 2019 5106 
1793 4888 2432 7329 
1794 1678 3778 6265 
1795 2477 3628 4429 
1796 880 3463 6494 
1797 3635 1844 5423 
1798 3285 1774 7783 
1799 5728 750 6198 
1800 3377 1001 7761 
1801 2996 1259 5436 
1802 3527 8272 8986 
1803 3352 828 5998 
1804 4978 1569 5714 
1805 4782 923 5966 
1806 52 4208 6448 
1807 773 7544 9331 
1808 2180 3224 6734 
1809 2351 4575 4928 
1810 2185 3628 5691 
1811 1971 3011 6130 
1812 3560 1840 6199 
1813 948 3516 6009 
1814 3556 1620 6052 
1815 5245 2762 5771 
1816 4557 1640 4772 
1817 2790 5234 6948 
1818 3222 5711 8532 
1819 3792 1288 6284 
1820 827 3693 4165 
1821 1662 3013 8452 
1822 2258 3646 6855 
1823 864 3746 6095 
1824 2997 3392 8688 
1825 6984 1305 7474 
1826 3189 822 4547 
1827 2118 3609 5808 
1828 1095 2873 6210 
1829 4053 2199 5143 
1830 833 2975 5557 
1831 1887 4120 4508 
1832 73 4497 8880 
1833 1270 3219 7928 
1834 1788 3213 5227 
1835 774 3182 5073 
1836 1656 5594 7321 
1837 6372 3827 7831 
1838 2759 5210 6529 
1839 7181 3142 9590 
1840 2348 3431 5567 
1841 952 3712 4529 
1842 1946 3422 10443 
1843 1445 4728 7323 
1844 2217 4195 6408 
1845 814 3591 5883 
1846 555 4312 5933 
1847 890 4539 10398 
1848 3434 844 6809 
1849 5243 7875 9044 
1850 850 3539 6490 
1851 3485 1455 4553 
1852 4034 2023 4231 
1853 1676 4056 4308 
1854 1966 4369 5092 
1855 3730 1426 7073 
1856 3697 1928 5630 
1857 667 4541 5431 
1858 5389 2137 6193 
1859 3628 901 5691 
1860 1390 4102 6598 
1861 4041 3003 7941 
1862 2794 4546 8626 
1863 2964 797 5602 
1864 2034 3736 5197 
1865 4091 2800 7625 
1866 6118 2160 9734 
1867 3178 6674 7942 
1868 2745 5126 6286 
1869 3020 3619 8890 
1870 3104 4063 7782 
1871 1198 3636 8912 
1872 4570 1975 5746 
1873 3249 1396 5982 
1874 4219 2137 5389 
1875 5069 1673 5194 
1876 1686 5309 9068 
1877 1301 3402 6186 
1878 1558 3791 4622 
1879 2598 6177 8818 
1880 3528 603 5764 
1881 3883 1765 4293 
1882 3037 1758 6445 
1883 3838 673 4784 
1884 457 458 5525 
1885 2001 3434 6809 
1886 3484 933 4678 
1887 4385 2187 7422 
1888 960 6381 6690 
1889 4883 3871 9585 
1890 3584 715 5148 
1891 2747 5305 5986 
1892 3637 1155 5392 
1893 1871 4768 4982 
1894 5089 1462 6666 
1895 5442 1878 6446 
1896 3225 1758 7657 
1897 4573 2154 5498 
1898 3152 2040 8254 
1899 867 3533 4145 
1900 3871 1609 9585 
1901 5158 1933 7160 
1902 1598 3787 8516 
1903 1590 3899 5501 
1904 3499 701 7153 
1905 5611 1807 7898 
1906 3329 1666 5478 
1907 3244 5321 6100 
1908 1700 3996 4542 
1909 6619 3020 7620 
1910 1074 3316 6699 
1911 7765 2894 9096 
1912 2263 3910 4950 
1913 1636 3532 4995 
1914 2553 6884 8691 
1915 378 3876 7743 
1916 6206 1003 6648 
1917 4628 2347 7776 
1918 3598 856 4940 
1919 2707 5447 9399 
1920 1850 3382 8686 
1921 4841 6243 7880 
1922 3742 4539 9137 
1923 3206 1345 5542 
1924 6137 2220 10014 
1925 4298 1653 8315 
1926 3292 1416 7107 
1927 4074 1788 4075 
1928 4088 7336 9133 
1929 3827 2764 7831 
1930 2847 4325 5834 
1931 1572 3573 9838 
1932 2179 5569 5601 
1933 4516 3699 9850 
1934 4257 3334 5792 
1935 3972 1958 5631 
1936 1013 3573 5297 
1937 2819 4016 6054 
1938 1571 7905 9655 
1939 4534 89 9114 
1940 339 338 4625 
1941 3815 1651 10072 
1942 5404 2410 6274 
1943 2673 1100 5395 
1944 3134 3966 10214 
1945 1565 3142 6339 
1946 3591 2093 6841 
1947 3672 1342 8133 
1948 5146 4600 9868 
1949 3726 5885 10426 
1950 2826 1156 5481 
1951 5837 668 7853 
1952 5723 2909 6498 
1953 6177 1098 8818 
1954 891 3188 5872 
1955 6680 2019 9949 
1956 2128 3811 5465 
1957 1676 4308 4542 
1958 1563 3363 4774 
1959 121 120 3885 
1960 3493 1306 4450 
1961 3757 461 8538 
1962 3620 6418 8731 
1963 4725 1267 7467 
1964 4655 3060 10656 
1965 1532 3832 6588 
1966 5929 3833 8094 
1967 2100 4521 5008 
1968 1078 4277 6118 
1969 4057 1610 4282 
1970 5281 2849 9382 
1971 1419 6159 6214 
1972 3510 4087 10301 
1973 4643 1409 6682 
1974 3995 1823 4316 
1975 3663 2838 5766 
1976 3460 7364 8573 
1977 1933 3458 5373 
1978 3566 908 9733 
1979 4012 1107 6535 
1980 1244 3021 5915 
1981 630 4717 9563 
1982 2300 3686 4837 
1983 1901 2930 9248 
1984 3706 1550 6878 
1985 2953 4448 6577 
1986 1512 4560 6941 
1987 4306 3131 7400 
1988 2071 5604 6776 
1989 5338 1842 5614 
1990 3771 1044 4571 
1991 4138 2507 6842 
1992 3938 6902 7200 
1993 927 6302 8352 
1994 3929 1423 5761 
1995 1766 5870 6559 
1996 4508 1554 9497 
1997 1482 4734 7368 
1998 4370 1402 6874 
1999 3336 2070 5020 
2000 5624 2764 6102 
2001 62 61 4638 
2002 3511 2437 4574 
2003 3633 712 5163 
2004 3418 562 6207 
2005 6111 4070 8099 
2006 612 3913 10772 
2007 4618 3890 6770 
2008 911 6004 10281 
2009 869 3646 5383 
2010 2468 3407 5399 
2011 1791 4125 4389 
2012 1183 5606 6112 
2013 5393 857 6030 
2014 1437 3692 8516 
2015 4525 2723 6297 
2016 3758 1287 9237 
2017 940 3648 5201 
2018 668 4341 7853 
2019 469 3953 9093 
2020 3241 1847 5610 
2021 2274 3980 4390 
2022 1170 5723 6498 
2023 4395 2223 8076 
2024 1674 3463 10320 
2025 315 314 4581 
2026 4216 550 5172 
2027 7504 2771 9641 
2028 2970 1179 5747 
2029 1352 4955 9100 
2030 2430 3586 7429 
2031 3359 2041 7441 
2032 4173 1499 9073 
2033 1243 4552 5854 
2034 2451 3700 7348 
2035 1866 3294 9557 
2036 729 4846 6947 
2037 2422 4109 6417 
2038 3996 1676 4542 
2039 3525 8911 9683 
2040 1586 3856 6402 
2041 774 4024 6599 
2042 5167 1729 5448 
2043 1654 3826 4857 
2044 3962 1965 5620 
2045 1633 4603 8067 
2046 1024 3970 6082 
2047 3690 5573 6888 
2048 105 104 4718 
2049 4031 1177 4793 
2050 107 106 4720 
2051 3110 6002 7833 
2052 3153 4267 9774 
2053 4887 2524 8044 
2054 386 385 4690 
2055 1226 3479 6005 
2056 1404 9208 9647 
2057 1933 5938 7819 
2058 4491 2772 6191 
2059 4113 936 7985 
2060 1122 3439 5457 
2061 4061 2407 5558 
2062 2494 4832 6718 
2063 3606 2166 4833 
2064 1245 3653 6562 
2065 450 4234 6944 
2066 4218 1341 7852 
2067 2977 3976 9485 
2068 179 178 3915 
2069 543 3722 4677 
2070 1892 3543 5247 
2071 5045 2512 6337 
2072 257 256 8040 
2073 1848 3415 9547 
2074 6179 3462 9075 
2075 1179 2970 5509 
2076 4556 841 9248 
2077 4537 296 9030 
2078 957 5332 6349 
2079 4522 2929 5860 
2080 5249 3355 9214 
2081 4665 3398 9469 
2082 2761 4179 6365 
2083 5301 1079 6961 
2084 620 3543 6161 
2085 158 6441 7242 
2086 2662 6867 6872 
2087 697 5087 7506 
2088 5485 2537 6038 
2089 2685 4038 6695 
2090 6009 3516 9727 
2091 2279 3593 4851 
2092 2660 4085 6896 
2093 4301 2950 7055 
2094 3481 710 8114 
2095 2878 3439 8153 
2096 4074 1623 5028 
2097 3161 5337 10159 
2098 11 4115 7951 
2099 3392 2997 7297 
2100 1991 4383 6075 
2101 3892 976 4637 
2102 5415 4659 8118 
2103 3592 2467 4742 
2104 3684 1052 4771 
2105 4903 2046 10363 
2106 3153 6224 7681 
2107 4563 340 10073 
2108 1466 3803 4854 
2109 1600 3107 6435 
2110 6755 4055 7595 
2111 1767 4896 7455 
2112 4552 2989 5725 
2113 1629 3716 8887 
2114 843 3026 8568 
2115 3949 2734 6180 
2116 1389 3368 4410 
2117 622 3608 6218 
2118 114 113 3923 
2119 3320 1825 4859 
2120 627 3311 8447 
2121 5968 3081 9545 
2122 2690 5675 6496 
2123 2472 3588 4836 
2124 3539 1489 6490 
2125 6497 2861 8891 
2126 956 3788 7061 
2127 3462 5505 9075 
2128 805 4649 8335 
2129 1893 5185 5884 
2130 4787 1523 8634 
2131 3724 1978 5354 
2132 882 7629 8574 
2133 1467 7850 9677 
2134 4321 890 10133 
2135 2316 3453 7823 
2136 4044 2253 4644 
2137 557 6696 7072 
2138 2820 5301 6961 
2139 3379 2113 6308 
2140 5841 2207 8705 
2141 6285 602 7774 
2142 4205 1952 5425 
2143 4445 1547 8250 
2144 3694 1639 9073 
2145 1800 4030 4084 
2146 3649 1733 9902 
2147 676 5405 6140 
2148 1821 6356 8775 
2149 4371 1525 9960 
2150 5960 1280 7058 
2151 607 2910 6148 
2152 1766 3865 3883 
2153 1758 3037 7351 
2154 7274 1637 8072 
2155 3535 1407 7289 
2156 3517 1541 5558 
2157 5894 2000 7375 
2158 4180 257 8040 
2159 1786 5918 7681 
2160 2401 3864 7116 
2161 485 486 4046 
2162 2283 5141 5462 
2163 705 3482 7429 
2164 4890 1668 7117 
2165 2257 3547 6344 
2166 4587 1951 6566 
2167 330 329 3920 
2168 645 4120 4727 
2169 1916 3581 6533 
2170 4244 7422 9151 
2171 3666 1580 5775 
2172 3746 864 10708 
2173 2567 4164 4938 
2174 6435 3107 6766 
2175 1723 3483 4928 
2176 5311 3317 8543 
2177 2268 3596 6820 
2178 4598 387 9812 
2179 3024 834 5623 
2180 1167 2912 5692 
2181 6294 1213 7032 
2182 367 366 3922 
2183 4747 680 6625 
2184 2060 3336 8237 
2185 4315 1468 6771 
2186 6030 3284 9761 
2187 1219 3050 5727 
2188 4110 5036 10539 
2189 3259 7041 9581 
2190 4037 1409 8736 
2191 4965 1946 10443 
2192 3943 888 6461 
2193 1818 3114 5371 
2194 6617 4002 7766 
2195 5230 2195 6696 
2196 4052 2228 5111 
2197 970 3284 6031 
2198 311 310 3932 
2199 171 170 4947 
2200 3607 6065 9745 
2201 3714 1203 5932 
2202 2787 561 7731 
2203 1984 4611 4616 
2204 2799 4123 6136 
2205 169 168 4700 
2206 7348 581 8705 
2207 3220 4262 7820 
2208 1587 3683 5282 
2209 6659 380 7743 
2210 983 4560 5819 
2211 3213 2105 5533 
2212 1235 3513 6582 
2213 2093 3591 6155 
2214 2882 4105 8091 
2215 1564 4778 5919 
2216 1565 7583 10338 
2217 5120 1847 10229 
2218 2334 5239 5779 
2219 321 320 3933 
2220 7447 2694 8013 
2221 2003 6484 8222 
2222 4649 805 7697 
2223 3830 1119 7107 
2224 2725 3878 7881 
2225 2736 7815 7870 
2226 2124 3572 4821 
2227 3572 2124 9481 
2228 1888 4907 5348 
2229 1240 3154 5831 
2230 569 4394 9306 
2231 3575 1712 6687 
2232 3221 1342 6217 
2233 1641 5071 7547 
2234 4202 2888 8225 
2235 2420 3593 6971 
2236 167 166 4702 
2237 1349 3444 8922 
2238 4147 2568 5706 
2239 4391 1850 7938 
2240 2838 3663 7937 
2241 3902 1706 9677 
2242 3425 1885 6736 
2243 3302 796 5477 
2244 7700 3714 9583 
2245 394 393 3939 
2246 3854 3870 7087 
2247 6329 3488 8291 
2248 3883 3865 10694 
2249 6532 1642 7125 
2250 4673 2671 6997 
2251 1489 3397 5041 
2252 4916 3034 8043 
2253 1698 4301 5068 
2254 4783 3211 9687 
2255 1236 6713 7314 
2256 5034 1977 7505 
2257 8079 3252 8510 
2258 6123 2982 6374 
2259 2626 5172 6043 
2260 1118 3490 6241 
2261 3668 22 5366 
2262 3992 676 5947 
2263 5181 4413 9314 
2264 5232 1047 9888 
2265 3375 7557 10434 
2266 6527 396 7293 
2267 1878 5442 5952 
2268 3081 1553 9545 
2269 4759 905 8198 
2270 1134 3792 8340 
2271 1832 3507 9710 
2272 1156 3703 5481 
2273 931 6544 6698 
2274 3068 853 6176 
2275 3606 604 6899 
2276 37 36 3944 
2277 5485 998 6250 
2278 51 50 5274 
2279 304 303 4737 
2280 1576 3525 4009 
2281 5918 3153 7681 
2282 1550 3706 6706 
2283 2912 1167 5722 
2284 96 95 3950 
2285 3185 5446 6988 
2286 92 4488 8168 
2287 6422 82 7614 
2288 2917 8375 8733 
2289 86 85 3951 
2290 3056 2146 5661 
2291 1741 3862 8623 
2292 2197 3506 8022 
2293 1814 3168 5178 
2294 3490 1544 6241 
2295 3911 4902 8996 
2296 5305 1301 5986 
2297 7952 6145 10606 
2298 3833 1590 8094 
2299 3008 4281 9279 
2300 3298 2234 8144 
2301 3677 1674 4956 
2302 4103 628 5170 
2303 5449 1899 9532 
2304 5472 611 6606 
2305 1888 4651 4715 
2306 2602 5249 9214 
2307 1451 3429 4664 
2308 617 4416 6705 
2309 1667 3089 5301 
2310 12 11 7951 
2311 1992 6870 7521 
2312 3580 891 5872 
2313 3818 1608 4892 
2314 4670 144 10237 
2315 3960 6762 9094 
2316 3289 1919 9249 
2317 2852 3840 8717 
2318 3341 2116 9125 
2319 1127 3891 7416 
2320 279 278 3964 
2321 4112 2166 6753 
2322 143 4671 10237 
2323 1974 3821 4935 
2324 3500 1628 5740 
2325 2410 5404 7478 
2326 1181 3588 8512 
2327 273 272 3968 
2328 738 3754 5502 
2329 3228 1841 6613 
2330 4676 282 9978 
2331 1868 3094 5789 
2332 1259 3042 6072 
2333 2322 4005 4165 
2334 465 6619 7620 
2335 4010 1120 6175 
2336 165 164 3965 
2337 4153 1792 5498 
2338 9000 995 9975 
2339 961 3741 9315 
2340 3751 189 5291 
2341 4305 2438 6750 
2342 8663 5634 9853 
2343 3880 1412 6411 
2344 4585 3145 8555 
2345 1648 3285 8183 
2346 71 70 3961 
2347 5885 3726 7774 
2348 6198 1576 7029 
2349 832 3173 5456 
2350 10198 3140 10624 
2351 688 3677 4956 
2352 527 528 4289 
2353 2136 4793 9820 
2354 1852 3844 5562 
2355 6411 1412 6593 
2356 6509 2231 7477 
2357 2265 7181 9590 
2358 2201 3293 6383 
2359 4927 1689 5439 
2360 4741 2908 6100 
2361 4369 1705 5092 
2362 1754 3398 7507 
2363 2065 5477 8824 
2364 796 3435 9465 
2365 384 383 3962 
2366 3114 4640 6526 
2367 3457 1505 7805 
2368 1282 3811 7335 
2369 4170 1659 4421 
2370 6573 3606 7970 
2371 558 3310 5670 
2372 3499 1345 8248 
2373 2089 4222 5054 
2374 4166 5314 9422 
2375 4606 1446 5010 
2376 1776 3771 4571 
2377 1308 3033 7265 
2378 4401 4385 10000 
2379 2921 1244 5989 
2380 2089 3330 6780 
2381 4002 595 9365 
2382 6360 2902 8554 
2383 3362 1493 7088 
2384 6224 1341 7681 
2385 4056 1733 4308 
2386 3623 1599 8202 
2387 3778 1678 5193 
2388 1369 4262 10671 
2389 536 3795 5098 
2390 3769 2005 5648 
2391 3577 2610 4418 
2392 1366 6065 10147 
2393 3971 1404 9647 
2394 3699 977 7453 
2395 8458 3599 9878 
2396 5292 1679 8957 
2397 3612 541 4457 
2398 1960 3760 6427 
2399 1348 3276 7643 
2400 3826 3713 10235 
2401 3645 1885 7126 
2402 4996 730 6635 
2403 2887 6145 7952 
2404 1174 4591 4627 
2405 5759 1060 8227 
2406 60 59 3972 
2407 3525 9683 9696 
2408 1766 3883 4293 
2409 2078 4434 7061 
2410 4215 581 7348 
2411 3583 1834 4992 
2412 4144 783 5676 
2413 3811 2128 5800 
2414 3999 5914 7004 
2415 1144 3560 6199 
2416 1986 4682 5487 
2417 2522 7024 7258 
2418 5711 1725 8532 
2419 3331 921 4855 
2420 1775 3329 5742 
2421 736 3901 5168 
2422 1596 4424 4838 
2423 2345 5396 5406 
2424 1479 5549 7757 
2425 2825 5221 6199 
2426 564 3613 4906 
2427 768 4259 5624 
2428 1670 3939 6887 
2429 4333 8048 10519 
2430 3624 1650 5866 
2431 3437 7053 10380 
2432 1562 3732 4380 
2433 3490 2973 8411 
2434 3426 1913 6385 
2435 936 6032 7985 
2436 2024 3208 6020 
2437 644 3466 8774 
2438 1951 5777 6566 
2439 4604 1357 7015 
2440 3410 1818 8894 
2441 4856 3397 8132 
2442 1791 3648 4533 
2443 3626 1745 5971 
2444 7833 6002 9010 
2445 4398 1983 4748 
2446 5307 2876 6648 
2447 1647 3371 6450 
2448 4980 982 5174 
2449 2707 4376 6046 
2450 4333 1618 8048 
2451 3490 1118 8698 
2452 3981 1880 6641 
2453 2721 7347 8449 
2454 238 237 4022 
2455 3563 2460 9486 
2456 3607 1032 6995 
2457 17 16 3991 
2458 1435 4016 9459 
2459 2096 3291 5329 
2460 4140 1557 10003 
2461 4027 561 6966 
2462 2242 3444 5826 
2463 2412 5430 6279 
2464 2525 5376 5693 
2465 2051 4415 4786 
2466 7457 6190 10602 
2467 1619 3879 7686 
2468 1946 3799 4622 
2469 1979 3273 5617 
2470 861 5237 7969 
2471 1714 4545 8347 
2472 981 3980 4994 
2473 1650 3624 4871 
2474 686 6123 6374 
2475 3717 2555 5230 
2476 4121 2141 6166 
2477 919 4088 8655 
2478 4295 4957 9243 
2479 3773 1884 8956 
2480 4763 580 6724 
2481 2693 4663 8008 
2482 3414 793 6436 
2483 252 251 4008 
2484 479 3638 8402 
2485 1704 3596 4711 
2486 1551 7172 8072 
2487 1733 4056 9902 
2488 3453 2094 8920 
2489 3555 666 4961 
2490 4686 2807 7016 
2491 6010 2808 9461 
2492 2141 5236 6166 
2493 4088 919 7336 
2494 886 7700 9583 
2495 3531 815 4473 
2496 4187 1418 6862 
2497 1489 6681 9886 
2498 4083 954 5639 
2499 838 4970 6107 
2500 1859 5095 9578 
2501 3698 2072 7200 
2502 6404 5117 7709 
2503 1963 4285 5310 
2504 1300 3524 8274 
2505 3601 1714 6156 
2506 4939 2469 7602 
2507 3472 1046 6323 
2508 1718 3863 4000 
2509 5230 2555 6739 
2510 3328 703 10130 
2511 1447 4202 9118 
2512 3683 5072 7798 
2513 1270 3190 6558 
2514 650 3367 6256 
2515 4521 690 5008 
2516 1115 4620 5313 
2517 1810 7486 8861 
2518 3773 825 8940 
2519 3230 2093 6155 
2520 4372 2703 6538 
2521 3937 1800 7269 
2522 4317 5118 8290 
2523 179 3915 5259 
2524 863 3373 4931 
2525 4711 2502 5586 
2526 4768 2165 4982 
2527 877 5075 7989 
2528 908 4573 5498 
2529 3338 2009 5731 
2530 3266 2223 6824 
2531 2414 3259 9736 
2532 961 4773 5050 
2533 3033 1308 5712 
2534 556 4707 9802 
2535 3411 1373 5839 
2536 4565 3140 7343 
2537 339 4625 10073 
2538 3908 1100 5414 
2539 3519 5292 8957 
2540 1345 3499 5023 
2541 5270 8774 9263 
2542 3861 3010 9700 
2543 3938 2054 6902 
2544 2484 4986 5975 
2545 939 4190 4542 
2546 1634 3807 9324 
2547 3666 2516 6017 
2548 3684 1355 5391 
2549 3278 1687 7167 
2550 1832 4224 5043 
2551 1870 3745 5492 
2552 6190 7397 10579 
2553 8761 3695 10247 
2554 2010 5889 6315 
2555 524 525 5009 
2556 3663 1696 5062 
2557 3725 4321 10133 
2558 1754 3974 8823 
2559 5535 1321 6701 
2560 3744 1706 5585 
2561 1939 3007 6068 
2562 5032 9076 9243 
2563 468 469 9093 
2564 962 6680 9949 
2565 1732 4723 5679 
2566 2255 3999 7004 
2567 3408 706 5849 
2568 81 80 7614 
2569 4234 2193 5420 
2570 3038 5505 8785 
2571 4009 3525 9696 
2572 2286 3355 5249 
2573 1387 4300 6106 
2574 1467 4094 7850 
2575 4056 1676 4693 
2576 7290 503 8020 
2577 4656 1654 4857 
2578 3638 1669 8402 
2579 3571 7531 9504 
2580 3236 1250 6084 
2581 1474 2978 5281 
2582 2032 4186 4499 
2583 3732 1504 4380 
2584 1287 3002 7173 
2585 1238 4849 5186 
2586 4654 536 9592 
2587 1769 3772 8556 
2588 3162 921 6471 
2589 2209 3846 6483 
2590 5353 1784 7643 
2591 1787 5861 7924 
2592 8374 1859 9578 
2593 2142 3783 7096 
2594 5847 1994 6440 
2595 2774 4001 10135 
2596 1596 3700 9903 
2597 3237 7027 8692 
2598 3107 2012 6766 
2599 4417 2637 8333 
2600 609 4856 8132 
2601 1057 3452 6298 
2602 2144 3801 5328 
2603 4214 1583 6455 
2604 1032 3607 5672 
2605 4340 746 9107 
2606 3691 1349 4258 
2607 825 3773 8342 
2608 3525 750 8911 
2609 3731 5449 9532 
2610 4088 7427 8655 
2611 4188 4338 10504 
2612 1898 3767 10435 
2613 3848 6118 9734 
2614 1840 3560 7095 
2615 4190 3681 10784 
2616 3636 1198 7205 
2617 3817 924 5334 
2618 1461 4940 8235 
2619 810 4281 5659 
2620 2177 4600 5146 
2621 4321 1598 8516 
2622 2265 5096 7181 
2623 1024 5196 6574 
2624 3808 931 6698 
2625 3591 1922 5883 
2626 1741 8623 9087 
2627 2503 4221 5970 
2628 115 114 4899 
2629 4623 1918 5969 
2630 656 4460 7170 
2631 662 3493 6312 
2632 1345 3206 8248 
2633 3809 2045 7906 
2634 5988 4081 7830 
2635 1790 3802 5810 
2636 4110 2644 8281 
2637 1355 3684 8528 
2638 1663 4659 5415 
2639 1553 3081 6140 
2640 627 3979 6438 
2641 1654 4200 10588 
2642 607 3465 5733 
2643 596 5719 8987 
2644 604 3257 9371 
2645 211 210 3955 
2646 4546 3473 8626 
2647 626 6012 6417 
2648 1488 3855 4915 
2649 4048 10198 10624 
2650 828 3352 5716 
2651 3685 2686 8657 
2652 2888 4202 9211 
2653 2493 3459 7792 
2654 2139 4842 7003 
2655 792 3844 5268 
2656 5233 1388 6574 
2657 1503 3404 7177 
2658 2045 3611 7906 
2659 3207 6751 9400 
2660 2979 1258 5784 
2661 3482 5566 9807 
2662 4434 2078 10745 
2663 5084 2110 7357 
2664 3628 2477 6848 
2665 3617 1606 5159 
2666 1562 3709 6754 
2667 793 3414 4895 
2668 1363 7269 9599 
2669 2068 3641 7462 
2670 4470 3206 5542 
2671 308 6563 7287 
2672 3310 1522 5670 
2673 3653 803 8137 
2674 2932 6437 7666 
2675 4651 2022 4715 
2676 3155 709 6514 
2677 4922 1084 7366 
2678 4177 1971 5801 
2679 1806 3602 4394 
2680 2946 1263 6726 
2681 2811 5688 6227 
2682 677 3565 5812 
2683 553 6655 9680 
2684 5143 2348 5567 
2685 1862 3394 8860 
2686 4603 3265 8067 
2687 2214 3854 6492 
2688 1041 3617 5159 
2689 4816 1632 5541 
2690 6099 1372 8108 
2691 3347 1521 5493 
2692 1884 3931 8956 
2693 3090 1200 8027 
2694 855 3270 6236 
2695 3752 1760 4719 
2696 525 526 5592 
2697 5480 2189 6405 
2698 950 3264 6311 
2699 1709 3633 5163 
2700 1864 3093 5405 
2701 3491 1074 6699 
2702 5595 2649 6212 
2703 4155 1376 7689 
2704 1263 2946 5961 
2705 1666 5422 5478 
2706 891 3580 6965 
2707 4206 1985 5663 
2708 6985 2925 8322 
2709 1460 4521 6035 
2710 682 6344 9814 
2711 3485 1871 6916 
2712 10337 4328 10508 
2713 540 5856 10191 
2714 4463 2161 6663 
2715 2895 6446 6876 
2716 1217 6833 9264 
2717 3358 1951 9348 
2718 1841 3228 6088 
2719 1061 7724 8050 
2720 4567 2147 4998 
2721 8092 3055 8296 
2722 3188 1913 5872 
2723 554 5430 5753 
2724 2488 4947 5958 
2725 3067 1313 6628 
2726 3294 1866 5472 
2727 3523 1739 5901 
2728 2950 4301 9569 
2729 915 4588 5808 
2730 614 5165 9297 
2731 1483 3474 5177 
2732 5029 1121 6790 
2733 4140 921 8730 
2734 1443 4364 6992 
2735 3714 2351 6203 
2736 3849 691 4786 
2737 6233 1118 6241 
2738 1996 3432 5608 
2739 3843 1430 9984 
2740 1513 3356 5859 
2741 711 3835 6762 
2742 328 327 4764 
2743 3833 546 5180 
2744 4101 2576 7370 
2745 1710 2863 5910 
2746 890 3692 4539 
2747 852 3512 5594 
2748 365 364 4745 
2749 3276 5353 7643 
2750 1668 4023 6210 
2751 6994 1988 7536 
2752 3728 1399 9425 
2753 6861 3932 9028 
2754 6159 2698 6214 
2755 3867 1584 5203 
2756 1042 3568 6447 
2757 2883 4653 6085 
2758 3577 1010 7577 
2759 3154 1240 8463 
2760 863 4294 9866 
2761 2168 4319 7128 
2762 1543 3409 9966 
2763 1399 3734 9425 
2764 4396 1963 4773 
2765 5095 1859 6425 
2766 4602 1656 4977 
2767 2004 3965 5823 
2768 2054 3938 4987 
2769 3700 2451 7002 
2770 902 3643 5141 
2771 3188 4628 7776 
2772 2117 3727 7078 
2773 1407 3535 10674 
2774 3449 2027 9617 
2775 3363 1563 10169 
2776 825 3946 8940 
2777 3551 6463 9326 
2778 1393 4343 10783 
2779 3879 1619 4652 
2780 3850 614 6784 
2781 5791 3457 7805 
2782 2012 5816 6340 
2783 1716 3110 7833 
2784 995 4383 9975 
2785 1077 4332 6296 
2786 3523 1050 10272 
2787 6341 3212 9492 
2788 1823 3995 6965 
2789 1258 2979 6432 
2790 292 4634 8984 
2791 1685 4045 6158 
2792 3257 604 8282 
2793 5409 6622 8944 
2794 898 4703 8295 
2795 1888 4715 4907 
2796 620 3672 6817 
2797 3813 1130 6353 
2798 1913 3188 6385 
2799 3658 620 6817 
2800 4175 2618 7515 
2801 3434 2001 7217 
2802 1848 4318 5225 
2803 1374 4716 7672 
2804 4342 1251 7282 
2805 5354 1978 5391 
2806 531 3458 7819 
2807 3405 4876 5992 
2808 3227 588 6763 
2809 5367 1874 5720 
2810 874 3764 7103 
2811 3609 1720 6116 
2812 1095 4023 6712 
2813 1709 3681 5815 
2814 1305 3783 7474 
2815 1660 3515 7077 
2816 5060 1534 7950 
2817 3508 2256 7314 
2818 3209 5592 7182 
2819 7583 1565 9184 
2820 3627 1554 6393 
2821 3282 550 6649 
2822 3493 662 5231 
2823 3323 1820 5322 
2824 380 379 7743 
2825 2986 5723 6847 
2826 3882 1796 8311 
2827 2584 5565 6764 
2828 891 3815 4628 
2829 536 8942 9592 
2830 2626 4656 9061 
2831 5422 3026 5478 
2832 367 3922 5283 
2833 7736 911 10281 
2834 2082 3276 7292 
2835 3870 2231 6509 
2836 3474 1483 6329 
2837 4149 1695 9307 
2838 4669 2509 5046 
2839 1767 3370 4896 
2840 39 38 4796 
2841 1637 4284 8072 
2842 1639 4173 9073 
2843 3744 924 5443 
2844 1528 3629 6528 
2845 1588 3873 10420 
2846 2393 3192 8309 
2847 693 3554 6466 
2848 4182 1898 10435 
2849 6619 1731 7997 
2850 98 97 4804 
2851 6285 7774 10068 
2852 630 3240 5611 
2853 5405 2921 5989 
2854 3914 612 10772 
2855 4338 1199 8234 
2856 4919 2624 7827 
2857 3700 1596 7348 
2858 723 4052 5111 
2859 3462 1992 5505 
2860 4406 3527 8986 
2861 7547 5071 10776 
2862 88 87 4808 
2863 4800 1464 8353 
2864 4668 2947 6511 
2865 304 4737 10678 
2866 543 3384 10594 
2867 746 4673 6997 
2868 1376 4155 7238 
2869 3336 2060 7354 
2870 1334 3660 9955 
2871 275 274 4794 
2872 3650 1778 9645 
2873 1040 4781 6350 
2874 7561 4916 8742 
2875 3721 4102 10157 
2876 2104 3452 7336 
2877 4065 879 4647 
2878 3842 1277 6313 
2879 3576 1996 6309 
2880 1080 3596 10185 
2881 6191 1779 7243 
2882 1540 7043 8895 
2883 776 5857 9909 
2884 4685 249 8464 
2885 1876 3156 5528 
2886 2465 5158 7160 
2887 386 4690 9812 
2888 4760 904 8156 
2889 1216 6212 9931 
2890 2573 2015 6317 
2891 1454 3838 8678 
2892 674 3736 4768 
2893 281 280 4872 
2894 962 3835 8918 
2895 8161 4048 10624 
2896 5428 3258 9188 
2897 2196 4631 4862 
2898 1838 4968 5488 
2899 4036 1515 4843 
2900 4451 838 6107 
2901 3637 947 4767 
2902 2844 4643 6682 
2903 1430 9233 9984 
2904 698 5195 6819 
2905 1458 3419 5284 
2906 173 3644 5419 
2907 1493 3362 5556 
2908 3022 4197 7791 
2909 2079 3566 5114 
2910 3417 6206 6648 
2911 3097 816 6585 
2912 2058 3513 5976 
2913 2633 4733 10160 
2914 5234 2790 7807 
2915 344 343 6059 
2916 6089 2008 8797 
2917 1773 5151 8189 
2918 1468 3633 5340 
2919 1584 3867 7529 
2920 5320 2775 7073 
2921 5793 2596 6612 
2922 2113 5255 6308 
2923 4431 3289 9249 
2924 1818 3410 6933 
2925 1654 4656 6043 
2926 1293 3817 7998 
2927 2793 5643 6579 
2928 1409 4037 7723 
2929 6508 3063 6567 
2930 1873 3879 4652 
2931 4185 3309 10297 
2932 5441 1249 7191 
2933 3679 2126 5697 
2934 69 68 4850 
2935 6191 2772 10042 
2936 5042 1575 10559 
2937 957 3585 4712 
2938 3137 1291 5971 
2939 6123 4035 7787 
2940 171 4947 6472 
2941 5303 771 5507 
2942 883 3678 4791 
2943 3981 2546 6261 
2944 3861 2162 8773 
2945 848 3576 6309 
2946 4087 1649 10301 
2947 4028 2162 5948 
2948 1714 3601 5992 
2949 3376 825 8342 
2950 2704 4337 8366 
2951 4452 1810 4932 
2952 3887 1925 4926 
2953 1722 4398 4748 
2954 3936 701 5462 
2955 5357 5658 9266 
2956 686 4035 6123 
2957 2463 3476 6033 
2958 5946 822 6163 
2959 4611 1803 4616 
2960 2365 5873 6768 
2961 865 3715 5120 
2962 3822 2262 6138 
2963 3698 2148 5962 
2964 1203 3023 5932 
2965 3593 2279 9731 
2966 4947 2002 5958 
2967 3944 36 5312 
2968 1613 5605 6016 
2969 58 57 4789 
2970 2076 3608 5280 
2971 3415 5372 9547 
2972 6595 3331 8157 
2973 4194 1734 4551 
2974 6156 1714 8347 
2975 5051 953 5949 
2976 1125 5846 7076 
2977 3539 850 8244 
2978 2213 6106 7188 
2979 1783 4605 7682 
2980 2258 3010 6652 
2981 3947 1287 7225 
2982 5075 3322 7989 
2983 4859 1268 7407 
2984 5535 2161 7738 
2985 3716 1629 5542 
2986 4212 2376 4345 
2987 3294 1767 6146 
2988 5078 873 6308 
2989 390 4527 7899 
2990 3951 85 5316 
2991 2654 4816 5541 
2992 6471 921 7018 
2993 3002 1287 8065 
2994 3703 1156 6818 
2995 3646 2258 5040 
2996 2738 5133 7649 
2997 5031 1432 7677 
2998 638 5069 5694 
2999 4637 2080 9942 
3000 3444 2999 8922 
3001 4081 1841 10008 
3002 830 3356 6254 
3003 4094 1694 9307 
3004 3517 1063 5996 
3005 2380 3850 6784 
3006 2014 3936 5462 
3007 3795 1665 5098 
3008 5315 1315 10214 
3009 2026 3565 6134 
3010 82 81 7614 
3011 1903 4452 4932 
3012 1978 3724 6476 
3013 2247 3541 7400 
3014 3277 776 8506 
3015 1813 3717 5891 
3016 1191 3592 5994 
3017 4175 5546 8493 
3018 6983 1966 6997 
3019 1585 4855 10003 
3020 719 3663 5766 
3021 1065 7144 9007 
3022 1520 4165 10638 
3023 2517 4236 4333 
3024 3718 1851 5104 
3025 3429 1451 8097 
3026 1077 6296 9393 
3027 3268 5169 10070 
3028 3355 2286 7059 
3029 3497 2393 5907 
3030 997 3169 7081 
3031 3982 1815 4429 
3032 2857 6984 7474 
3033 4053 751 7499 
3034 3728 7182 7597 
3035 927 3960 6302 
3036 2097 4188 6240 
3037 7894 3417 8104 
3038 1900 3948 6066 
3039 2563 4187 6862 
3040 1944 3806 5820 
3041 4059 2484 7629 
3042 4750 969 5683 
3043 3565 677 8845 
3044 658 5188 8316 
3045 5415 2865 9302 
3046 5871 3074 7608 
3047 5549 1479 9660 
3048 1849 3905 10359 
3049 3105 1295 5213 
3050 1053 4441 5184 
3051 1039 5035 6379 
3052 1720 4169 5768 
3053 1311 6508 9620 
3054 4417 1655 8081 
3055 3950 6906 9150 
3056 732 4574 6181 
3057 3259 2414 7237 
3058 3374 2132 4887 
3059 4200 550 8712 
3060 3766 2496 5041 
3061 4189 2416 5523 
3062 4364 2700 6992 
3063 3977 1449 8933 
3064 3023 1203 6368 
3065 455 456 4276 
3066 3484 4678 10716 
3067 1549 3382 5110 
3068 3976 5461 9485 
3069 3787 1598 8142 
3070 3443 1485 5336 
3071 3325 727 7691 
3072 3190 1270 6320 
3073 2432 4888 9597 
3074 3147 1298 5795 
3075 6028 754 9896 
3076 4781 2374 6350 
3077 1322 4101 7370 
3078 633 3601 8765 
3079 3851 585 5531 
3080 3156 1876 5754 
3081 3762 857 7424 
3082 3184 6298 6505 
3083 1202 3532 7201 
3084 5604 2327 6776 
3085 1856 4313 9454 
3086 1052 4653 4771 
3087 6352 2065 8824 
3088 3333 4171 10401 
3089 4312 2361 5933 
3090 3591 814 6155 
3091 1505 3457 9168 
3092 5326 2180 6734 
3093 2040 3152 7530 
3094 4665 1555 7623 
3095 372 4086 6110 
3096 3402 1301 10253 
3097 193 192 5941 
3098 4170 938 4472 
3099 3581 1916 6023 
3100 4064 586 4706 
3101 4643 3738 8736 
3102 2955 6541 6820 
3103 3852 769 9903 
3104 4513 6380 8594 
3105 5739 2059 5748 
3106 3965 2005 5823 
3107 1145 5204 6330 
3108 3566 2079 6889 
3109 844 3434 6451 
3110 1824 3959 4004 
3111 787 4365 5343 
3112 3127 4449 8127 
3113 5003 1104 7440 
3114 1913 3426 7017 
3115 2787 4434 6523 
3116 3720 126 5411 
3117 973 3178 5134 
3118 2149 3842 6313 
3119 4645 5642 7579 
3120 3385 1805 9316 
3121 1620 3556 8835 
3122 4131 1527 4386 
3123 2418 3869 5709 
3124 1880 4221 6641 
3125 1055 4557 6481 
3126 5263 691 6355 
3127 4131 6655 8268 
3128 3472 4226 7483 
3129 4734 2956 7368 
3130 1652 4141 4511 
3131 2691 5029 6790 
3132 1441 8133 8680 
3133 952 4202 8225 
3134 1119 6092 7107 
3135 7309 3124 7947 
3136 5035 2666 6379 
3137 3614 529 5938 
3138 546 3833 5929 
3139 3634 1417 6721 
3140 2205 5758 5929 
3141 6810 3340 10383 
3142 3891 4523 9041 
3143 4244 722 7422 
3144 458 459 6875 
3145 3603 578 6816 
3146 1671 4216 4463 
3147 1540 4146 7043 
3148 3563 1880 10456 
3149 2501 3876 5574 
3150 552 3535 5006 
3151 3453 1568 7823 
3152 6755 2198 8596 
3153 2589 5093 7190 
3154 516 3330 7112 
3155 5270 644 8774 
3156 3679 667 5431 
3157 5248 7130 8414 
3158 6118 2959 6633 
3159 2092 7969 8788 
3160 3626 874 6986 
3161 795 4325 7141 
3162 3347 1339 6800 
3163 3374 4887 8044 
3164 535 4097 8937 
3165 1438 3552 7491 
3166 117 116 5979 
3167 858 4567 7788 
3168 4053 1538 4801 
3169 3269 4725 7467 
3170 1628 3798 8546 
3171 1556 3740 7312 
3172 2674 4924 6326 
3173 1529 3449 10037 
3174 1136 3484 6170 
3175 1314 3261 7209 
3176 2102 3280 6901 
3177 3877 1717 5665 
3178 1725 8306 9604 
3179 7416 2894 7765 
3180 3224 2180 6883 
3181 5763 3104 8228 
3182 3315 869 6486 
3183 3656 734 7064 
3184 4343 6416 7517 
3185 6582 2139 7003 
3186 8552 1525 9868 
3187 5592 2331 7182 
3188 868 3707 5167 
3189 3607 6995 10147 
3190 3784 1040 5889 
3191 6713 3508 7314 
3192 4378 1196 8831 
3193 5207 1983 5544 
3194 2018 8312 8816 
3195 3138 1302 5131 
3196 585 3666 5775 
3197 4679 2052 5170 
3198 2216 3331 6595 
3199 709 3155 10635 
3200 1078 6253 7702 
3201 3395 562 7652 
3202 4856 609 9537 
3203 821 6021 6767 
3204 4020 5605 8113 
3205 2305 4944 9359 
3206 7537 2136 9820 
3207 2736 5629 7815 
3208 3246 7977 9809 
3209 5808 4588 8009 
3210 2455 5590 6079 
3211 946 4752 7999 
3212 2063 3171 6151 
3213 6437 1982 7666 
3214 3468 1793 5759 
3215 3485 4553 8041 
3216 1745 3626 6986 
3217 3905 3667 10359 
3218 4955 3528 9100 
3219 1372 4365 8108 
3220 7232 2738 7649 
3221 1903 3324 8729 
3222 5430 2412 5753 
3223 4376 2261 6046 
3224 1154 3997 5539 
3225 3382 1850 7288 
3226 564 3879 5757 
3227 1330 3372 6588 
3228 1525 8552 9960 
3229 640 4017 4871 
3230 3317 5311 9130 
3231 1485 3456 9058 
3232 1928 3697 9806 
3233 3292 2090 6431 
3234 1456 5276 8078 
3235 1352 4062 4955 
3236 1817 3849 10350 
3237 9575 3345 9923 
3238 4807 4754 10681 
3239 4146 836 8714 
3240 3404 1503 5646 
3241 1123 6595 8157 
3242 4521 2100 6035 
3243 3555 1740 6042 
3244 5898 3211 6493 
3245 4575 1723 4928 
3246 895 7309 7947 
3247 2106 5102 5841 
3248 1990 4980 5174 
3249 4065 1817 10350 
3250 5594 3512 7321 
3251 4020 876 5605 
3252 2342 4509 4961 
3253 4907 2302 5348 
3254 4924 1486 6326 
3255 1360 4439 6896 
3256 2923 1187 6048 
3257 3897 3006 9299 
3258 4062 1352 8026 
3259 938 4056 4693 
3260 6262 1044 8017 
3261 1878 3753 10168 
3262 4330 3536 10461 
3263 4038 1722 4748 
3264 1021 4371 4858 
3265 3552 2404 7491 
3266 6716 19 7369 
3267 711 6762 8084 
3268 4265 1625 4695 
3269 5741 1546 10513 
3270 1206 4901 6166 
3271 3728 977 7182 
3272 5301 2820 7328 
3273 1839 4523 5435 
3274 2321 5350 9642 
3275 1440 3975 4785 
3276 4859 7407 9870 
3277 4910 478 8402 
3278 1955 3911 5434 
3279 7858 1997 9845 
3280 2906 1261 5545 
3281 4202 952 7133 
3282 4877 4191 8813 
3283 1996 3576 7035 
3284 3262 778 8822 
3285 806 5428 9188 
3286 1872 4884 5084 
3287 8066 2914 8379 
3288 2317 4265 4695 
3289 4902 934 8996 
3290 750 3525 6198 
3291 1603 3923 7054 
3292 3640 1799 4699 
3293 4548 3318 9837 
3294 3026 843 5478 
3295 1659 4170 4472 
3296 3930 7053 10352 
3297 4015 2928 9788 
3298 4165 3693 10638 
3299 4656 3577 9061 
3300 6065 3018 7821 
3301 862 3505 7984 
3302 3527 1593 8628 
3303 4822 2020 5963 
3304 3793 1269 5000 
3305 3738 1318 8199 
3306 4767 947 8021 
3307 1589 4762 7795 
3308 4479 2088 6487 
3309 1287 3758 7225 
3310 3464 6336 9510 
3311 3844 1852 5268 
3312 1301 6186 7376 
3313 2650 6785 7674 
3314 2116 3341 6119 
3315 3410 1935 8706 
3316 4367 2600 5470 
3317 62 4638 8545 
3318 3608 2076 6218 
3319 2757 6638 6688 
3320 3579 5042 9148 
3321 3340 2455 6644 
3322 453 3508 6105 
3323 267 266 4142 
3324 3968 6956 9335 
3325 4191 945 8813 
3326 3580 1396 5555 
3327 1880 3981 5953 
3328 2270 6233 6241 
3329 1485 4541 8701 
3330 6031 2050 6601 
3331 1863 3288 5745 
3332 5846 3378 7076 
3333 4117 1723 6468 
3334 5401 1783 7682 
3335 246 245 4152 
3336 2062 3828 5942 
3337 1521 3347 10077 
3338 4335 1601 6946 
3339 915 3609 6116 
3340 1219 4175 7515 
3341 7952 2121 9202 
3342 244 243 4150 
3343 2163 4543 5953 
3344 6487 2088 8225 
3345 3514 1348 7643 
3346 5294 2275 7146 
3347 1187 2923 5844 
3348 2824 1159 5927 
3349 1261 2906 5818 
3350 3500 5255 9555 
3351 715 3584 6839 
3352 1991 5179 7893 
3353 1272 4245 7714 
3354 3966 554 5753 
3355 5278 622 6218 
3356 2011 4707 5286 
3357 1700 4542 10728 
3358 1295 3105 5814 
3359 3526 1352 5821 
3360 4044 4644 8010 
3361 878 3823 5207 
3362 379 378 7743 
3363 2404 3552 8589 
3364 1219 5727 7784 
3365 1121 4248 8607 
3366 745 4028 5948 
3367 5221 1144 6199 
3368 1297 3109 5820 
3369 7269 3227 9599 
3370 2329 4060 6802 
3371 3781 1519 5237 
3372 4319 2168 4993 
3373 2721 4340 7347 
3374 4901 2636 6166 
3375 4852 2482 9283 
3376 8774 3146 9263 
3377 4786 1591 10350 
3378 947 7346 8021 
3379 2925 5326 6734 
3380 3117 4648 8582 
3381 4516 4075 9287 
3382 1646 3765 10088 
3383 3110 6471 7018 
3384 1692 4585 8555 
3385 7041 698 9581 
3386 1721 5747 8608 
3387 3802 2541 5810 
3388 920 3763 7609 
3389 1047 4722 9888 
3390 896 3895 4447 
3391 3419 1458 6007 
3392 1159 2824 5995 
3393 3821 1974 5927 
3394 3321 6031 6601 
3395 3257 4135 9371 
3396 5210 660 6529 
3397 1648 4639 5035 
3398 6463 2121 9326 
3399 5884 2667 10586 
3400 3676 3808 9469 
3401 3701 1581 9238 
3402 4611 993 7037 
3403 3916 1595 6609 
3404 4171 3333 10602 
3405 2025 8079 8510 
3406 4921 8152 8675 
3407 5856 3819 10191 
3408 4325 1258 5427 
3409 1302 3138 5845 
3410 3382 1549 9193 
3411 4285 702 5658 
3412 1882 4951 5904 
3413 635 3427 5737 
3414 3588 940 4836 
3415 3091 7063 7877 
3416 841 3101 7572 
3417 3056 5661 9294 
3418 1705 4443 5092 
3419 381 6659 7317 
3420 609 8606 9537 
3421 2148 5766 5962 
3422 2027 3449 5471 
3423 2686 5809 9982 
3424 1992 3462 5994 
3425 3578 1856 5879 
3426 6424 27 7270 
3427 4667 2859 6917 
3428 3589 1027 10571 
3429 3846 3869 7286 
3430 1001 3377 7002 
3431 4239 808 6085 
3432 3614 5158 10349 
3433 1924 4580 6044 
3434 4682 1029 5487 
3435 3743 6252 10105 
3436 3515 1660 9783 
3437 1891 3871 4883 
3438 4127 2135 5529 
3439 644 5270 5380 
3440 3665 2105 5950 
3441 4119 2519 7338 
3442 3643 902 7020 
3443 5017 2081 6201 
3444 4787 3520 9762 
3445 6506 3550 8624 
3446 712 3633 7267 
3447 4501 3018 6065 
3448 1942 3847 5814 
3449 5063 858 7788 
3450 3208 2024 5703 
3451 909 3621 6870 
3452 3695 2512 7922 
3453 8252 6077 10420 
3454 2061 3881 5719 
3455 1050 3523 5901 
3456 867 3570 8498 
3457 3652 1722 6788 
3458 5447 2409 5738 
3459 4564 1597 9556 
3460 733 5015 7185 
3461 4584 2362 5151 
3462 3265 2296 6556 
3463 811 4916 8043 
3464 5943 3275 7957 
3465 3892 4637 9942 
3466 1708 3649 9652 
3467 4097 3017 8937 
3468 2650 4644 6785 
3469 998 5485 6038 
3470 5859 830 8975 
3471 5475 1976 6709 
3472 3370 1767 6606 
3473 2764 3827 9089 
3474 3929 2422 6417 
3475 1642 4970 7125 
3476 3146 4382 8935 
3477 4639 2666 5035 
3478 3487 1840 7095 
3479 2162 4080 8773 
3480 4380 3394 7514 
3481 3804 850 6490 
3482 6097 2823 7227 
3483 628 4679 5170 
3484 5056 1928 7636 
3485 4026 2183 5142 
3486 1536 4018 6474 
3487 461 462 8538 
3488 1541 4061 5558 
3489 781 3765 6610 
3490 1678 6265 9885 
3491 1921 6603 7289 
3492 3712 6713 8673 
3493 3434 1351 9228 
3494 5219 4348 7864 
3495 4775 2092 6292 
3496 6884 767 8691 
3497 3715 865 8403 
3498 6709 3155 9709 
3499 3784 1917 4781 
3500 2230 4177 5801 
3501 2576 3730 7073 
3502 1842 4450 5614 
3503 1962 5600 7193 
3504 3444 2242 6719 
3505 4904 773 9331 
3506 1906 4911 6848 
3507 1580 3666 9034 
3508 9137 3217 9463 
3509 1894 3834 5294 
3510 3005 6144 6534 
3511 2131 4841 7880 
3512 83 6422 7247 
3513 3520 4787 8634 
3514 6821 254 7386 
3515 4201 1865 6399 
3516 5106 2498 7502 
3517 2913 5537 9520 
3518 3825 7727 8095 
3519 5435 4523 7522 
3520 2646 4277 5685 
3521 2208 6573 7970 
3522 3948 1900 5618 
3523 1182 4038 4748 
3524 2440 4233 7431 
3525 3743 5741 10513 
3526 1695 4149 7140 
3527 1834 3583 7490 
3528 4581 314 8130 
3529 1997 5187 9845 
3530 742 4305 6750 
3531 34 6429 7245 
3532 3502 1448 4890 
3533 1001 5718 5884 
3534 1594 3659 4922 
3535 2860 4228 5815 
3536 1555 4665 9469 
3537 1666 5997 7607 
3538 3989 2081 5017 
3539 2030 5634 8663 
3540 4186 1536 6474 
3541 4557 2508 6481 
3542 3727 668 5837 
3543 5553 3231 9456 
3544 6696 3250 7072 
3545 1638 4841 4866 
3546 5409 2183 6622 
3547 1960 3399 9494 
3548 8274 3524 9679 
3549 4224 1832 9710 
3550 2239 4024 5073 
3551 2505 5003 7440 
3552 4482 2954 6262 
3553 4443 638 5092 
3554 2860 5815 9471 
3555 2530 7170 8233 
3556 2819 6054 8349 
3557 5009 1788 5227 
3558 646 3604 5276 
3559 4125 968 4389 
3560 6878 1550 9570 
3561 1499 4811 8743 
3562 4832 1103 6718 
3563 987 3811 5800 
3564 4228 2860 9018 
3565 2484 5975 7629 
3566 3996 1700 5295 
3567 6608 13 7951 
3568 668 3727 6205 
3569 1357 4604 9473 
3570 3854 2214 6055 
3571 5766 2838 5962 
3572 2988 1666 5843 
3573 1349 3691 5826 
3574 3708 3078 6546 
3575 5828 7047 10100 
3576 1420 6388 9381 
3577 3617 1041 10570 
3578 5409 2942 8297 
3579 2863 5087 8902 
3580 5318 1059 5576 
3581 2573 3940 5848 
3582 1879 4072 10246 
3583 3792 1134 4783 
3584 4648 590 8582 
3585 3329 5478 5742 
3586 1708 4170 4421 
3587 3763 920 4621 
3588 1928 5101 7636 
3589 727 3325 10014 
3590 3855 1925 5644 
3591 1593 4880 7853 
3592 3496 1602 7673 
3593 2429 5871 7608 
3594 1879 5595 6212 
3595 213 3802 4116 
3596 3279 2231 7222 
3597 3812 1460 8536 
3598 2685 4000 8083 
3599 1071 5345 7492 
3600 665 3743 10105 
3601 2313 4304 9800 
3602 6496 5675 8278 
3603 4183 785 4885 
3604 8312 3722 8816 
3605 5212 4160 10734 
3606 2532 4481 6353 
3607 5986 1301 7376 
3608 485 4046 6384 
3609 952 4529 7133 
3610 751 5143 5567 
3611 3692 4321 8516 
3612 4665 7623 10296 
3613 7086 1105 9530 
3614 3578 2542 9932 
3615 3459 2493 8758 
3616 3877 1505 9168 
3617 1538 4053 9479 
3618 3309 4185 10579 
3619 8190 5776 10047 
3620 8272 1106 8986 
3621 1806 4696 4858 
3622 3655 824 4813 
3623 3977 2800 5183 
3624 5028 1623 9385 
3625 2484 4059 8375 
3626 2645 3354 10525 
3627 503 504 8020 
3628 477 478 4910 
3629 191 190 5001 
3630 3863 1838 6040 
3631 3864 3876 7306 
3632 2843 4462 5945 
3633 2365 5318 5576 
3634 886 3153 5918 
3635 2561 3738 8199 
3636 800 3610 7304 
3637 3598 4940 9904 
3638 815 5990 9109 
3639 2308 4091 7228 
3640 3436 4939 7602 
3641 6463 3551 9934 
3642 1314 3352 6267 
3643 2984 4385 7422 
3644 3577 4418 9061 
3645 1277 3842 7695 
3646 5518 1959 6569 
3647 5947 676 7118 
3648 7828 3644 8572 
3649 5255 2789 6308 
3650 3269 7467 8821 
3651 2135 4127 5504 
3652 7256 5064 7996 
3653 1017 5117 6404 
3654 924 3744 5585 
3655 3692 1859 8374 
3656 5591 1298 6618 
3657 3137 4818 7812 
3658 4079 2190 5798 
3659 1288 4783 9687 
3660 1696 3663 5693 
3661 4145 3533 10328 
3662 3149 7250 8871 
3663 3359 1380 6581 
3664 2261 4376 6234 
3665 2512 3695 8801 
3666 1452 7590 10012 
3667 527 4289 7943 
3668 4000 636 8083 
3669 3722 543 5317 
3670 4620 2084 5313 
3671 2622 5359 7897 
3672 7208 2282 9974 
3673 4803 2873 7654 
3674 1011 3511 7038 
3675 4175 1907 5546 
3676 1213 6294 8497 
3677 786 4358 8772 
3678 4123 1292 6136 
3679 837 3572 8961 
3680 370 6394 7847 
3681 4700 168 8609 
3682 6312 2719 7137 
3683 1968 4743 9185 
3684 1490 4758 5578 
3685 3732 1562 5024 
3686 3805 1332 5669 
3687 1667 5301 7328 
3688 4017 7280 10382 
3689 4105 1481 8091 
3690 2121 5973 9202 
3691 2559 6114 6215 
3692 6073 1667 10219 
3693 2011 3470 7593 
3694 5162 2211 5425 
3695 4570 1016 9700 
3696 4020 2728 8992 
3697 6418 2424 8731 
3698 6594 1991 7893 
3699 5314 975 9422 
3700 5883 2659 6701 
3701 5428 806 5847 
3702 1567 5790 6208 
3703 2171 6751 8461 
3704 1110 4209 10515 
3705 6483 3846 9327 
3706 3739 1712 7696 
3707 5894 4376 9399 
3708 5290 757 5999 
3709 8463 1968 9185 
3710 3984 1735 6958 
3711 4475 2962 6288 
3712 167 4702 8609 
3713 4777 1772 5669 
3714 1611 4189 5523 
3715 3795 536 6932 
3716 1919 3289 5383 
3717 1835 6227 7991 
3718 839 3832 9356 
3719 5093 576 8291 
3720 4263 2519 7986 
3721 2947 4668 9708 
3722 5311 1049 9130 
3723 5430 1860 6279 
3724 6739 2177 7956 
3725 1945 5464 10173 
3726 4265 2317 6873 
3727 4999 1566 5743 
3728 3773 2819 8342 
3729 877 4288 5075 
3730 3936 2014 7051 
3731 889 3339 8577 
3732 1360 3335 7321 
3733 918 4255 6266 
3734 4168 1285 5702 
3735 4371 1021 5146 
3736 3172 6137 7221 
3737 1987 4264 4661 
3738 3768 2235 5068 
3739 4601 2074 6513 
3740 1426 3428 5260 
3741 3624 640 4871 
3742 6394 369 7215 
3743 1820 3323 8606 
3744 7383 5153 7450 
3745 4041 5903 8135 
3746 4597 848 9512 
3747 3782 795 7141 
3748 1882 4708 4989 
3749 1940 3984 10744 
3750 6489 1821 8775 
3751 5070 2669 7029 
3752 1298 3147 8194 
3753 1500 4185 10297 
3754 5796 1757 10238 
3755 2166 3606 6899 
3756 4433 1197 7237 
3757 2070 3336 6363 
3758 3290 1329 5969 
3759 5347 3363 10169 
3760 3506 4340 9107 
3761 3572 837 4821 
3762 1817 4065 4647 
3763 7151 1789 9644 
3764 4434 1290 6523 
3765 6278 1804 9858 
3766 4273 1110 10515 
3767 4496 1015 6569 
3768 6870 3621 7521 
3769 7462 3641 8583 
3770 698 6819 9581 
3771 3840 1514 8717 
3772 963 4517 4930 
3773 4592 1466 8473 
3774 6426 181 7189 
3775 798 5541 8393 
3776 5565 1911 6764 
3777 4991 2504 6631 
3778 54 53 4210 
3779 3232 2162 7534 
3780 2100 3982 5467 
3781 1313 3067 6229 
3782 2859 6132 6917 
3783 1852 4805 6704 
3784 3794 957 5058 
3785 4538 1568 8549 
3786 3780 627 8447 
3787 1712 3575 7696 
3788 8020 505 10695 
3789 2989 4552 8782 
3790 669 4196 6010 
3791 3341 1612 5911 
3792 4095 2445 7184 
3793 3991 16 5530 
3794 4449 1633 8127 
3795 2089 5909 10040 
3796 3294 5472 6606 
3797 5049 1246 8396 
3798 3581 949 6533 
3799 2120 4073 6639 
3800 4930 4517 10238 
3801 1063 5558 8839 
3802 3298 2133 4642 
3803 669 6010 9968 
3804 3679 2272 7389 
3805 1083 4874 5019 
3806 3605 2312 5708 
3807 3979 2315 6438 
3808 4531 622 5278 
3809 5596 1798 8711 
3810 4021 584 4802 
3811 4818 1726 7812 
3812 1120 5892 6175 
3813 7983 4428 8887 
3814 5141 2014 5462 
3815 4294 863 8860 
3816 4318 1848 9547 
3817 3582 5796 10238 
3818 3055 4658 8296 
3819 1750 5153 7383 
3820 4456 577 4889 
3821 1605 4938 6128 
3822 5015 2768 7185 
3823 3826 1891 4857 
3824 3466 4382 8774 
3825 6492 3854 9347 
3826 8207 845 9615 
3827 626 4067 6012 
3828 4236 706 7091 
3829 777 3925 5190 
3830 8073 3363 10559 
3831 3865 1699 6410 
3832 7481 1475 10070 
3833 3405 1423 7563 
3834 3581 1239 10609 
3835 1501 3860 10366 
3836 1683 6861 9028 
3837 1735 3984 9308 
3838 4024 774 5073 
3839 2258 6395 9747 
3840 2808 6010 9171 
3841 5414 1727 9187 
3842 1862 4959 10437 
3843 7343 3140 10198 
3844 4365 2124 5343 
3845 4136 6343 9181 
3846 3180 6773 9306 
3847 2050 3284 6030 
3848 6559 2935 9847 
3849 3183 6625 8551 
3850 4011 1761 6302 
3851 3316 6450 6462 
3852 3637 1785 6857 
3853 1936 5022 5246 
3854 3620 1556 5017 
3855 2051 5674 5887 
3856 1451 3704 8097 
3857 4846 729 7607 
3858 6655 2274 8268 
3859 4024 2644 6599 
3860 2164 4917 6744 
3861 77 76 4223 
3862 2313 3875 7945 
3863 3371 870 6450 
3864 4215 1596 4838 
3865 7181 5096 7910 
3866 6450 870 6462 
3867 1418 3619 9632 
3868 2277 3319 10252 
3869 2476 6730 8580 
3870 4573 908 6174 
3871 6163 3189 7365 
3872 3582 4517 10740 
3873 1772 3805 5669 
3874 5194 1673 7894 
3875 346 345 4848 
3876 1880 4543 10456 
3877 5108 2423 7721 
3878 5708 2867 8999 
3879 1373 7721 7813 
3880 4764 327 9650 
3881 1757 5796 9162 
3882 406 405 4229 
3883 2072 3698 7609 
3884 6610 3765 9834 
3885 3364 4459 8153 
3886 1571 3678 7536 
3887 5088 3056 9622 
3888 5146 1021 5147 
3889 3350 605 7248 
3890 1145 4873 5204 
3891 1455 3752 4719 
3892 4744 1361 5908 
3893 5303 5507 9456 
3894 1778 4160 9645 
3895 2756 3890 6029 
3896 4268 3386 10727 
3897 3870 6509 9353 
3898 5681 2174 6707 
3899 4373 737 6579 
3900 6353 4481 10615 
3901 6638 1921 6688 
3902 586 4064 5483 
3903 2022 4320 5868 
3904 3760 1960 7261 
3905 5384 2522 7258 
3906 4239 1940 10744 
3907 2176 3387 6232 
3908 3852 9903 10391 
3909 5719 3881 8987 
3910 885 4787 9762 
3911 3863 1718 4968 
3912 4264 1746 4661 
3913 563 4205 5425 
3914 650 4107 7230 
3915 1291 3626 5971 
3916 942 5214 5494 
3917 4445 3044 4716 
3918 3261 1314 6267 
3919 1411 4612 6346 
3920 4092 2934 9938 
3921 2205 4980 5758 
3922 4850 68 10172 
3923 195 194 4347 
3924 7590 3585 10012 
3925 3774 9248 9299 
3926 1644 5046 8300 
3927 3554 693 5205 
3928 3686 2300 7685 
3929 3447 8552 9868 
3930 1380 3369 5398 
3931 694 6341 9492 
3932 4664 1927 5639 
3933 662 6312 7137 
3934 2338 7447 8013 
3935 2278 4239 6085 
3936 3284 2050 6031 
3937 863 4309 8860 
3938 3316 2037 6699 
3939 2471 5701 5719 
3940 3681 1709 5163 
3941 2465 5619 7199 
3942 1859 3692 6465 
3943 3805 1772 6027 
3944 3206 4470 9994 
3945 4233 583 7431 
3946 4803 1668 6210 
3947 1899 4269 9532 
3948 2502 4849 5586 
3949 1586 6402 8019 
3950 888 4896 6461 
3951 4834 1262 8100 
3952 2545 3853 8292 
3953 3841 902 4926 
3954 3400 5965 7105 
3955 4311 592 6383 
3956 3104 7548 8228 
3957 794 3143 5636 
3958 3603 2334 10257 
3959 4363 1365 7735 
3960 5082 548 6261 
3961 4060 1189 6802 
3962 1198 5864 7205 
3963 3431 2348 10295 
3964 1385 3591 6841 
3965 4320 2022 4677 
3966 1823 3909 10703 
3967 5428 1329 7006 
3968 2078 3788 10430 
3969 5188 2875 8316 
3970 3653 1245 5641 
3971 3308 7562 10558 
3972 3707 868 9804 
3973 3740 1556 5410 
3974 1228 4118 4635 
3975 3869 80 7286 
3976 6713 1236 8673 
3977 5922 3135 8513 
3978 4375 2544 5297 
3979 1362 5912 8925 
3980 4019 2300 7204 
3981 1789 5217 5324 
3982 5064 2333 7996 
3983 4394 3602 9306 
3984 14 6608 7341 
3985 6418 3620 9448 
3986 1573 4517 6334 
3987 281 4872 9978 
3988 1644 4019 5476 
3989 6208 1113 7530 
3990 3558 580 6080 
3991 7618 3241 8854 
3992 1697 4021 4802 
3993 3552 1438 8376 
3994 5245 5771 8915 
3995 1785 4413 5181 
3996 1959 3520 8634 
3997 6059 343 9232 
3998 2256 3508 8476 
3999 5193 970 9811 
4000 5268 1852 6704 
4001 4023 2459 6712 
4002 2019 4419 5587 
4003 4509 1740 4961 
4004 4732 859 8475 
4005 7364 2156 8573 
4006 4407 1721 9191 
4007 1583 4214 8470 
4008 2237 4207 4810 
4009 867 3752 9323 
4010 214 213 4116 
4011 1744 4043 5451 
4012 1384 3286 5573 
4013 6026 1752 8370 
4014 657 5267 6459 
4015 5150 1685 6158 
4016 7229 1781 9050 
4017 1941 3907 5845 
4018 6462 870 7401 
4019 4745 364 9274 
4020 1582 3212 6341 
4021 3369 1380 7441 
4022 6369 913 7224 
4023 3654 1551 8874 
4024 4539 3217 9137 
4025 2347 4925 6457 
4026 1751 3595 7319 
4027 1368 3766 9438 
4028 3876 1497 5574 
4029 3869 1493 5709 
4030 4326 776 7143 
4031 2718 8274 9679 
4032 6609 1595 8971 
4033 3981 548 5953 
4034 1043 4492 4493 
4035 6722 123 7340 
4036 8202 1599 9214 
4037 2385 4328 10337 
4038 900 4212 8039 
4039 4259 2764 5624 
4040 5259 3915 8968 
4041 5326 2925 6985 
4042 131 130 5065 
4043 5348 1061 8050 
4044 1712 6910 10283 
4045 2154 4153 5498 
4046 4060 2329 8174 
4047 651 3996 5295 
4048 3006 4167 10263 
4049 6013 1098 6614 
4050 3452 6288 9133 
4051 832 5514 7599 
4052 7280 2260 10382 
4053 9307 1695 10352 
4054 1519 3781 8077 
4055 4178 1009 7119 
4056 2010 3784 5889 
4057 4262 3220 9992 
4058 23 3668 6740 
4059 4489 1708 9003 
4060 4284 1637 7227 
4061 4478 1552 4595 
4062 3791 1858 5004 
4063 7095 3560 7101 
4064 6531 3158 8501 
4065 1769 4830 5099 
4066 2109 4379 5100 
4067 5964 2552 6998 
4068 4379 2109 4750 
4069 4095 7184 9810 
4070 2000 5894 9399 
4071 3750 2482 6806 
4072 5326 6985 9732 
4073 1224 4110 8281 
4074 3109 1297 6502 
4075 5237 1519 7426 
4076 2969 5672 6200 
4077 583 4754 4807 
4078 3637 4767 7498 
4079 3397 1489 9886 
4080 814 5883 6701 
4081 5907 3030 8054 
4082 3456 1485 8701 
4083 5472 1866 7066 
4084 3899 1410 5501 
4085 3875 4303 10413 
4086 7992 1796 8259 
4087 4171 1506 10401 
4088 6446 654 6876 
4089 3543 2103 6161 
4090 5691 4315 6771 
4091 5723 1170 6847 
4092 4248 7737 8607 
4093 1237 5230 6739 
4094 4067 2356 7580 
4095 4358 3151 8772 
4096 972 3990 4943 
4097 4109 1463 7268 
4098 5105 1677 6924 
4099 3324 1903 6758 
4100 3752 1455 9972 
4101 3350 1358 8508 
4102 3101 7274 8072 
4103 771 3691 4258 
4104 3757 1234 7857 
4105 625 4862 9443 
4106 6191 7243 8950 
4107 1972 4401 10000 
4108 4257 3502 7754 
4109 6041 1695 7140 
4110 2897 5263 6355 
4111 2569 962 5876 
4112 1639 5077 8271 
4113 1666 3329 5997 
4114 7969 3075 8788 
4115 1748 4057 4282 
4116 5661 3611 9294 
4117 3980 981 4390 
4118 176 6747 7310 
4119 7323 4728 10211 
4120 3719 9261 9602 
4121 3806 1297 5820 
4122 1364 3433 6245 
4123 2777 3746 8618 
4124 3849 4786 10350 
4125 4090 2434 8822 
4126 3966 5315 10214 
4127 5134 3178 7829 
4128 3698 920 7609 
4129 5991 2700 6103 
4130 6624 2365 6880 
4131 2234 4132 8541 
4132 4708 1982 4989 
4133 3257 7622 10151 
4134 3589 2504 8443 
4135 2612 3830 6545 
4136 5127 641 9316 
4137 7250 1233 8871 
4138 1845 6269 8320 
4139 2841 5134 7829 
4140 4884 875 5122 
4141 2162 3232 5948 
4142 1138 3519 8187 
4143 1248 3987 6044 
4144 1856 3314 5879 
4145 2960 6783 10462 
4146 2988 8189 9350 
4147 4366 8626 10057 
4148 1855 3662 6001 
4149 3750 883 6882 
4150 3243 5060 7950 
4151 2529 4300 5285 
4152 1762 3884 6238 
4153 4207 1956 4810 
4154 1721 5199 9191 
4155 6143 1589 7795 
4156 1674 3677 5769 
4157 3548 6369 7224 
4158 2699 3812 8536 
4159 6603 3535 7289 
4160 6906 1689 9150 
4161 1952 5162 5425 
4162 3168 1814 6953 
4163 763 4569 7439 
4164 6336 2037 9510 
4165 1675 3603 7352 
4166 708 3460 8139 
4167 2099 5624 6102 
4168 2101 4242 5139 
4169 2739 4354 5340 
4170 2215 4066 6016 
4171 6969 1522 7185 
4172 6664 2212 7994 
4173 5727 3487 7784 
4174 2090 3292 6092 
4175 3368 1389 8926 
4176 6655 4131 9680 
4177 3937 1099 8828 
4178 914 3703 7260 
4179 4281 2343 5659 
4180 3641 2068 9325 
4181 5562 3844 7958 
4182 1477 4188 10504 
4183 1590 5501 8094 
4184 3892 1816 5218 
4185 4630 1910 5536 
4186 3783 696 7096 
4187 3595 1751 5725 
4188 4841 1638 6792 
4189 2910 5250 6148 
4190 3880 9124 9379 
4191 5536 1910 7568 
4192 3799 1558 4622 
4193 2547 5105 6924 
4194 4360 1504 10032 
4195 3078 3708 9142 
4196 1348 4395 8372 
4197 913 5816 7224 
4198 1330 4225 6444 
4199 823 3731 7026 
4200 956 3237 8592 
4201 4916 811 8742 
4202 3483 1723 6270 
4203 1027 4691 10571 
4204 2930 1901 7207 
4205 666 3555 5863 
4206 4362 1526 5127 
4207 3583 3912 8953 
4208 4651 543 4677 
4209 3520 1959 8389 
4210 1857 4530 10280 
4211 1274 5415 9302 
4212 2406 5270 5751 
4213 3560 1144 7396 
4214 4036 1142 7025 
4215 3829 1915 6940 
4216 3764 874 6454 
4217 8093 1616 9419 
4218 2817 4021 7221 
4219 3549 571 9025 
4220 9007 2911 9673 
4221 2177 5147 7956 
4222 3553 912 5467 
4223 6376 4464 7891 
4224 2276 3952 5538 
4225 2463 4018 7569 
4226 8605 1945 10173 
4227 4716 3044 7672 
4228 2917 6542 6604 
4229 39 4796 9207 
4230 5310 4285 10732 
4231 3077 7717 7878 
4232 703 3328 6202 
4233 3047 4134 9669 
4234 4228 1709 5815 
4235 5983 1240 9737 
4236 1933 3614 5938 
4237 4416 2711 6705 
4238 2136 4031 4793 
4239 2356 4067 4878 
4240 4423 1966 4613 
4241 3946 825 4819 
4242 3961 1756 6913 
4243 5925 2951 7282 
4244 5468 2476 8580 
4245 2235 4339 6549 
4246 2388 4422 7254 
4247 1825 3320 9405 
4248 3588 1181 6872 
4249 2627 5737 8723 
4250 649 3216 7437 
4251 1579 4015 9788 
4252 4884 2110 5084 
4253 2350 3895 4901 
4254 5322 1028 7817 
4255 1739 3523 5263 
4256 5405 3093 6140 
4257 3990 2651 4943 
4258 1653 4298 5190 
4259 4422 684 5862 
4260 937 4034 5022 
4261 5096 1061 5612 
4262 1044 3771 7142 
4263 3559 879 9472 
4264 6377 5058 9539 
4265 3330 517 6780 
4266 3482 2430 7429 
4267 4018 1536 10598 
4268 2984 6943 10000 
4269 2358 3375 8954 
4270 1904 5776 8190 
4271 5675 2690 6131 
4272 4591 2018 4627 
4273 1869 4505 5254 
4274 3876 378 7306 
4275 2113 3379 7278 
4276 859 4732 6050 
4277 3030 5907 9067 
4278 3361 5049 8396 
4279 1532 4058 5744 
4280 3344 1341 6224 
4281 6039 3191 7790 
4282 3276 1348 7292 
4283 4846 3067 6947 
4284 6455 1583 10265 
4285 2823 5898 6866 
4286 1708 5201 9003 
4287 1889 3473 10204 
4288 1570 4124 7280 
4289 184 6162 9810 
4290 2278 6085 7780 
4291 4201 721 8266 
4292 784 4674 5491 
4293 4164 1032 4938 
4294 949 4074 5028 
4295 5343 7753 9938 
4296 3853 1188 8292 
4297 4124 1570 4877 
4298 2111 5675 6131 
4299 4019 1644 8300 
4300 6113 2526 7156 
4301 5113 1237 5575 
4302 1380 5398 10328 
4303 4953 1731 6619 
4304 664 5282 8407 
4305 3763 5500 7609 
4306 1788 4074 8436 
4307 98 4804 9111 
4308 3612 4457 6841 
4309 861 3781 5237 
4310 3618 4799 10508 
4311 2251 4206 5663 
4312 4927 5439 8591 
4313 3764 2462 7103 
4314 4824 1987 5258 
4315 88 4808 9114 
4316 884 3600 8527 
4317 1875 5032 9243 
4318 3393 4254 10642 
4319 1693 4136 10097 
4320 3698 7200 8303 
4321 4900 3285 10339 
4322 899 3594 6756 
4323 8608 5747 10155 
4324 1736 4797 7251 
4325 4692 1183 8593 
4326 4391 2179 5601 
4327 4072 1879 6212 
4328 5276 3604 8078 
4329 6652 3861 8773 
4330 5928 2822 6518 
4331 3905 1849 6544 
4332 1188 3853 10318 
4333 5885 1917 10426 
4334 4018 753 7569 
4335 3975 947 4785 
4336 5898 2338 6866 
4337 3679 5431 9560 
4338 5864 3088 7205 
4339 1769 3302 8193 
4340 4455 1724 8756 
4341 3681 939 5815 
4342 1864 5405 5989 
4343 851 3919 5588 
4344 3122 7467 8360 
4345 4267 886 9583 
4346 638 4613 5092 
4347 2171 3471 6400 
4348 769 4424 9903 
4349 747 4584 6849 
4350 3797 6010 9461 
4351 3770 1718 7092 
4352 976 3892 5218 
4353 3708 1010 9585 
4354 5643 1937 6579 
4355 5046 3491 8300 
4356 3451 2376 10472 
4357 1001 3471 7761 
4358 4329 958 5212 
4359 2223 3266 6980 
4360 4493 1969 5895 
4361 772 3753 5952 
4362 3409 5220 9966 
4363 442 4694 7414 
4364 6144 1260 6534 
4365 2985 5472 7066 
4366 2438 4305 7806 
4367 3725 1651 8685 
4368 3741 4272 10323 
4369 5965 3400 10112 
4370 1130 4923 5978 
4371 4811 3216 8743 
4372 5762 1186 6646 
4373 4751 2293 5949 
4374 1891 3826 4904 
4375 752 3866 5920 
4376 13 12 7951 
4377 4576 2821 6120 
4378 4522 5860 9653 
4379 6100 760 8313 
4380 3322 5042 10559 
4381 3495 1567 6029 
4382 1480 3928 6987 
4383 5779 5239 7841 
4384 4644 1196 8010 
4385 4120 1887 4727 
4386 2146 5026 5661 
4387 2943 836 7882 
4388 2511 5114 8535 
4389 7505 1977 7764 
4390 1463 4109 8179 
4391 1974 4839 5927 
4392 1951 3358 6039 
4393 5204 2791 6330 
4394 2792 5166 9367 
4395 4188 702 6240 
4396 773 4904 10235 
4397 3707 1462 10255 
4398 4382 2442 8935 
4399 2748 6556 8562 
4400 4024 1406 7903 
4401 3828 2062 6415 
4402 760 6100 9830 
4403 4354 1468 5340 
4404 3387 2176 7603 
4405 4857 1891 4883 
4406 3663 719 5693 
4407 1580 3946 4819 
4408 1341 3344 10209 
4409 1874 4069 5900 
4410 2262 3643 7020 
4411 2450 3980 9609 
4412 1816 3892 5119 
4413 1516 4002 4852 
4414 3415 1848 5804 
4415 809 3749 6831 
4416 4849 2383 5186 
4417 4855 4140 10003 
4418 2000 5447 5738 
4419 3346 6388 9122 
4420 75 74 5014 
4421 620 3658 5247 
4422 5531 1858 10092 
4423 504 505 8020 
4424 4082 1501 10366 
4425 5165 1904 10164 
4426 4170 1708 9652 
4427 1503 3854 6055 
4428 892 7095 7101 
4429 4367 798 8393 
4430 5372 964 9547 
4431 5674 2241 5887 
4432 1892 4194 9963 
4433 3443 7229 9050 
4434 4769 910 8324 
4435 2888 6487 8225 
4436 631 4126 5377 
4437 1996 3727 5837 
4438 3712 2193 6713 
4439 5072 1247 7798 
4440 4259 768 8921 
4441 255 6821 8040 
4442 3195 2056 6021 
4443 2183 4026 6622 
4444 5077 3187 8271 
4445 5024 1562 6754 
4446 1665 4478 9645 
4447 3888 881 5754 
4448 1755 4888 7329 
4449 1504 4360 9866 
4450 6411 2017 7816 
4451 3335 6418 9448 
4452 1858 3791 10454 
4453 3967 1753 5396 
4454 4994 1755 8057 
4455 2050 3762 9552 
4456 1060 5217 8227 
4457 3432 1996 5837 
4458 551 6774 7206 
4459 7222 1093 9236 
4460 2665 4127 5529 
4461 4316 1823 10703 
4462 5149 1783 6801 
4463 3765 1646 9834 
4464 4644 2650 7541 
4465 5401 3669 9221 
4466 8311 1796 10688 
4467 8057 3130 8401 
4468 6177 3603 10257 
4469 3414 4667 4895 
4470 1560 4990 5618 
4471 5165 3509 9297 
4472 1379 5029 6223 
4473 3381 4338 8234 
4474 3574 2784 9301 
4475 1223 3461 6339 
4476 3388 7161 7699 
4477 5093 2036 7190 
4478 6288 2962 6370 
4479 4992 2420 9112 
4480 3512 1360 7321 
4481 5688 663 6227 
4482 632 6346 8858 
4483 1265 4468 8614 
4484 4981 2495 6238 
4485 1653 5190 9940 
4486 3473 1889 6360 
4487 3437 4094 9307 
4488 3576 848 5807 
4489 2534 3762 7424 
4490 3960 2385 6762 
4491 2055 4156 8649 
4492 3605 5708 8999 
4493 5256 1325 9349 
4494 2788 4363 7735 
4495 763 7439 9234 
4496 1532 6588 9802 
4497 5569 1091 5601 
4498 5605 3011 6016 
4499 2031 5506 7199 
4500 1229 5409 8297 
4501 3424 5877 8457 
4502 3702 202 6946 
4503 2686 3481 8114 
4504 3636 2528 5260 
4505 3942 1926 5795 
4506 4964 658 8316 
4507 3452 2104 6298 
4508 3642 2623 8020 
4509 3365 5037 8768 
4510 636 3863 6040 
4511 2348 6823 6977 
4512 3507 1832 6396 
4513 747 4265 6873 
4514 1310 3425 6736 
4515 3978 1477 10504 
4516 8306 3205 9604 
4517 1612 7373 9591 
4518 158 157 6441 
4519 4663 1719 8008 
4520 1669 4111 6375 
4521 5365 3572 9481 
4522 1417 3312 6721 
4523 4126 631 5339 
4524 3717 1813 8479 
4525 881 4073 6519 
4526 1676 3996 6879 
4527 180 179 5259 
4528 6371 3198 7031 
4529 531 532 6397 
4530 1388 3680 6269 
4531 3470 4058 7593 
4532 4194 4551 9963 
4533 1391 3477 7408 
4534 7946 596 9190 
4535 2253 4044 7877 
4536 841 3897 9299 
4537 6571 3859 10460 
4538 993 6014 7037 
4539 3508 453 8476 
4540 3766 1368 7139 
4541 4195 2217 4945 
4542 6471 1716 7931 
4543 1514 3840 5057 
4544 1480 4067 7580 
4545 2426 4129 7046 
4546 6956 1703 9335 
4547 4612 1411 5708 
4548 49 6287 8147 
4549 2042 3494 9507 
4550 6347 1661 7115 
4551 1027 3589 5429 
4552 5231 662 10013 
4553 3093 1864 6111 
4554 6298 2104 6505 
4555 3509 5165 10164 
4556 5584 1107 7186 
4557 4716 1374 6730 
4558 8038 3926 10423 
4559 5345 3256 7492 
4560 1057 4475 6288 
4561 1801 6005 7618 
4562 1860 4273 6845 
4563 3918 7350 7684 
4564 5555 1396 9954 
4565 6057 3750 6806 
4566 3734 1399 9105 
4567 4440 3383 8778 
4568 839 4262 9992 
4569 3878 2725 5229 
4570 5877 1391 8457 
4571 2922 4342 7282 
4572 1104 5119 6121 
4573 2590 4325 5427 
4574 261 260 4355 
4575 4542 4190 10728 
4576 5078 1857 7613 
4577 1004 3758 5489 
4578 4058 3470 9876 
4579 1633 4449 4603 
4580 4377 642 7566 
4581 4754 1846 10681 
4582 1710 3618 7506 
4583 3299 6200 7821 
4584 4945 1516 9002 
4585 2397 5762 6646 
4586 4022 1738 7114 
4587 3319 2277 9360 
4588 6115 1561 7588 
4589 5653 2641 8888 
4590 5851 2303 8970 
4591 3448 5194 7894 
4592 1724 5086 8756 
4593 5600 544 7053 
4594 2763 1111 6957 
4595 3219 6442 7928 
4596 5480 2479 8734 
4597 5442 2895 7976 
4598 3979 627 7090 
4599 5728 2785 6792 
4600 3737 687 10442 
4601 1617 4865 8397 
4602 1613 4066 4681 
4603 6401 1664 10507 
4604 3783 2142 7474 
4605 3354 2645 9651 
4606 1108 7394 8955 
4607 6219 3061 9460 
4608 1665 4160 5521 
4609 3735 784 5491 
4610 540 6985 8322 
4611 5590 2048 6079 
4612 4069 937 5900 
4613 3340 4108 10417 
4614 3623 5986 7376 
4615 5829 1890 8688 
4616 1859 4963 6425 
4617 4692 1616 8093 
4618 4849 1238 5586 
4619 3866 6257 9439 
4620 10504 3381 10696 
4621 4769 8324 10180 
4622 1857 5049 7613 
4623 3697 5630 9017 
4624 7748 4994 8057 
4625 5248 1097 7130 
4626 4428 1629 8887 
4627 4025 2016 5657 
4628 1626 4232 5497 
4629 4662 1843 6409 
4630 1239 3581 6023 
4631 7717 3077 8960 
4632 4211 3889 9015 
4633 6288 2112 9133 
4634 3678 6994 7536 
4635 2229 4532 6113 
4636 1380 3359 7441 
4637 3978 10504 10696 
4638 754 3831 6295 
4639 6508 4164 9620 
4640 5148 1607 10266 
4641 639 3552 8334 
4642 4105 2882 9138 
4643 2853 3580 7469 
4644 4512 3568 10226 
4645 1831 4710 7360 
4646 4337 761 8366 
4647 4196 1646 10088 
4648 4156 3426 8649 
4649 3875 792 7945 
4650 3939 1670 8487 
4651 4789 57 8738 
4652 1285 4168 5424 
4653 4199 2104 7336 
4654 3422 1946 7123 
4655 5270 1801 5751 
4656 1834 4097 8345 
4657 3264 950 7865 
4658 1313 3391 6628 
4659 2931 4465 5780 
4660 2161 4216 5172 
4661 4300 1387 5285 
4662 1639 3694 5990 
4663 706 3408 7091 
4664 148 147 6419 
4665 3778 5193 9811 
4666 1078 3848 6253 
4667 1176 4119 7338 
4668 4439 2427 5998 
4669 2982 6978 8746 
4670 3632 1843 8810 
4671 3273 1979 6112 
4672 3657 6278 9858 
4673 2586 4377 7566 
4674 5270 2406 5380 
4675 3825 663 7727 
4676 8918 3835 9628 
4677 3629 621 9924 
4678 6370 3906 7683 
4679 3372 1330 6444 
4680 2561 4037 8736 
4681 4707 556 5286 
4682 872 3583 9112 
4683 6215 6114 9463 
4684 4160 1778 10734 
4685 2219 6508 6567 
4686 1590 3833 10054 
4687 5082 1760 5689 
4688 1752 6026 10400 
4689 4006 1273 7443 
4690 4271 1725 9604 
4691 1895 10028 10079 
4692 1209 3615 7344 
4693 3996 651 6879 
4694 3449 1529 6557 
4695 603 3528 4955 
4696 3394 4294 8860 
4697 3616 1403 5939 
4698 5481 3703 9748 
4699 4381 1021 6183 
4700 9055 2950 9569 
4701 734 3656 6794 
4702 2098 6123 7787 
4703 7498 4767 9849 
4704 1626 6808 10309 
4705 1398 3831 9040 
4706 627 3780 7090 
4707 5636 7352 9267 
4708 4126 1421 5377 
4709 3182 5591 6618 
4710 8623 3248 9087 
4711 3489 4945 9002 
4712 1713 5481 9748 
4713 6190 2173 10602 
4714 3856 1586 5440 
4715 7905 3625 9655 
4716 4278 2284 4820 
4717 5972 1164 7751 
4718 7562 2471 10558 
4719 1505 3877 5665 
4720 7694 4335 10192 
4721 1470 4512 10226 
4722 4120 645 9006 
4723 1267 4725 5652 
4724 3792 3040 8340 
4725 958 4160 5212 
4726 4376 1076 6234 
4727 1635 6486 7302 
4728 4183 1793 6603 
4729 4714 2981 6381 
4730 6200 1854 7821 
4731 7269 1800 10335 
4732 5559 6045 9298 
4733 5387 1155 6343 
4734 1192 5794 8075 
4735 3466 644 6264 
4736 4617 2116 6119 
4737 1703 5539 9911 
4738 7024 2564 7264 
4739 5123 2730 8741 
4740 1765 3883 6231 
4741 3045 5536 7568 
4742 4733 7768 10160 
4743 3326 6462 7401 
4744 5136 6232 9559 
4745 1019 6360 8554 
4746 2477 5896 6848 
4747 3884 1908 10217 
4748 1287 3947 6586 
4749 5738 2409 7109 
4750 5253 7476 9505 
4751 2898 4054 9295 
4752 4076 1732 5679 
4753 3905 931 6401 
4754 2505 4735 5003 
4755 4276 456 7873 
4756 592 4991 6631 
4757 2173 6190 10579 
4758 5555 1823 6965 
4759 3644 172 6472 
4760 2168 6598 7122 
4761 3442 4800 8353 
4762 2504 3589 7832 
4763 1717 4640 5665 
4764 4410 2067 7295 
4765 6867 2288 6872 
4766 3270 855 6300 
4767 4446 2038 4940 
4768 582 4003 5178 
4769 4301 965 5068 
4770 4418 1321 9061 
4771 2800 4091 8938 
4772 2105 3665 6522 
4773 4320 1072 5868 
4774 3465 607 9247 
4775 1811 4567 4998 
4776 7514 3394 10437 
4777 3270 5972 7751 
4778 3628 2185 9973 
4779 3735 4557 6281 
4780 4558 5306 7405 
4781 876 4020 8715 
4782 3947 1897 10399 
4783 3671 2008 6219 
4784 1818 4510 8894 
4785 4705 1308 6496 
4786 4066 1613 6016 
4787 2074 5083 6513 
4788 3940 2573 6317 
4789 1342 3672 8534 
4790 7164 802 7827 
4791 2436 3703 6818 
4792 4632 897 8218 
4793 4242 2385 10337 
4794 4623 903 5496 
4795 1947 5903 7372 
4796 2146 6300 10029 
4797 5505 1992 6827 
4798 3380 4378 8831 
4799 6541 552 9869 
4800 6052 1620 7110 
4801 2037 3491 6699 
4802 5282 3683 8407 
4803 1567 3495 5790 
4804 4143 756 6046 
4805 4017 1570 7280 
4806 4286 6430 7895 
4807 3536 1236 7314 
4808 1481 4105 4755 
4809 3507 5928 9710 
4810 7086 3123 7094 
4811 3512 852 7690 
4812 5246 1573 6334 
4813 1382 3561 5965 
4814 2669 5728 6198 
4815 3955 210 7502 
4816 6153 5224 9431 
4817 3810 1270 7928 
4818 5816 3107 7224 
4819 3781 2516 8077 
4820 865 3479 9417 
4821 3446 547 8875 
4822 4517 1573 10740 
4823 1105 5780 9530 
4824 6410 1699 9957 
4825 1570 4191 4877 
4826 4151 1566 5739 
4827 2566 3638 7009 
4828 1382 4020 8992 
4829 3851 5531 10092 
4830 4874 1083 6760 
4831 1644 4669 5046 
4832 463 464 4187 
4833 3536 7327 7705 
4834 2026 4339 6403 
4835 6544 1849 7083 
4836 8060 3859 9513 
4837 3814 3271 9657 
4838 5761 1423 8744 
4839 5323 1940 5613 
4840 3233 5031 7677 
4841 3908 5414 9187 
4842 2037 3316 6462 
4843 4212 2842 8039 
4844 2090 3440 6431 
4845 5444 1355 8528 
4846 3391 1313 8159 
4847 4934 1763 6799 
4848 10028 3701 10079 
4849 3571 2118 5808 
4850 5476 4019 7204 
4851 1747 4124 4877 
4852 4414 862 8565 
4853 4815 5082 7154 
4854 4217 2135 4995 
4855 3951 5316 9155 
4856 3256 803 6922 
4857 4914 2341 7512 
4858 6059 3014 6596 
4859 6598 4263 7986 
4860 1805 4362 9316 
4861 2152 3992 5947 
4862 2430 3482 8981 
4863 256 255 8040 
4864 900 4286 7895 
4865 2160 6118 6633 
4866 2287 4814 5772 
4867 7182 2331 7597 
4868 4224 1906 5043 
4869 2765 6755 8596 
4870 5505 608 8785 
4871 3601 6156 8765 
4872 857 3762 6030 
4873 4874 2142 5019 
4874 1281 4228 9018 
4875 7056 2995 8376 
4876 275 4794 8258 
4877 3534 1274 6221 
4878 2961 6026 8370 
4879 6760 1083 7291 
4880 4139 1898 5374 
4881 3799 1946 7403 
4882 5085 1583 8470 
4883 1632 4816 7909 
4884 3535 552 5811 
4885 4222 2035 5054 
4886 3692 1437 6465 
4887 4853 1878 10168 
4888 1798 6369 8711 
4889 1515 3957 4646 
4890 4477 597 5893 
4891 3677 688 6942 
4892 5843 1666 7607 
4893 7327 1000 7705 
4894 2610 3577 7577 
4895 4016 571 6054 
4896 4496 2243 4868 
4897 4439 2660 6896 
4898 2460 4787 9486 
4899 4277 2959 6118 
4900 3904 1087 5945 
4901 1752 5214 8370 
4902 3879 1873 5757 
4903 2693 8008 8632 
4904 4422 2388 7494 
4905 3287 4472 10619 
4906 519 4222 10203 
4907 5030 1662 5313 
4908 5158 1399 10349 
4909 3519 903 7382 
4910 1936 5246 6129 
4911 3999 1907 5914 
4912 2741 5042 9336 
4913 3884 1762 5519 
4914 3487 892 9317 
4915 2001 3424 8457 
4916 863 4124 6729 
4917 2541 5424 5810 
4918 4696 1806 5473 
4919 6010 3797 9968 
4920 4715 1043 4907 
4921 2306 4491 7082 
4922 2960 4513 6783 
4923 5559 1065 6045 
4924 2112 6370 7683 
4925 1828 6009 9727 
4926 4236 1618 4333 
4927 849 4822 6822 
4928 1557 4548 9837 
4929 8806 3332 10152 
4930 8 7 4458 
4931 1602 3496 6236 
4932 1452 4213 7590 
4933 4066 2215 6488 
4934 203 3702 5264 
4935 3839 1144 5840 
4936 606 3396 9930 
4937 1517 3895 7102 
4938 3595 1264 7319 
4939 2348 5143 6823 
4940 3179 8272 10452 
4941 3506 1347 8022 
4942 3484 1136 7266 
4943 8701 4541 9528 
4944 1834 8345 9035 
4945 1660 4233 9783 
4946 3134 6707 7588 
4947 552 7151 9869 
4948 4363 2788 5238 
4949 1961 4148 6229 
4950 4880 3432 7853 
4951 6787 3257 10151 
4952 217 216 4515 
4953 4421 1659 4836 
4954 1350 4847 10007 
4955 3088 4290 7249 
4956 3471 5884 10586 
4957 2591 4158 5336 
4958 3703 2436 7260 
4959 3944 5312 9170 
4960 4056 938 9902 
4961 6115 1124 8200 
4962 3964 6945 9707 
4963 7618 865 10229 
4964 7251 4797 8577 
4965 3311 627 7403 
4966 2161 5172 7738 
4967 4743 1968 6570 
4968 3310 558 6377 
4969 1466 4854 9936 
4970 1062 5373 6071 
4971 5246 5022 9601 
4972 7977 1353 10501 
4973 3312 1417 7818 
4974 5552 2229 6113 
4975 397 396 6527 
4976 371 370 7847 
4977 2568 4147 8675 
4978 6963 2760 9100 
4979 4059 1401 8375 
4980 4503 1022 5583 
4981 1743 5545 8149 
4982 1587 4212 4345 
4983 708 3748 6568 
4984 1922 3591 7007 
4985 4479 6487 7688 
4986 1805 3858 9344 
4987 2984 5664 6943 
4988 5382 1683 8036 
4989 285 284 4412 
4990 1022 5030 5583 
4991 3483 2086 9090 
4992 1113 6208 9360 
4993 4137 2301 6715 
4994 2312 5223 5892 
4995 1455 3485 6443 
4996 1454 6506 8624 
4997 1727 4327 5176 
4998 5244 1207 7324 
4999 3717 557 5891 
5000 561 4027 5403 
5001 640 3624 10434 
5002 977 3728 7453 
5003 4934 6799 9618 
5004 7557 2747 8526 
5005 4062 2170 5127 
5006 3384 2377 6895 
5007 555 3816 9720 
5008 2172 3988 6972 
5009 4708 1882 5904 
5010 4352 1626 10179 
5011 3969 1648 5386 
5012 1458 3751 6007 
5013 6005 3479 7618 
5014 3866 1869 5920 
5015 5514 3055 7599 
5016 1318 3738 7638 
5017 4693 2281 8955 
5018 5935 4538 8549 
5019 1082 4149 10506 
5020 2000 5738 7375 
5021 3352 1314 7062 
5022 4540 2604 7971 
5023 633 4958 8116 
5024 2434 5156 8822 
5025 932 8252 10420 
5026 3259 5493 9736 
5027 4799 1559 10508 
5028 2519 4119 7986 
5029 3643 2262 5817 
5030 4261 1897 6909 
5031 7316 2313 9800 
5032 49 48 6287 
5033 4192 1261 5818 
5034 1980 4582 6881 
5035 5255 684 9555 
5036 1610 4057 8979 
5037 3258 5428 7006 
5038 3998 2095 7150 
5039 3396 606 7698 
5040 5255 3500 7604 
5041 4288 1670 5075 
5042 1796 3882 8259 
5043 4366 2794 8626 
5044 3771 2238 7142 
5045 845 4594 9615 
5046 5237 7426 8659 
5047 4027 1782 5403 
5048 4003 582 7050 
5049 7486 3029 8861 
5050 3399 1960 6427 
5051 3282 4590 9980 
5052 8311 749 9180 
5053 4015 621 8558 
5054 892 3487 7095 
5055 2299 5108 8384 
5056 5031 9634 10465 
5057 4660 1920 7129 
5058 1856 3578 6742 
5059 870 3371 6691 
5060 1841 3823 6613 
5061 4329 1752 6087 
5062 3162 6643 8730 
5063 8490 3521 10205 
5064 43 42 4426 
5065 5385 2770 6071 
5066 2270 3983 6829 
5067 6137 1269 7221 
5068 3745 1870 9589 
5069 6132 2082 6917 
5070 621 3629 7660 
5071 8060 4390 9579 
5072 4020 5713 8715 
5073 1108 5224 6153 
5074 3335 1360 6418 
5075 2528 3636 7205 
5076 4325 795 5834 
5077 2269 4828 5904 
5078 7063 2253 7877 
5079 2058 3719 6651 
5080 824 3655 6172 
5081 3749 809 8466 
5082 1081 3657 7279 
5083 4805 1852 5626 
5084 5188 658 6468 
5085 3271 617 8384 
5086 912 4245 9226 
5087 4159 740 6880 
5088 3905 6401 10507 
5089 5513 3130 8057 
5090 1802 3822 6632 
5091 5090 2840 8743 
5092 5129 2746 8435 
5093 1065 5333 7144 
5094 4441 2064 5184 
5095 4434 2787 7061 
5096 4401 1972 5242 
5097 2312 3605 9288 
5098 1615 4632 8515 
5099 591 5055 5412 
5100 315 4581 6001 
5101 879 3723 9472 
5102 7717 2120 7878 
5103 3645 7071 10757 
5104 4219 1687 10631 
5105 903 3519 8957 
5106 3018 4501 8362 
5107 3596 2268 6804 
5108 4449 2880 4603 
5109 3959 1824 6326 
5110 3576 1362 7035 
5111 2423 4274 7721 
5112 1189 4060 5833 
5113 580 3959 6724 
5114 4158 3503 10708 
5115 232 231 4483 
5116 3946 1580 9034 
5117 1225 5682 6398 
5118 1128 4486 6758 
5119 187 186 4438 
5120 3691 771 5303 
5121 6521 2872 8808 
5122 3889 623 9015 
5123 1995 4319 4993 
5124 2789 5078 6308 
5125 4777 5669 8112 
5126 4629 2741 6101 
5127 4312 555 6859 
5128 4656 2626 6043 
5129 3190 4964 8316 
5130 4755 1172 6542 
5131 3975 1440 8559 
5132 3984 1940 5140 
5133 4630 5536 10225 
5134 2483 4835 4900 
5135 3823 878 6613 
5136 3463 1674 8120 
5137 556 3372 7070 
5138 4679 1487 5300 
5139 1614 3952 8537 
5140 1935 3410 7033 
5141 4958 3157 8116 
5142 1460 3812 5819 
5143 2565 6571 10460 
5144 5864 1668 7023 
5145 2773 4297 5311 
5146 5679 4723 8286 
5147 547 3446 8321 
5148 3871 1891 7309 
5149 1351 3434 7217 
5150 3808 1555 9469 
5151 3643 2014 5141 
5152 1867 4942 6920 
5153 4865 3301 8397 
5154 977 4516 9287 
5155 3862 1741 6577 
5156 5737 3427 8723 
5157 1599 5625 6667 
5158 3980 2274 6996 
5159 960 3801 7955 
5160 5740 1210 7604 
5161 7063 3091 10310 
5162 3762 3236 9552 
5163 779 5878 9827 
5164 4309 863 6729 
5165 4651 1888 6921 
5166 5045 2503 5512 
5167 1400 3501 6537 
5168 3832 839 8430 
5169 2140 6059 6596 
5170 3470 2011 7760 
5171 7046 4129 9864 
5172 4217 959 5362 
5173 3495 7178 7436 
5174 127 3720 6503 
5175 6625 2330 8551 
5176 3298 4642 6786 
5177 1757 4773 4930 
5178 4442 3074 9402 
5179 1307 3450 6239 
5180 3179 5413 9967 
5181 1724 5722 10078 
5182 6184 2201 6631 
5183 2052 4679 5300 
5184 4337 2704 6011 
5185 1813 4217 5362 
5186 4112 1260 6144 
5187 5537 9218 9520 
5188 5794 1419 6214 
5189 2437 3511 7545 
5190 1377 3421 6318 
5191 230 229 4481 
5192 5283 3922 9213 
5193 1403 3616 6554 
5194 4162 565 5364 
5195 6660 4540 7971 
5196 2673 4335 7694 
5197 884 4408 5590 
5198 4996 1140 5967 
5199 2075 5385 6071 
5200 2688 4027 6966 
5201 4916 1433 6702 
5202 2481 4815 6825 
5203 5305 2747 7557 
5204 3988 605 6972 
5205 1902 4346 10562 
5206 6958 1735 9624 
5207 1609 3891 9142 
5208 3712 952 8276 
5209 3025 5253 9505 
5210 1410 3899 8415 
5211 6120 2821 9065 
5212 1672 4703 4864 
5213 3590 1075 5350 
5214 6269 3680 8320 
5215 6012 2314 6417 
5216 2443 4314 4819 
5217 561 6523 6966 
5218 5585 1706 6126 
5219 826 4445 4716 
5220 5564 1082 10506 
5221 787 5343 6553 
5222 3769 5648 9083 
5223 1329 3290 8521 
5224 1401 4059 8713 
5225 2235 3768 8336 
5226 4254 1604 10642 
5227 753 6117 10393 
5228 3987 1248 6197 
5229 6444 4225 7728 
5230 1987 4661 5258 
5231 560 4803 7654 
5232 4698 1810 8861 
5233 3012 6214 9115 
5234 5136 645 6232 
5235 4112 996 7273 
5236 4518 2782 5360 
5237 2108 3411 6839 
5238 3565 2026 5812 
5239 4535 1782 5378 
5240 852 3534 6989 
5241 2387 4172 7068 
5242 4686 1129 7159 
5243 5108 2299 7665 
5244 548 5689 5953 
5245 4816 3144 7909 
5246 132 3820 6745 
5247 2347 6457 7776 
5248 4006 2806 9915 
5249 2934 5343 9938 
5250 7714 4245 9166 
5251 2924 6485 9466 
5252 869 3315 6855 
5253 4923 2726 5978 
5254 4988 2889 6106 
5255 1404 5700 5980 
5256 102 101 6512 
5257 368 367 5283 
5258 3586 705 7429 
5259 3030 9208 9722 
5260 7147 572 9552 
5261 4835 3420 9431 
5262 2815 4050 8467 
5263 1752 4329 5214 
5264 2644 4024 7903 
5265 4132 624 8541 
5266 85 84 5316 
5267 665 4925 5741 
5268 2089 5054 5756 
5269 4255 2395 6266 
5270 720 7099 7685 
5271 3822 1005 6632 
5272 959 4995 8798 
5273 5764 603 7519 
5274 3986 750 6792 
5275 36 35 5312 
5276 5417 8913 8985 
5277 4367 8393 8988 
5278 4279 3725 8685 
5279 5077 1639 5990 
5280 1544 4268 10727 
5281 4466 1625 5133 
5282 6423 4811 8963 
5283 5682 2384 6398 
5284 3753 772 7664 
5285 672 4279 8685 
5286 4552 1243 8782 
5287 907 4192 10597 
5288 678 5123 8741 
5289 1445 4005 8441 
5290 2192 5854 9898 
5291 3655 4813 10021 
5292 4505 941 5254 
5293 4037 813 5413 
5294 801 3899 6684 
5295 2555 3717 8479 
5296 784 3735 10392 
5297 976 5218 7568 
5298 5912 3789 8925 
5299 570 4313 6900 
5300 4153 1244 5915 
5301 4316 672 8685 
5302 2874 3859 8060 
5303 2914 6058 8379 
5304 7178 2221 7436 
5305 4499 2595 6647 
5306 2114 4535 5378 
5307 4390 981 9579 
5308 1362 3576 5912 
5309 2352 5253 7139 
5310 3331 2216 7018 
5311 2056 3195 5946 
5312 3823 1983 5207 
5313 1119 6626 7953 
5314 4245 1272 7555 
5315 3478 7187 7611 
5316 441 442 7414 
5317 3514 685 6824 
5318 1526 4062 5127 
5319 3271 5108 7721 
5320 743 4154 6237 
5321 4322 1895 10079 
5322 4554 3095 5974 
5323 1791 4533 5168 
5324 3714 5932 9583 
5325 3889 2366 7839 
5326 4599 1205 8876 
5327 3564 2041 6473 
5328 6343 1155 6661 
5329 1967 3789 5912 
5330 2547 4079 5798 
5331 808 4239 10744 
5332 433 4156 7106 
5333 3860 892 7101 
5334 4579 1903 6076 
5335 4253 1894 5294 
5336 713 3809 7906 
5337 3919 1961 5588 
5338 2416 4189 7019 
5339 4154 2937 6237 
5340 4092 650 6256 
5341 5288 976 7568 
5342 721 7093 8266 
5343 1804 4447 5550 
5344 3511 4185 10512 
5345 4490 2356 9269 
5346 1066 3926 8038 
5347 1459 5059 7632 
5348 1306 3493 6452 
5349 902 3887 4926 
5350 1780 4278 4820 
5351 4055 717 8857 
5352 921 3331 7018 
5353 2132 3374 8942 
5354 909 3818 5825 
5355 7187 899 7611 
5356 4264 963 5310 
5357 2106 5841 7578 
5358 2287 5772 6282 
5359 1951 6039 7790 
5360 4824 1947 7372 
5361 3753 1878 5952 
5362 4595 1552 5020 
5363 2780 5082 6261 
5364 6023 1916 6373 
5365 5539 3997 9911 
5366 5267 2893 6459 
5367 601 4843 7747 
5368 4395 3171 8372 
5369 1733 3649 5787 
5370 1855 5369 8364 
5371 687 5565 6074 
5372 627 6438 7403 
5373 2321 5079 8275 
5374 2340 4230 7763 
5375 4331 1680 5272 
5376 3952 2276 8567 
5377 2482 3750 9283 
5378 5828 2020 7047 
5379 2154 4477 5893 
5380 6294 3531 8497 
5381 375 374 4480 
5382 6573 2208 8913 
5383 3998 1314 7209 
5384 3392 5829 8688 
5385 478 479 8402 
5386 2756 6305 7180 
5387 6227 3825 7991 
5388 308 307 6563 
5389 2029 5512 5970 
5390 6499 4724 8351 
5391 637 6284 7207 
5392 7850 3902 9677 
5393 4119 2619 9781 
5394 1335 4297 8328 
5395 5441 3480 9899 
5396 4254 3393 10109 
5397 3077 3853 8960 
5398 6121 2080 6885 
5399 3439 2878 8475 
5400 2192 5038 5207 
5401 2589 3800 7974 
5402 3585 957 6349 
5403 4053 7499 9479 
5404 2068 3785 9501 
5405 1768 5996 6176 
5406 1347 3506 7135 
5407 4456 1564 5919 
5408 1604 4254 5248 
5409 3660 1334 5094 
5410 3480 5441 7191 
5411 4360 3373 9866 
5412 4950 1588 5265 
5413 853 3886 6176 
5414 4663 7720 10106 
5415 3422 979 8398 
5416 4047 2527 8619 
5417 4674 2316 5491 
5418 5251 1819 7075 
5419 1718 4000 7092 
5420 881 3888 10190 
5421 629 4908 6407 
5422 4585 1692 4861 
5423 1375 3555 6042 
5424 4847 3159 10007 
5425 4243 1147 7013 
5426 1415 3668 6053 
5427 1245 6562 8550 
5428 5091 1781 6700 
5429 6353 1657 9699 
5430 3367 650 7230 
5431 820 5401 9221 
5432 2835 7855 8497 
5433 4324 1826 5806 
5434 1672 5259 8968 
5435 3832 1532 5744 
5436 8785 4128 10719 
5437 4746 5800 9816 
5438 1678 3888 5193 
5439 4099 2265 8109 
5440 5176 4327 9668 
5441 4292 3159 7303 
5442 4909 2096 6478 
5443 1021 4858 6183 
5444 3743 665 5741 
5445 399 398 5235 
5446 4312 6859 8350 
5447 4214 1850 8686 
5448 1956 4694 10060 
5449 3462 1191 5994 
5450 1159 3821 5927 
5451 480 5935 7009 
5452 4043 999 5451 
5453 2420 6971 9112 
5454 1908 4161 10217 
5455 4801 1538 9670 
5456 5921 2463 6033 
5457 1527 8060 9513 
5458 4985 546 7458 
5459 799 4639 6954 
5460 584 4021 8064 
5461 3853 2545 6037 
5462 3760 1986 10446 
5463 979 3422 7123 
5464 2355 4076 7305 
5465 4828 681 5904 
5466 3169 6272 7223 
5467 3151 4358 6150 
5468 3046 7905 8995 
5469 3629 1528 7660 
5470 3056 9294 9622 
5471 3101 841 7274 
5472 2637 4083 5908 
5473 4269 3549 9532 
5474 4295 2998 7399 
5475 2233 4159 6880 
5476 1522 4213 7185 
5477 3719 6775 9261 
5478 4107 2619 7230 
5479 648 3910 6854 
5480 4521 1460 9661 
5481 10015 3469 10265 
5482 1239 5645 9031 
5483 7238 3283 8381 
5484 3088 5864 7023 
5485 1824 4004 4714 
5486 4537 1853 9186 
5487 3223 5645 9482 
5488 2409 5096 5612 
5489 1483 3488 6329 
5490 5190 3925 9940 
5491 1650 4159 5866 
5492 1737 4641 7235 
5493 8377 3807 9678 
5494 1816 3953 5704 
5495 5150 739 9494 
5496 3700 7002 10390 
5497 765 4731 7392 
5498 4348 1400 10718 
5499 5137 3909 7729 
5500 3918 1303 7350 
5501 2863 5445 5910 
5502 5956 1122 7152 
5503 559 4466 5133 
5504 1029 3903 9797 
5505 208 207 4419 
5506 4759 1689 4927 
5507 879 3559 9161 
5508 6542 1172 6604 
5509 1947 4824 5258 
5510 3619 3020 7997 
5511 3727 2117 6205 
5512 4160 958 5521 
5513 3597 5653 8888 
5514 3984 5140 9308 
5515 4880 2345 5406 
5516 1433 3696 6702 
5517 1626 4352 6808 
5518 4336 1670 6887 
5519 4841 2131 4866 
5520 999 4043 5515 
5521 4044 772 7877 
5522 3168 5256 9349 
5523 6945 1713 9707 
5524 7297 2997 9401 
5525 5541 3406 8393 
5526 28 27 6424 
5527 2036 4609 7413 
5528 1591 4065 10350 
5529 4302 906 8033 
5530 1771 4488 7197 
5531 3830 2612 9178 
5532 4177 2230 5456 
5533 4286 2816 9361 
5534 3477 1391 5877 
5535 2138 3764 6454 
5536 4036 4843 7637 
5537 2767 4331 8178 
5538 2786 6121 6885 
5539 3593 1222 8221 
5540 2502 4259 8921 
5541 6146 1767 7455 
5542 1907 3999 7361 
5543 6180 2734 9939 
5544 3574 779 7849 
5545 3307 2159 6124 
5546 3918 2086 7508 
5547 5069 2448 5694 
5548 4334 2767 8178 
5549 8455 3413 10345 
5550 3666 6017 9034 
5551 2619 4107 9781 
5552 4433 7237 7838 
5553 3695 1467 8801 
5554 797 4283 5602 
5555 3338 5444 8528 
5556 5861 4490 9269 
5557 2518 7558 8869 
5558 2245 4144 5676 
5559 3513 2058 6651 
5560 1255 5570 9832 
5561 538 7574 8061 
5562 3567 1388 6269 
5563 4737 303 6141 
5564 1946 4965 9742 
5565 8375 1401 8733 
5566 4504 657 5597 
5567 4236 7091 7605 
5568 1872 5084 5239 
5569 2039 3904 5945 
5570 2577 4668 6511 
5571 2312 4612 5708 
5572 3994 9007 9673 
5573 2949 6000 10241 
5574 2337 4244 7076 
5575 731 5281 5441 
5576 6442 692 7126 
5577 1872 4914 7512 
5578 2563 3757 8538 
5579 3600 4592 8473 
5580 2628 5502 8454 
5581 965 3768 5068 
5582 3857 2010 6315 
5583 3163 4414 8565 
5584 4468 1265 8969 
5585 7335 3811 8126 
5586 1202 5964 6998 
5587 4382 3146 8774 
5588 10535 1902 10562 
5589 1575 8073 10559 
5590 3435 4834 8100 
5591 4050 1476 8467 
5592 2428 5824 7648 
5593 1732 4076 10224 
5594 1669 4910 8402 
5595 1026 4045 7472 
5596 1885 3645 10757 
5597 983 4253 5294 
5598 621 7660 8558 
5599 2224 4036 7637 
5600 7940 5807 9533 
5601 5773 2308 7228 
5602 2137 4261 6909 
5603 1646 4346 6676 
5604 3886 1768 6176 
5605 7569 753 10393 
5606 4292 740 6973 
5607 1067 5018 7538 
5608 1925 3887 7054 
5609 5519 699 5855 
5610 856 4446 4940 
5611 3821 907 4935 
5612 6099 7052 10291 
5613 8936 1724 10078 
5614 4507 1023 7773 
5615 731 5441 9899 
5616 3378 877 7703 
5617 4165 1520 5937 
5618 3083 4798 8879 
5619 5363 1113 6060 
5620 4100 669 10345 
5621 4046 1344 8011 
5622 3433 4563 10073 
5623 1757 4930 10238 
5624 4923 6124 10605 
5625 434 435 7017 
5626 967 4981 6238 
5627 4760 1691 4952 
5628 1052 3684 10581 
5629 1133 4811 6423 
5630 1525 4371 5146 
5631 892 3860 7004 
5632 4146 1540 5331 
5633 4369 907 5407 
5634 2970 4407 8751 
5635 1881 3987 6197 
5636 3625 2081 9655 
5637 2111 6131 9409 
5638 4476 1490 6784 
5639 2294 6036 6196 
5640 616 5928 6518 
5641 1464 4800 4817 
5642 1148 4298 8591 
5643 3789 4114 10074 
5644 5672 1854 6200 
5645 3351 6307 8836 
5646 3191 6039 10445 
5647 3621 909 7496 
5648 1467 3695 8761 
5649 3648 1923 9003 
5650 949 5028 6533 
5651 3618 1710 4799 
5652 1417 3634 7549 
5653 2971 4795 10494 
5654 4431 3490 8698 
5655 5955 624 8993 
5656 1878 4853 6446 
5657 4732 8475 9961 
5658 5150 9494 10721 
5659 3323 5322 7817 
5660 2170 4062 8026 
5661 2843 5945 9561 
5662 3817 1293 6337 
5663 529 3614 9594 
5664 2992 5979 7213 
5665 4696 2074 4858 
5666 3526 8289 10600 
5667 3813 6353 9699 
5668 1028 4661 5357 
5669 642 4048 8161 
5670 4498 3098 6798 
5671 4610 1018 8869 
5672 901 4315 5691 
5673 3601 633 8615 
5674 5420 2193 8276 
5675 2225 3519 7382 
5676 4681 2728 8113 
5677 5754 881 6519 
5678 4489 682 7430 
5679 4364 2369 8255 
5680 1440 3820 6552 
5681 1575 3579 7158 
5682 3751 5291 6007 
5683 4158 2591 7345 
5684 940 4421 4836 
5685 5790 3319 6208 
5686 3491 2037 6336 
5687 1229 4721 5409 
5688 3440 2090 6423 
5689 30 29 5279 
5690 1640 3735 8602 
5691 3840 2852 9478 
5692 2117 3927 6578 
5693 931 3905 6544 
5694 5525 2470 6143 
5695 2033 4971 5225 
5696 4933 1935 8676 
5697 3919 851 6047 
5698 1093 5426 9236 
5699 83 82 6422 
5700 6282 3749 8466 
5701 4473 2835 8497 
5702 3842 2149 7705 
5703 6419 3086 6637 
5704 1700 4746 9816 
5705 4579 7039 8838 
5706 1009 4178 9160 
5707 2651 3990 8231 
5708 3059 6146 7455 
5709 4882 2055 8649 
5710 4784 1839 6506 
5711 1517 3472 9352 
5712 6146 3059 8115 
5713 5458 1607 8723 
5714 3216 5090 8743 
5715 3904 1397 8085 
5716 5234 1795 6948 
5717 3444 1349 5826 
5718 1254 3878 7163 
5719 826 5325 8367 
5720 4606 5010 9639 
5721 2102 3600 5966 
5722 6523 3492 6966 
5723 565 4162 8213 
5724 5475 2653 6367 
5725 157 156 7581 
5726 3524 1300 9683 
5727 2045 3809 7464 
5728 4350 2755 8130 
5729 34 33 6429 
5730 3638 479 7009 
5731 6297 3263 10078 
5732 4536 2599 6433 
5733 4472 938 10619 
5734 3775 2079 10181 
5735 5030 2084 5583 
5736 4917 2454 6744 
5737 189 188 5291 
5738 3236 3762 6914 
5739 6808 4270 10309 
5740 5433 2041 9896 
5741 1704 5586 9212 
5742 1423 3929 7563 
5743 1117 4463 6663 
5744 2165 3651 8386 
5745 7727 2551 8095 
5746 2027 5765 6434 
5747 306 305 5266 
5748 5711 3222 10274 
5749 3534 852 6797 
5750 6284 637 9584 
5751 673 3838 8264 
5752 5563 1954 7709 
5753 3729 990 5464 
5754 1902 4337 6011 
5755 2908 4178 9830 
5756 1679 4334 6838 
5757 910 3740 5410 
5758 6570 1968 9057 
5759 8911 3524 9683 
5760 1897 4261 10399 
5761 663 3825 6227 
5762 1783 5570 6801 
5763 5932 1756 9583 
5764 1994 5847 8304 
5765 4189 1611 4840 
5766 5474 7225 10554 
5767 4579 2469 7039 
5768 5968 944 6359 
5769 1552 4484 5020 
5770 148 6419 7601 
5771 2116 3627 10568 
5772 3074 4442 5596 
5773 1698 5068 9143 
5774 3894 351 6746 
5775 182 181 6426 
5776 5991 765 7392 
5777 5421 1956 10060 
5778 1205 4599 6979 
5779 1597 3569 10746 
5780 3684 4771 8528 
5781 2516 3781 5925 
5782 4083 1927 5908 
5783 4534 1771 7197 
5784 5318 2365 6768 
5785 2692 4336 7899 
5786 1291 3478 7644 
5787 334 4331 10051 
5788 4049 903 6440 
5789 5546 693 8493 
5790 2318 4078 7605 
5791 4523 1839 9041 
5792 352 3894 6851 
5793 2682 4360 5571 
5794 1606 4126 5339 
5795 5262 1039 7193 
5796 6389 1866 9557 
5797 6732 4203 9757 
5798 6025 933 8195 
5799 4298 2560 5190 
5800 2156 3412 9712 
5801 6441 157 7581 
5802 6442 2178 7928 
5803 4125 1791 9203 
5804 1830 5130 9190 
5805 921 4140 4855 
5806 149 148 7601 
5807 822 3189 6163 
5808 4501 794 8362 
5809 1935 7033 8676 
5810 5413 3179 10452 
5811 1774 4835 9431 
5812 2692 4527 5522 
5813 2325 4243 7013 
5814 2221 4485 7436 
5815 795 3782 7412 
5816 3504 6013 6614 
5817 905 4927 7800 
5818 903 4049 7382 
5819 2819 3773 9459 
5820 3835 962 7203 
5821 1708 4421 5201 
5822 3500 5740 7604 
5823 4064 2043 5483 
5824 2025 4155 9535 
5825 559 5133 7391 
5826 2771 5848 9641 
5827 1260 4112 6753 
5828 2334 3603 6816 
5829 4563 1808 9914 
5830 3739 566 6910 
5831 714 5951 10150 
5832 4616 1803 10277 
5833 2181 5525 6143 
5834 5869 2662 6872 
5835 4318 2033 5225 
5836 2288 3588 6872 
5837 3250 1459 8148 
5838 9029 4616 10277 
5839 1683 4350 6861 
5840 4735 1731 5003 
5841 4346 1902 6011 
5842 1862 4309 7049 
5843 1359 4051 5736 
5844 5744 4058 7656 
5845 3231 8792 9704 
5846 5186 2383 8573 
5847 2710 4528 8414 
5848 4492 1969 4493 
5849 2580 3715 8382 
5850 346 4848 8751 
5851 32 31 5289 
5852 1599 3623 10485 
5853 2804 4750 5683 
5854 1760 4487 5689 
5855 2160 4109 7268 
5856 1853 5346 9186 
5857 1143 4449 8206 
5858 7785 951 8533 
5859 3709 1562 9647 
5860 1034 4186 10777 
5861 5519 5855 9222 
5862 3547 2257 9278 
5863 1682 4813 8687 
5864 4897 2548 6357 
5865 1865 3839 5840 
5866 438 3900 6778 
5867 5012 871 5690 
5868 4927 3080 7800 
5869 5701 2061 5719 
5870 4799 610 5139 
5871 721 4082 7093 
5872 9323 3752 9972 
5873 5690 3030 9722 
5874 1684 4752 5033 
5875 5990 3694 9109 
5876 6548 3382 9193 
5877 6272 1908 7223 
5878 3802 212 6993 
5879 4127 2665 8974 
5880 3792 6284 9584 
5881 20 19 6716 
5882 1109 3999 7162 
5883 4605 1783 5149 
5884 184 183 6162 
5885 5398 4145 10328 
5886 2748 5688 8067 
5887 3349 4692 8593 
5888 2007 4583 5135 
5889 3154 5210 10231 
5890 2033 4790 4971 
5891 1358 3350 9363 
5892 6218 3685 10724 
5893 435 436 5695 
5894 2063 5296 9554 
5895 1195 4510 8317 
5896 5506 2699 6779 
5897 5847 7667 8304 
5898 4115 11 7294 
5899 3914 1985 9643 
5900 4828 7794 9019 
5901 4491 1006 7082 
5902 4304 1931 9800 
5903 1251 5925 7282 
5904 4272 3454 10749 
5905 1982 4251 7149 
5906 5017 6201 10167 
5907 4486 3324 6758 
5908 7119 1009 9167 
5909 5617 2452 6179 
5910 770 4775 6292 
5911 121 3885 5622 
5912 3396 5983 9737 
5913 1766 7120 7902 
5914 3615 901 10743 
5915 2931 5780 9623 
5916 846 5344 6796 
5917 2507 4138 9113 
5918 5107 549 5296 
5919 7538 5018 10080 
5920 4613 638 5694 
5921 2297 4505 6589 
5922 4100 10535 10562 
5923 4862 7959 9443 
5924 5150 2973 8781 
5925 5135 2120 6639 
5926 2023 4034 8018 
5927 5329 3431 10295 
5928 1595 3916 5831 
5929 4111 976 6375 
5930 9777 973 10596 
5931 3929 2314 7563 
5932 5418 3632 8994 
5933 1971 4401 5242 
5934 4108 3340 6644 
5935 3834 1894 8122 
5936 630 3874 8682 
5937 2856 6754 10782 
5938 5643 3072 8143 
5939 1076 4376 5894 
5940 608 6827 9971 
5941 8960 3853 9861 
5942 4951 2269 5904 
5943 370 369 6394 
5944 735 4220 9049 
5945 4093 2083 7933 
5946 3371 5584 7186 
5947 2476 3819 5959 
5948 753 4018 10598 
5949 4959 1862 5486 
5950 3772 1769 5112 
5951 4409 1693 5356 
5952 4060 2017 5833 
5953 4773 1757 5050 
5954 5047 476 7844 
5955 5794 3012 8075 
5956 2044 4456 4889 
5957 3584 2108 6839 
5958 1681 4667 6917 
5959 3635 5423 8997 
5960 2259 6419 6637 
5961 4218 858 5063 
5962 4320 5923 9865 
5963 1948 4064 4706 
5964 4323 1086 6194 
5965 3170 729 10118 
5966 6447 3568 9366 
5967 3296 7119 9167 
5968 2781 4388 8168 
5969 3141 6347 7115 
5970 9429 1542 9573 
5971 2913 5251 7075 
5972 4775 1542 9429 
5973 8136 3365 10173 
5974 3349 8785 10719 
5975 5870 1766 7902 
5976 6978 3705 8746 
5977 481 482 4538 
5978 4153 2154 5893 
5979 7898 3054 9544 
5980 3555 1375 8109 
5981 598 6371 7031 
5982 3611 2045 6671 
5983 1846 4403 8513 
5984 3882 8311 9180 
5985 6921 1888 8050 
5986 2208 4050 7484 
5987 3575 1439 7696 
5988 2024 4280 5703 
5989 2134 3756 9905 
5990 4810 1956 6014 
5991 6923 3933 9829 
5992 2683 4975 4976 
5993 2785 4841 6792 
5994 1336 6463 9934 
5995 6486 3353 7302 
5996 3696 4718 6702 
5997 1687 4219 5389 
5998 4795 1611 9069 
5999 4510 1818 6514 
6000 765 5991 6103 
6001 3543 1892 7015 
6002 916 3475 7484 
6003 4478 3650 9645 
6004 2728 4020 8113 
6005 1556 3989 5017 
6006 1648 3969 7398 
6007 255 254 6821 
6008 1610 4568 6301 
6009 1099 5632 8828 
6010 847 4290 5044 
6011 1702 7010 9739 
6012 2812 4409 8242 
6013 494 7226 10589 
6014 3433 4625 6245 
6015 4313 570 9454 
6016 3661 459 6703 
6017 3982 1242 8071 
6018 2272 4033 5352 
6019 2079 5114 10181 
6020 2070 4595 5020 
6021 1808 5656 9914 
6022 4168 1092 5424 
6023 1488 4915 10132 
6024 1844 3635 6650 
6025 3953 469 5704 
6026 5950 1239 9031 
6027 2778 5816 7636 
6028 4413 2812 8242 
6029 608 4128 8785 
6030 1384 3690 9324 
6031 3798 1924 9158 
6032 4011 204 5264 
6033 500 501 5261 
6034 3807 8377 9324 
6035 4050 2208 7970 
6036 4738 1030 6243 
6037 2011 3897 7760 
6038 5639 954 6738 
6039 577 4456 5919 
6040 1144 3839 7396 
6041 7928 2178 8017 
6042 907 3821 5407 
6043 3501 4670 10237 
6044 1404 3971 5700 
6045 1034 4989 7149 
6046 5040 3481 9580 
6047 4590 1264 9980 
6048 3451 6053 7385 
6049 904 4952 7804 
6050 8159 4885 9605 
6051 4882 2046 4903 
6052 4671 3501 10237 
6053 5702 1285 7211 
6054 2542 3578 8224 
6055 4206 6791 9052 
6056 2118 3571 6494 
6057 2188 6531 8501 
6058 1412 3880 9379 
6059 2454 5345 6744 
6060 4493 5895 10564 
6061 4734 2363 6930 
6062 3788 956 8592 
6063 2088 4234 5420 
6064 5980 2898 7779 
6065 1798 6923 9829 
6066 1174 4627 7246 
6067 1751 7319 8611 
6068 1683 6025 8036 
6069 3744 8801 9677 
6070 3348 4598 9812 
6071 4012 1826 7186 
6072 4020 1382 5713 
6073 3915 178 5607 
6074 1792 4153 5915 
6075 3820 5065 6552 
6076 2912 4455 8545 
6077 3816 5052 9720 
6078 4134 1585 9669 
6079 2408 8455 10345 
6080 4875 698 6621 
6081 5166 4032 9367 
6082 4610 2398 4780 
6083 3904 2579 8864 
6084 4094 1467 8761 
6085 3818 1999 5825 
6086 4203 1851 9757 
6087 2572 5732 6414 
6088 1249 5441 7655 
6089 4148 1961 7420 
6090 3455 7992 8259 
6091 4399 603 9254 
6092 5316 1690 9155 
6093 4209 1110 10241 
6094 4632 3100 8515 
6095 2768 5015 10755 
6096 3236 7147 9552 
6097 4474 2979 8738 
6098 4625 3433 10073 
6099 4435 2560 5510 
6100 4050 2815 9008 
6101 3616 4737 6554 
6102 5849 1711 7948 
6103 2115 5486 5490 
6104 3933 320 5630 
6105 2806 4006 5788 
6106 4419 3295 5587 
6107 4194 1892 7658 
6108 2391 7099 7379 
6109 4114 1967 5652 
6110 2155 8750 10325 
6111 947 3637 6857 
6112 1983 4398 5544 
6113 3999 2255 7162 
6114 2159 3307 6767 
6115 4023 1095 6210 
6116 4054 1554 9295 
6117 4213 1452 6540 
6118 3932 310 5635 
6119 3657 2284 6761 
6120 3923 113 5644 
6121 6126 1706 6133 
6122 3891 1609 7416 
6123 5495 7612 9116 
6124 494 495 7226 
6125 2376 3451 7169 
6126 1670 5579 8886 
6127 3455 643 7992 
6128 14 13 6608 
6129 3828 579 5942 
6130 1 413 5034 
6131 3509 1932 9297 
6132 4054 2898 5700 
6133 4828 2269 7794 
6134 2204 4011 6302 
6135 2901 6407 9724 
6136 929 3898 8700 
6137 1509 7828 8572 
6138 5085 3556 10015 
6139 1791 3901 9203 
6140 381 380 6659 
6141 138 4409 10145 
6142 5512 2503 5970 
6143 2066 4329 5212 
6144 4612 2588 6346 
6145 3675 6878 9570 
6146 1578 5182 9728 
6147 4611 1984 5137 
6148 373 372 6110 
6149 4197 554 6147 
6150 1457 4181 5615 
6151 6939 4984 9948 
6152 3586 1392 6937 
6153 22 21 5366 
6154 4028 745 9498 
6155 16 15 5530 
6156 3609 2118 6877 
6157 2446 5323 5613 
6158 6979 4599 10001 
6159 1536 8044 10598 
6160 2342 4961 7218 
6161 5059 2513 5060 
6162 1304 4353 5621 
6163 4936 1005 6138 
6164 628 4103 6850 
6165 1280 4068 7058 
6166 4388 1689 6906 
6167 507 508 4997 
6168 1002 3878 5229 
6169 4035 686 6505 
6170 724 4108 6644 
6171 5768 4169 8184 
6172 4151 5739 10699 
6173 3546 2472 7567 
6174 3754 738 6620 
6175 4314 1580 4819 
6176 4497 3023 8880 
6177 3541 2247 9098 
6178 3716 635 5737 
6179 2854 4450 9340 
6180 1271 7952 10606 
6181 5226 2652 5833 
6182 1884 3773 8940 
6183 2027 4790 9617 
6184 566 3805 6027 
6185 939 4308 7240 
6186 3348 1346 7466 
6187 3167 5244 7324 
6188 5936 2155 10325 
6189 4904 3826 10235 
6190 3594 899 7187 
6191 5312 1691 9170 
6192 803 3653 9529 
6193 2854 4326 7143 
6194 646 5276 7520 
6195 4696 994 5083 
6196 5090 649 7075 
6197 4006 1056 5788 
6198 5474 1897 7225 
6199 2534 5729 6914 
6200 571 4269 6054 
6201 1402 4370 8811 
6202 4975 1863 4976 
6203 5776 2715 7939 
6204 3109 4534 9114 
6205 394 3939 5647 
6206 5964 1202 7202 
6207 4568 2466 6301 
6208 1131 6173 9387 
6209 1809 4527 7220 
6210 3425 1310 7470 
6211 4623 5969 7789 
6212 1515 4036 7025 
6213 4076 5679 7305 
6214 3392 2394 9446 
6215 3925 777 8273 
6216 1346 3348 6860 
6217 2006 5192 5404 
6218 2761 5032 6122 
6219 1114 5023 8129 
6220 2608 3467 9490 
6221 2930 4556 9248 
6222 3517 5996 10156 
6223 2432 5198 7406 
6224 2911 5890 7216 
6225 3486 942 8155 
6226 7200 1279 8303 
6227 5626 1852 6852 
6228 4198 1885 5834 
6229 6357 2548 6516 
6230 3925 1616 9940 
6231 4045 2122 7472 
6232 7010 4142 9739 
6233 6762 2385 8084 
6234 1877 5712 8029 
6235 4061 738 7769 
6236 6141 3803 8983 
6237 2734 3949 7886 
6238 1836 6447 9366 
6239 8364 5369 9198 
6240 6419 147 9388 
6241 2114 5378 5564 
6242 5358 3277 8506 
6243 5466 1085 7275 
6244 6297 2723 6331 
6245 2315 5293 6438 
6246 7544 2731 9331 
6247 1196 4644 7541 
6248 3310 6377 9539 
6249 507 4997 7680 
6250 2166 3529 6753 
6251 1398 4986 8192 
6252 3823 1841 5988 
6253 5625 3031 6667 
6254 3600 2102 8527 
6255 1301 5305 10253 
6256 1930 4008 6936 
6257 1286 8806 10152 
6258 3952 1151 5760 
6259 4218 1786 7681 
6260 5110 8428 8643 
6261 6774 3235 7206 
6262 7099 3686 7685 
6263 3476 2463 7569 
6264 4640 2701 5665 
6265 1270 4235 6320 
6266 1087 3904 8864 
6267 4583 2007 6386 
6268 1937 5643 8143 
6269 4956 2057 6195 
6270 4297 2773 8328 
6271 1226 6005 8935 
6272 5266 3616 5939 
6273 5250 2067 6148 
6274 1010 4656 4857 
6275 6071 5373 8531 
6276 3808 1649 6015 
6277 2446 4460 5323 
6278 5037 3365 8136 
6279 1525 5146 9868 
6280 3411 2108 7259 
6281 3962 383 5651 
6282 963 4930 5310 
6283 1768 3886 9991 
6284 2939 9323 9972 
6285 3025 3978 6723 
6286 4952 3127 7804 
6287 4283 1980 5602 
6288 2826 4453 8258 
6289 3544 7880 8068 
6290 1910 4630 9674 
6291 4082 721 8865 
6292 4937 1543 9761 
6293 949 3581 6500 
6294 2798 4444 8172 
6295 6128 4938 8090 
6296 4421 940 5201 
6297 5246 2732 6129 
6298 7161 2468 7699 
6299 3533 867 9323 
6300 6954 4639 7398 
6301 4184 1347 7135 
6302 5173 7750 10111 
6303 3667 3905 10507 
6304 3116 4464 6376 
6305 5981 2727 6604 
6306 5118 914 8290 
6307 4178 1643 4949 
6308 2579 3904 8085 
6309 1698 4724 6499 
6310 3421 4676 9978 
6311 4454 2798 8172 
6312 3516 948 8186 
6313 3909 1984 6247 
6314 4583 1188 5135 
6315 5037 1486 8768 
6316 257 4180 7234 
6317 3244 7674 9251 
6318 3736 2034 6836 
6319 4155 2025 7238 
6320 1297 4435 5510 
6321 6157 1115 9084 
6322 4533 2288 5168 
6323 579 3828 10256 
6324 4084 991 9780 
6325 5317 543 10594 
6326 2604 4540 5187 
6327 226 225 4730 
6328 4813 1682 10021 
6329 1737 4483 7299 
6330 1439 3739 7696 
6331 5415 3534 10188 
6332 2406 7086 7094 
6333 1072 4320 9865 
6334 4339 1215 6403 
6335 2112 6288 6370 
6336 1039 6379 7193 
6337 3859 6571 9513 
6338 2879 5774 9441 
6339 4234 2088 6944 
6340 5074 1856 6742 
6341 1554 4120 9295 
6342 5026 713 5661 
6343 1723 4117 6270 
6344 1556 3620 8731 
6345 2365 5576 6880 
6346 2148 4605 5149 
6347 1023 5543 7773 
6348 3965 164 5648 
6349 3538 6025 8195 
6350 4737 3616 10678 
6351 4983 2382 6050 
6352 702 4285 9206 
6353 4339 2026 9789 
6354 2086 3918 8103 
6355 1684 5283 9213 
6356 6629 2950 9055 
6357 1898 4139 6653 
6358 2920 4585 4861 
6359 5114 3566 8535 
6360 4123 2799 8069 
6361 2983 5007 9465 
6362 2103 4291 6982 
6363 2241 8523 9575 
6364 6827 1992 7521 
6365 7964 3233 9146 
6366 1959 4162 5364 
6367 4823 2613 5344 
6368 26 25 4844 
6369 4995 3532 8798 
6370 2887 7952 9202 
6371 2902 5209 8554 
6372 699 5842 6125 
6373 4181 1457 10341 
6374 4566 1960 9494 
6375 4077 1620 5416 
6376 4167 1574 10263 
6377 1898 4051 7803 
6378 1490 4476 4758 
6379 4327 2673 7694 
6380 6121 5119 9942 
6381 7802 3000 8299 
6382 2655 4736 7001 
6383 1793 5006 6603 
6384 3570 2163 8498 
6385 5908 1361 8383 
6386 3467 2134 10546 
6387 4864 898 7976 
6388 1971 4177 7533 
6389 1782 4829 5378 
6390 6337 1293 8570 
6391 2944 4537 9030 
6392 5565 2584 6074 
6393 2261 4143 6046 
6394 2378 4155 7689 
6395 2167 3560 7396 
6396 760 4949 7543 
6397 3425 6442 7126 
6398 3450 1307 10223 
6399 1624 4573 9132 
6400 5223 1981 5892 
6401 1041 4139 5374 
6402 1010 4883 9585 
6403 4173 1639 6876 
6404 860 5797 6467 
6405 3412 2156 8390 
6406 4194 1306 6452 
6407 4727 1887 5805 
6408 3786 9689 10096 
6409 1237 5113 5230 
6410 728 5506 6779 
6411 5979 2992 6725 
6412 2848 5433 6614 
6413 4379 2607 5100 
6414 4527 1809 5522 
6415 9261 1491 9602 
6416 5996 1768 10156 
6417 3762 2050 6030 
6418 510 511 4465 
6419 2363 4948 6636 
6420 2952 5941 6926 
6421 2021 4496 4868 
6422 3461 1223 8338 
6423 2434 4090 8893 
6424 3584 5148 10266 
6425 2237 3900 9549 
6426 1906 4224 6720 
6427 1217 6578 9723 
6428 4846 7607 10098 
6429 943 5059 5060 
6430 1815 5008 7982 
6431 8209 2501 8636 
6432 5818 1738 10597 
6433 1177 4031 7755 
6434 2578 5004 5531 
6435 2095 3998 7209 
6436 578 5129 8435 
6437 8046 6078 10379 
6438 3844 792 7471 
6439 2973 3490 8781 
6440 550 4216 6649 
6441 4208 2222 6448 
6442 1762 4984 6939 
6443 4356 3122 8360 
6444 1790 7463 8972 
6445 461 3757 5944 
6446 1869 3866 8078 
6447 1273 4006 9915 
6448 5874 7791 10103 
6449 3626 1291 7631 
6450 596 5633 9190 
6451 3790 5946 6163 
6452 4424 1596 9903 
6453 5652 4725 10458 
6454 588 3938 6763 
6455 3275 5452 8665 
6456 1759 4423 4613 
6457 3722 5317 8816 
6458 1023 4507 7912 
6459 1916 3874 6373 
6460 4130 2714 6149 
6461 3688 2159 6767 
6462 2955 5811 6541 
6463 5941 2952 6970 
6464 3988 2172 6250 
6465 2672 4705 6496 
6466 597 3682 5893 
6467 1702 4454 7010 
6468 964 4227 10666 
6469 5217 2244 5324 
6470 730 4996 10166 
6471 2213 4988 6106 
6472 3903 1029 6565 
6473 3931 1884 7045 
6474 744 4586 6928 
6475 4444 1703 6956 
6476 4545 2457 6605 
6477 3864 2401 5830 
6478 3662 1855 6735 
6479 2084 5111 5583 
6480 2447 4506 7885 
6481 2845 4779 4934 
6482 4462 499 8517 
6483 1865 4201 8266 
6484 4034 4231 10740 
6485 1853 4687 7000 
6486 4246 2114 5564 
6487 5180 2996 5436 
6488 4949 2867 7543 
6489 7085 4152 9953 
6490 4957 1875 9243 
6491 4569 763 7296 
6492 5286 556 9970 
6493 4958 1429 7824 
6494 4206 2251 6791 
6495 1303 3918 7508 
6496 3969 2232 7398 
6497 3209 5009 5592 
6498 2275 3834 6950 
6499 4230 591 7763 
6500 4670 1827 10089 
6501 1255 5714 8188 
6502 3842 1000 10617 
6503 1778 3650 7298 
6504 4260 964 10666 
6505 7335 2344 10478 
6506 6784 1490 8424 
6507 4830 971 5099 
6508 1916 3945 8456 
6509 3399 5304 10721 
6510 3901 736 6814 
6511 475 476 5047 
6512 2748 8562 9244 
6513 797 4921 8675 
6514 2834 5428 5847 
6515 7518 2521 8294 
6516 3064 6018 7722 
6517 4398 800 5544 
6518 2619 4119 9690 
6519 5618 4990 10471 
6520 4466 559 4704 
6521 3501 4671 6537 
6522 933 3484 7542 
6523 4697 1802 6217 
6524 7586 2783 8080 
6525 3239 8663 9853 
6526 1717 3877 9831 
6527 2236 3750 6882 
6528 7399 2998 7968 
6529 5281 2978 5441 
6530 5804 1848 9172 
6531 876 4401 6130 
6532 558 5226 6975 
6533 5560 2659 5883 
6534 3952 5760 8537 
6535 518 519 10203 
6536 973 5134 10596 
6537 3433 1364 7645 
6538 5495 1281 5516 
6539 3351 7740 10058 
6540 5802 2678 8669 
6541 5413 813 9967 
6542 3966 5753 10158 
6543 6224 3153 9774 
6544 6053 3451 10472 
6545 2958 7824 9654 
6546 1511 3882 6164 
6547 2607 4379 9134 
6548 795 4198 5834 
6549 6441 3099 7242 
6550 1246 5057 10017 
6551 5337 535 10159 
6552 8849 4525 9791 
6553 3719 2058 6775 
6554 4252 2578 7994 
6555 3115 6527 7293 
6556 6580 8460 9568 
6557 2133 3298 7978 
6558 1351 4809 9228 
6559 993 4611 5137 
6560 6986 874 8408 
6561 4067 1480 6012 
6562 5935 2566 7009 
6563 2003 4829 10090 
6564 4150 7084 9959 
6565 2163 3570 6406 
6566 6012 1480 6987 
6567 1421 4126 9818 
6568 6021 3688 6767 
6569 5210 3154 9185 
6570 6521 8808 8907 
6571 3992 2152 8007 
6572 2500 4309 8440 
6573 3424 2001 6809 
6574 17 3991 5680 
6575 5789 3034 8037 
6576 1592 7802 8299 
6577 4340 2721 10260 
6578 1457 4311 9428 
6579 2517 5113 5575 
6580 3320 7689 9983 
6581 6340 2778 7475 
6582 1951 4587 9348 
6583 6943 3565 8845 
6584 3070 1473 7900 
6585 2856 5024 6754 
6586 4407 2970 5747 
6587 788 3000 10348 
6588 1472 4382 10518 
6589 3530 5804 9172 
6590 4178 2908 9160 
6591 814 3718 9540 
6592 124 123 6722 
6593 3613 564 10093 
6594 1832 5043 6428 
6595 688 4956 6195 
6596 2424 4085 9126 
6597 4453 1713 6945 
6598 1035 5192 6215 
6599 936 4247 6032 
6600 2129 3677 6942 
6601 6020 3177 7942 
6602 2438 4965 7600 
6603 2013 4037 5413 
6604 3522 916 7809 
6605 3876 2501 7743 
6606 1979 5617 6179 
6607 3529 2166 6899 
6608 6087 2709 10316 
6609 4393 2289 5299 
6610 126 125 5411 
6611 5890 966 7216 
6612 2965 4082 8865 
6613 174 173 5419 
6614 4073 2120 7485 
6615 1924 4033 9158 
6616 1606 3617 9818 
6617 3659 1594 6723 
6618 5075 1670 8886 
6619 1786 4218 5063 
6620 4447 1517 5550 
6621 2757 8377 9678 
6622 3869 2418 7614 
6623 4232 1807 6226 
6624 4925 2347 5741 
6625 3469 7325 10265 
6626 1734 5231 5877 
6627 8876 1205 9726 
6628 991 4030 10104 
6629 2516 5925 6017 
6630 3672 620 9258 
6631 1695 4176 7822 
6632 4988 6627 9919 
6633 9085 5728 10113 
6634 1918 4623 5496 
6635 2578 6664 7994 
6636 2013 3958 7723 
6637 3665 521 6522 
6638 4459 3364 8355 
6639 566 3739 6433 
6640 2238 3771 6934 
6641 1014 4364 8255 
6642 176 175 6747 
6643 933 4572 8195 
6644 4256 3278 10285 
6645 3413 4100 10345 
6646 502 5 7290 
6647 5 503 7290 
6648 1155 3637 7498 
6649 7350 1303 8640 
6650 1911 6230 8646 
6651 2581 5662 5985 
6652 4342 1884 8308 
6653 5304 9470 10721 
6654 1348 3514 7040 
6655 3163 4202 7133 
6656 1898 4182 5374 
6657 4240 2202 7395 
6658 1827 5783 10089 
6659 3360 5669 10659 
6660 1097 4322 10079 
6661 550 4200 6043 
6662 1099 3937 8826 
6663 5700 2898 5980 
6664 3741 2097 9315 
6665 8552 3180 9960 
6666 4225 2125 7008 
6667 4691 1027 7395 
6668 1474 3492 7775 
6669 5033 946 7807 
6670 5029 2691 6223 
6671 687 4546 10442 
6672 3341 5911 6119 
6673 572 5169 7927 
6674 593 4734 6930 
6675 3900 1396 8557 
6676 4185 1500 10512 
6677 7263 2415 7924 
6678 4732 2415 6050 
6679 2123 6163 7365 
6680 4176 1695 6041 
6681 3898 929 6688 
6682 4661 1746 5357 
6683 7224 1600 10764 
6684 118 117 6912 
6685 4045 1026 6158 
6686 2638 5363 6060 
6687 4971 538 5225 
6688 1694 4094 8761 
6689 2669 5070 5071 
6690 6555 2478 6830 
6691 2457 4545 8208 
6692 3521 632 6545 
6693 4839 2824 5927 
6694 5493 3259 9581 
6695 6634 1836 8746 
6696 1935 8236 8575 
6697 1835 4133 6612 
6698 1096 5389 6193 
6699 7622 1247 10151 
6700 1630 5524 9714 
6701 6589 4505 9378 
6702 3724 5354 10706 
6703 2957 5639 6738 
6704 1504 3732 10032 
6705 2081 3989 9817 
6706 1061 5348 5612 
6707 4486 1128 7754 
6708 3561 5235 5965 
6709 5334 1337 8121 
6710 6764 1036 8779 
6711 5014 74 8880 
6712 3877 6952 9831 
6713 2935 5870 7219 
6714 2462 8458 9878 
6715 5669 1332 10659 
6716 1970 4166 7451 
6717 1085 4880 5406 
6718 4918 2900 5517 
6719 2359 3836 7267 
6720 5941 2153 6926 
6721 643 3455 8236 
6722 2783 5581 8080 
6723 4159 2233 5866 
6724 4289 2331 7943 
6725 3874 630 6373 
6726 4460 656 5323 
6727 3972 1957 6752 
6728 5928 616 9710 
6729 4273 1860 8170 
6730 2148 5149 5766 
6731 864 4158 10708 
6732 7084 1743 9959 
6733 4039 1600 7428 
6734 610 4799 7483 
6735 783 4144 6290 
6736 1854 6065 7821 
6737 9124 3048 9379 
6738 6005 3146 8935 
6739 3885 6811 9607 
6740 3886 853 8196 
6741 2747 4191 9101 
6742 7998 3817 10691 
6743 252 4008 5684 
6744 1156 5434 10497 
6745 4309 2500 7049 
6746 5495 2435 7612 
6747 7930 3755 10529 
6748 523 524 5227 
6749 4894 2670 5132 
6750 2202 4240 9966 
6751 3874 1916 8456 
6752 4598 1809 7220 
6753 1662 4208 5274 
6754 1373 3411 7259 
6755 4072 7390 10246 
6756 743 4596 7277 
6757 316 315 6001 
6758 1439 3575 7454 
6759 1415 4286 9361 
6760 5616 417 8122 
6761 6591 3356 9345 
6762 4667 1681 4895 
6763 738 4061 6620 
6764 3853 3077 10318 
6765 1491 5154 7915 
6766 303 302 6141 
6767 8544 3720 9060 
6768 1989 5553 9456 
6769 3591 1385 7007 
6770 4337 1902 5444 
6771 4863 3327 8214 
6772 1568 5511 8549 
6773 6859 2271 8350 
6774 2145 5979 6725 
6775 1750 7085 9953 
6776 982 4932 5174 
6777 862 3787 8142 
6778 2180 5326 5832 
6779 1607 5148 8432 
6780 5211 2053 7157 
6781 1711 4381 6183 
6782 853 6081 10644 
6783 791 5627 9148 
6784 1798 4442 6923 
6785 3060 8763 10376 
6786 4365 1372 9481 
6787 5701 9174 9440 
6788 1487 4052 5300 
6789 4815 1241 6825 
6790 5545 6846 8149 
6791 3668 5366 6053 
6792 1360 3512 8016 
6793 3074 5596 7608 
6794 3540 8991 9514 
6795 2086 3483 7508 
6796 1462 3707 8893 
6797 2653 4006 7443 
6798 758 5045 5512 
6799 3727 1996 7035 
6800 4613 1966 5092 
6801 828 4439 5998 
6802 1829 4671 9630 
6803 6829 3983 10033 
6804 3448 586 7283 
6805 894 4195 10049 
6806 2944 5724 7648 
6807 687 3737 8762 
6808 3187 4864 7976 
6809 2623 5275 9760 
6810 5047 1910 9674 
6811 3718 814 6701 
6812 4007 1901 9462 
6813 4078 2318 8164 
6814 1028 5322 6412 
6815 4689 1478 5503 
6816 3536 7314 7327 
6817 3275 8665 9005 
6818 3403 7736 10281 
6819 1469 4158 7345 
6820 6476 3724 10700 
6821 5560 1117 6663 
6822 4078 1618 7605 
6823 4131 2676 9680 
6824 7097 4705 9523 
6825 2813 4428 5641 
6826 1800 3937 8828 
6827 7740 3351 8836 
6828 4443 2995 7056 
6829 4280 1077 5703 
6830 4690 3348 9812 
6831 6017 3139 9034 
6832 4764 3290 5969 
6833 4320 1510 5923 
6834 4672 1163 8636 
6835 2095 5943 7957 
6836 4167 3006 5286 
6837 4663 2693 7720 
6838 6938 3265 10560 
6839 3606 1476 7970 
6840 7428 1600 8900 
6841 5496 903 8957 
6842 836 4146 5331 
6843 4869 1383 8012 
6844 1832 4266 6396 
6845 1995 4993 8796 
6846 7660 3401 8558 
6847 4559 2923 8464 
6848 1810 4452 7486 
6849 5556 3024 9636 
6850 2644 4110 6599 
6851 2906 4550 8388 
6852 5732 1084 6414 
6853 5333 2916 7144 
6854 3755 2191 6576 
6855 3291 5931 9766 
6856 7911 2418 8777 
6857 3442 1325 7793 
6858 2487 6376 7891 
6859 5873 1075 6768 
6860 2091 4112 6144 
6861 2409 5612 7109 
6862 4850 3344 6224 
6863 1673 5069 10768 
6864 1720 3609 7236 
6865 651 3969 5386 
6866 5863 2265 9590 
6867 1920 4660 6018 
6868 4686 3250 7255 
6869 205 4011 5459 
6870 1848 5225 8061 
6871 4693 8955 10619 
6872 3850 2380 9225 
6873 3159 4292 10007 
6874 1124 6728 7174 
6875 2842 4212 10018 
6876 1826 6691 7186 
6877 1850 4391 5601 
6878 3962 1964 6843 
6879 1528 3646 9580 
6880 2472 3546 8512 
6881 5434 3911 10497 
6882 2542 5362 9932 
6883 4577 2906 8388 
6884 2684 4245 7555 
6885 3696 1433 7433 
6886 3139 3946 9034 
6887 1049 4025 5657 
6888 1102 6576 9038 
6889 3657 1081 7307 
6890 4433 1642 5337 
6891 875 4884 7512 
6892 6438 3799 7403 
6893 2535 5812 6403 
6894 4137 6715 9981 
6895 3377 7761 8461 
6896 5333 1065 5559 
6897 4798 1707 8879 
6898 4972 1332 6275 
6899 4029 1626 5497 
6900 3519 2225 8187 
6901 1794 5013 8508 
6902 4181 823 7026 
6903 4079 2547 6924 
6904 2022 4651 4677 
6905 1831 4515 6957 
6906 6485 3674 9466 
6907 5486 679 5490 
6908 236 235 4839 
6909 1748 8794 8872 
6910 4591 1174 6460 
6911 5069 3214 10768 
6912 3663 5062 7937 
6913 6083 1309 7835 
6914 3895 2350 7102 
6915 2501 5574 8636 
6916 1838 5488 10666 
6917 5645 1239 9482 
6918 6643 3162 10595 
6919 7779 2898 9006 
6920 4327 7694 10647 
6921 1748 4282 8794 
6922 4311 1457 5615 
6923 1701 4565 7343 
6924 3490 4431 8781 
6925 874 3626 6454 
6926 8803 2003 10090 
6927 3119 4420 5463 
6928 1462 5089 10255 
6929 4609 2036 9064 
6930 1370 4047 8619 
6931 4998 2147 6331 
6932 5492 3745 9117 
6933 1559 10337 10508 
6934 7458 1990 7962 
6935 3525 1576 6198 
6936 2521 7518 8834 
6937 2641 4909 6478 
6938 5402 2849 8986 
6939 2199 4053 10473 
6940 802 4600 5906 
6941 1799 3640 8385 
6942 4331 2767 5287 
6943 5252 2892 9524 
6944 1344 4046 7762 
6945 4488 2781 8168 
6946 3809 713 6531 
6947 2330 6733 8323 
6948 6200 3299 10709 
6949 1742 6949 9815 
6950 7254 3343 7932 
6951 1890 6377 8688 
6952 6253 2795 7702 
6953 2538 6052 7110 
6954 2149 4330 10461 
6955 3501 1400 7425 
6956 2316 4323 5491 
6957 2767 4334 5292 
6958 1010 4857 4883 
6959 2099 4182 5624 
6960 5203 1058 9743 
6961 3427 635 7693 
6962 1995 8796 9530 
6963 1943 4220 9033 
6964 2056 3688 6021 
6965 6523 1290 9977 
6966 5202 675 6877 
6967 8562 3957 9244 
6968 3633 1468 7834 
6969 3699 2184 8800 
6970 4897 2101 8283 
6971 2663 5550 6323 
6972 1197 5154 6064 
6973 5792 3334 8102 
6974 992 4498 6798 
6975 3744 5443 8801 
6976 7013 3357 7271 
6977 2441 4504 5597 
6978 1588 3872 5076 
6979 4382 3466 10518 
6980 3730 2576 6328 
6981 1425 4352 8151 
6982 2928 4015 8558 
6983 3084 5667 10329 
6984 1068 4652 6491 
6985 4083 2637 8081 
6986 3686 1470 10226 
6987 2193 3712 8276 
6988 6099 2403 7052 
6989 4232 1192 8075 
6990 3012 5794 6214 
6991 4593 2259 6637 
6992 4394 569 7083 
6993 2232 3969 8444 
6994 4822 5963 8274 
6995 5222 1883 9216 
6996 4936 2896 10069 
6997 3427 5458 8723 
6998 3825 1427 7991 
6999 4908 2597 6407 
7000 3793 931 6015 
7001 3943 1492 8331 
7002 3693 827 6246 
7003 7867 3836 9939 
7004 768 5624 10435 
7005 3910 2015 6854 
7006 5166 718 8171 
7007 1920 4634 9380 
7008 1810 4698 5174 
7009 7002 3377 10390 
7010 102 6512 9506 
7011 3993 2091 5955 
7012 4311 6383 9428 
7013 6677 703 7587 
7014 4687 1853 5580 
7015 3646 1528 6528 
7016 4123 1879 7233 
7017 1120 4010 7388 
7018 2190 4079 10287 
7019 631 6525 8418 
7020 4921 2964 6322 
7021 415 416 5385 
7022 1574 4167 7917 
7023 3671 6219 9460 
7024 1239 5950 10609 
7025 4716 6730 10704 
7026 756 4143 6367 
7027 1742 4474 6949 
7028 1037 4363 5238 
7029 5276 2708 7520 
7030 3596 1704 6893 
7031 6535 2957 6738 
7032 3329 4013 5997 
7033 3020 6619 7997 
7034 3144 5033 7807 
7035 4368 2615 8622 
7036 6925 1939 8369 
7037 3810 7928 8017 
7038 3891 3078 9142 
7039 4660 7129 8802 
7040 5236 1206 6166 
7041 4362 5127 9316 
7042 4930 1963 5310 
7043 2386 5124 5131 
7044 5762 1530 7501 
7045 5029 1379 6733 
7046 1994 4049 6440 
7047 5156 3262 8822 
7048 1192 4232 6226 
7049 5196 2618 6466 
7050 2147 6297 6331 
7051 7648 5824 8945 
7052 4745 3147 5795 
7053 5080 1494 9641 
7054 4580 1248 6044 
7055 4758 887 5578 
7056 2635 5451 6683 
7057 6563 3096 7287 
7058 3408 5849 7948 
7059 1976 5475 6367 
7060 1901 4007 9004 
7061 4753 2055 5484 
7062 2496 3766 7742 
7063 3492 1474 9240 
7064 6545 3830 10205 
7065 1383 4869 5926 
7066 1020 5043 5896 
7067 3052 8470 9119 
7068 682 4141 6344 
7069 5798 2190 6221 
7070 2339 3724 10706 
7071 5602 1980 6881 
7072 2624 6193 6304 
7073 3217 8374 9578 
7074 2103 3543 7653 
7075 3885 120 6811 
7076 2498 2019 6680 
7077 6408 2801 6617 
7078 2104 4035 6505 
7079 1820 4281 7744 
7080 813 4176 6041 
7081 3481 2686 9982 
7082 4018 2463 6474 
7083 3812 2699 8930 
7084 5688 2748 9244 
7085 4395 1348 7040 
7086 5627 3579 9148 
7087 5534 1284 8689 
7088 3034 5789 7923 
7089 581 4134 7578 
7090 4549 882 8574 
7091 1142 4036 6225 
7092 4058 1532 7593 
7093 2821 5081 9065 
7094 4022 237 5899 
7095 4024 2239 8125 
7096 3955 7502 9952 
7097 5502 3754 8454 
7098 3784 2010 7985 
7099 4051 1359 7803 
7100 1894 4253 5527 
7101 8008 1334 8632 
7102 7277 2881 9403 
7103 417 418 8122 
7104 1297 3806 7920 
7105 3061 6219 9161 
7106 1886 6141 8983 
7107 2740 5029 6733 
7108 4449 3127 8206 
7109 812 4643 9502 
7110 3758 1004 10554 
7111 2578 5531 6664 
7112 4761 649 7437 
7113 4217 1813 5891 
7114 1130 3813 9311 
7115 2795 4802 9205 
7116 621 4015 7262 
7117 8618 3746 10501 
7118 815 3531 9996 
7119 2083 4093 7481 
7120 1794 8508 10748 
7121 1332 3805 6275 
7122 3561 1382 8992 
7123 2751 6573 8913 
7124 7350 2306 7684 
7125 1985 4206 9643 
7126 1551 4284 8507 
7127 972 4778 8737 
7128 4650 653 8073 
7129 4191 1570 9101 
7130 5773 1266 8346 
7131 4450 1306 9340 
7132 3703 914 9748 
7133 5154 2514 6064 
7134 4059 3199 8713 
7135 129 128 4917 
7136 4290 847 7249 
7137 3767 1898 7803 
7138 1244 4153 8154 
7139 4169 1720 7236 
7140 2339 5095 6425 
7141 5347 877 7989 
7142 6000 4209 10241 
7143 2611 5880 7371 
7144 4263 514 8483 
7145 1931 4625 9430 
7146 642 4377 7271 
7147 6147 1561 8727 
7148 738 5502 5882 
7149 4151 632 8858 
7150 1812 4399 8518 
7151 5040 2258 6652 
7152 4162 1959 8634 
7153 1296 6146 8115 
7154 4510 3057 8317 
7155 1917 3784 6032 
7156 1616 4249 9940 
7157 1550 6706 10251 
7158 2795 4010 6175 
7159 1866 4098 7066 
7160 6467 5797 8579 
7161 5549 2606 7757 
7162 1782 4027 10090 
7163 4017 640 8526 
7164 9596 3546 10444 
7165 4107 650 7377 
7166 1436 3790 10572 
7167 4260 2033 10712 
7168 2469 4579 6076 
7169 5662 850 7883 
7170 4875 1778 5195 
7171 5055 2308 5412 
7172 3734 7196 9425 
7173 5062 1696 9417 
7174 2469 4939 7039 
7175 603 4399 6096 
7176 4367 5470 8814 
7177 9076 2998 9243 
7178 4179 2761 9159 
7179 5417 2751 8913 
7180 4255 918 6908 
7181 435 5695 7017 
7182 1917 6032 10426 
7183 3604 646 6589 
7184 5560 7176 9337 
7185 2122 4045 7708 
7186 1345 5023 10715 
7187 4846 1961 6229 
7188 1880 3563 7935 
7189 1076 5351 6234 
7190 575 4417 8333 
7191 6250 2172 9141 
7192 6438 5293 10128 
7193 1985 3914 9888 
7194 6578 3927 9723 
7195 5458 6904 10266 
7196 4104 2180 5832 
7197 2862 5077 5990 
7198 5458 3427 7881 
7199 5421 444 10424 
7200 3427 7693 7881 
7201 2320 4486 7754 
7202 3215 7335 10478 
7203 2115 4959 5486 
7204 3684 5391 9509 
7205 4130 1462 9120 
7206 4220 3122 9049 
7207 3560 2167 7101 
7208 1496 4554 7859 
7209 3960 927 9406 
7210 5038 878 5207 
7211 1611 6991 9069 
7212 4078 895 7947 
7213 4063 3104 9550 
7214 1058 4941 9743 
7215 1573 4034 10740 
7216 3054 6023 6373 
7217 5383 3289 8201 
7218 4492 1043 7330 
7219 4634 3064 8984 
7220 5115 2713 10616 
7221 1800 4084 5822 
7222 2247 7400 9341 
7223 1559 4799 5139 
7224 4114 1883 5222 
7225 983 3812 6907 
7226 2252 4582 5520 
7227 4987 2071 5206 
7228 5103 1152 9392 
7229 737 5547 6579 
7230 5079 7208 8275 
7231 6528 3629 8492 
7232 2990 5027 5768 
7233 3052 5085 8470 
7234 5729 3554 10738 
7235 3922 366 6670 
7236 4415 2051 5887 
7237 4103 1988 6850 
7238 2540 4292 6973 
7239 5130 1037 8459 
7240 3890 986 10292 
7241 1075 3590 9672 
7242 7025 1142 9595 
7243 4249 662 7137 
7244 4566 739 9249 
7245 5662 2028 5985 
7246 3920 329 6697 
7247 7701 4589 10491 
7248 8396 1246 10017 
7249 392 4336 6887 
7250 944 3867 6359 
7251 3819 2042 8288 
7252 4997 508 5593 
7253 6102 7785 9342 
7254 399 5235 10447 
7255 4835 1774 4900 
7256 2866 4591 6460 
7257 7068 4172 10428 
7258 3106 6157 9084 
7259 4122 751 5567 
7260 688 6852 6942 
7261 4285 1963 9206 
7262 2148 3698 8303 
7263 4548 986 7355 
7264 4661 1028 5258 
7265 2005 3769 6668 
7266 2734 7867 9939 
7267 2661 5047 7844 
7268 4076 1108 6153 
7269 1948 4706 6314 
7270 2723 4525 8849 
7271 5345 1071 6744 
7272 5039 3446 8875 
7273 2033 4318 10712 
7274 8029 5712 8423 
7275 3421 1377 7639 
7276 825 5668 8740 
7277 5445 1046 5910 
7278 775 4863 8214 
7279 2024 6020 7942 
7280 3899 1590 6684 
7281 5303 3231 9704 
7282 4087 3510 10534 
7283 5666 1829 9630 
7284 631 5377 6525 
7285 3488 1483 9064 
7286 3816 555 8702 
7287 2383 7565 8573 
7288 6078 1356 6615 
7289 7352 2598 9267 
7290 1479 4073 7485 
7291 2435 5516 7291 
7292 2108 3584 6904 
7293 6827 4275 9971 
7294 3775 5252 9524 
7295 3858 1805 6555 
7296 9400 5005 9856 
7297 1756 3961 8437 
7298 4545 842 8347 
7299 2932 6126 6133 
7300 3181 6463 7051 
7301 4399 1812 6096 
7302 1108 4076 7394 
7303 1808 4563 7645 
7304 1200 4277 8027 
7305 6173 1948 9770 
7306 4356 1895 6390 
7307 3685 2076 5809 
7308 1805 3385 6324 
7309 7307 3278 7801 
7310 8646 6230 10243 
7311 5432 1730 8543 
7312 931 3808 6015 
7313 4550 1743 7084 
7314 8942 3374 9592 
7315 7880 1030 8068 
7316 6892 1790 8972 
7317 2412 7765 9096 
7318 1679 6838 10689 
7319 7139 5253 9610 
7320 5351 2458 6234 
7321 5482 2396 6266 
7322 4334 331 6838 
7323 2371 5109 5213 
7324 2110 4884 5122 
7325 8003 1305 8456 
7326 3042 5731 6072 
7327 603 4955 9254 
7328 1957 4525 5692 
7329 1987 4824 6891 
7330 1323 6497 9675 
7331 4195 2679 7132 
7332 2488 3644 6472 
7333 7963 3639 8618 
7334 7918 4801 9670 
7335 6186 2918 7376 
7336 2395 5482 6266 
7337 5255 2113 5862 
7338 4166 1165 7451 
7339 3678 883 6057 
7340 4167 2607 7917 
7341 4370 2928 8811 
7342 5192 2559 6215 
7343 1846 8513 10681 
7344 5605 1613 8113 
7345 2865 5415 8118 
7346 5419 3644 7828 
7347 998 5053 6250 
7348 3189 4547 10622 
7349 5848 3940 9641 
7350 330 3920 6838 
7351 2242 6204 6719 
7352 4091 2308 8358 
7353 1828 5180 5436 
7354 5758 546 5929 
7355 4143 1976 6367 
7356 4192 5818 10597 
7357 1111 2763 6892 
7358 1385 4457 8481 
7359 5334 8121 10691 
7360 4719 1760 4815 
7361 2285 3417 6648 
7362 4298 3080 8591 
7363 3704 1451 7797 
7364 7815 3497 10006 
7365 5223 647 8088 
7366 2262 3841 6138 
7367 1581 5466 10599 
7368 1262 4834 6499 
7369 7409 2049 7884 
7370 7019 4189 10364 
7371 5126 2745 7554 
7372 739 4431 9249 
7373 4191 2747 5986 
7374 764 4928 9090 
7375 3649 1708 7430 
7376 2388 3893 7494 
7377 1510 4320 9215 
7378 5386 2294 6196 
7379 1352 3526 8026 
7380 2755 4350 5382 
7381 951 5324 8533 
7382 2165 4768 9717 
7383 3521 6545 10205 
7384 9364 3770 10582 
7385 4350 312 6861 
7386 2153 5001 7925 
7387 6395 3315 7814 
7388 4433 3161 10607 
7389 6551 2958 9654 
7390 2041 3564 9453 
7391 2680 4262 9356 
7392 4233 2440 9783 
7393 4262 839 9356 
7394 1921 3898 6688 
7395 7732 1994 8304 
7396 3023 4497 5932 
7397 1492 3943 6461 
7398 6980 1238 9712 
7399 3639 7963 10641 
7400 4332 1077 6184 
7401 4335 2673 5395 
7402 2537 6592 9634 
7403 3471 2171 7761 
7404 1270 3810 7584 
7405 1868 4718 10024 
7406 2743 6078 8046 
7407 6407 2901 6666 
7408 5435 3550 6506 
7409 1583 5085 10015 
7410 1197 4433 10607 
7411 2481 4719 4815 
7412 9151 2187 10112 
7413 2817 7221 9503 
7414 2340 7763 9131 
7415 4664 3429 10486 
7416 4573 6174 9132 
7417 869 5383 8201 
7418 1262 6499 8859 
7419 4571 1988 6994 
7420 3667 10239 10359 
7421 2167 7093 10366 
7422 5742 843 5752 
7423 4831 1993 5862 
7424 5343 2934 6553 
7425 986 4618 7355 
7426 5996 3068 6176 
7427 6193 2137 6304 
7428 4250 1725 5711 
7429 5325 2198 7595 
7430 5240 2594 7672 
7431 6040 1838 8827 
7432 7093 4082 10366 
7433 1919 6528 8492 
7434 2047 4495 6479 
7435 5724 2428 7648 
7436 2010 3857 8031 
7437 4999 5743 9271 
7438 3807 7315 9678 
7439 37 3944 6708 
7440 2659 5560 6663 
7441 6351 2103 6982 
7442 2228 4052 8500 
7443 2084 5030 5313 
7444 5004 979 10282 
7445 3421 4872 6318 
7446 994 4696 5473 
7447 1332 7904 10659 
7448 4068 2271 7058 
7449 1773 4584 5151 
7450 4664 5639 8465 
7451 1613 4681 8113 
7452 727 4845 7691 
7453 4102 1390 8641 
7454 5013 3350 8508 
7455 4195 4945 10049 
7456 946 5234 7807 
7457 4031 2529 7755 
7458 2055 4882 4903 
7459 3985 6087 10316 
7460 2170 3526 10600 
7461 4467 2599 5886 
7462 5327 1837 6756 
7463 1051 4346 6011 
7464 3936 7051 8757 
7465 5614 4450 7143 
7466 1699 3865 6559 
7467 7053 544 10380 
7468 5582 1124 6115 
7469 1339 6819 9588 
7470 794 5469 8362 
7471 96 3950 6710 
7472 6963 9100 10412 
7473 4469 2006 6274 
7474 1027 4240 7395 
7475 2517 4333 8173 
7476 5577 7013 10791 
7477 311 3932 6861 
7478 1780 4820 9194 
7479 2248 4492 7330 
7480 86 3951 6711 
7481 701 3936 7153 
7482 3783 1305 8003 
7483 1756 4497 6913 
7484 6544 2583 6698 
7485 2294 5224 6036 
7486 3338 5731 8420 
7487 1110 4273 8170 
7488 2621 5076 8972 
7489 2407 4061 7769 
7490 4544 2210 6368 
7491 4790 2027 4971 
7492 4276 2181 6049 
7493 5163 712 7354 
7494 4283 797 8124 
7495 1750 4559 7085 
7496 425 5774 7079 
7497 658 4117 6468 
7498 2284 3657 7307 
7499 444 445 10424 
7500 2228 4503 5583 
7501 5577 3357 7013 
7502 6102 951 7785 
7503 273 3968 6654 
7504 1471 4238 9245 
7505 7431 3317 9130 
7506 4133 778 6612 
7507 4739 703 6665 
7508 5325 3423 8367 
7509 4839 1974 5899 
7510 5217 1060 5763 
7511 2177 5146 5147 
7512 3680 1388 7811 
7513 1253 4127 8974 
7514 2724 4256 9086 
7515 1746 4285 5658 
7516 4888 2450 7219 
7517 827 4005 8160 
7518 6101 2741 8261 
7519 1497 3864 5830 
7520 7731 2021 8325 
7521 4048 642 10499 
7522 5658 702 9824 
7523 9012 2439 9445 
7524 3811 987 8126 
7525 2055 4903 5484 
7526 2548 5244 8353 
7527 4806 2658 7797 
7528 2635 5503 10071 
7529 3800 2521 6796 
7530 3746 2777 8982 
7531 3987 1881 6260 
7532 541 3612 8739 
7533 3288 4975 10165 
7534 3972 59 6656 
7535 4134 3047 8697 
7536 5731 761 8420 
7537 4071 1014 6836 
7538 1875 5755 6122 
7539 6525 3636 8418 
7540 1034 7149 9106 
7541 653 4774 8073 
7542 4641 2824 8063 
7543 1333 5562 7958 
7544 2411 3652 10131 
7545 3834 419 6950 
7546 4560 2940 5819 
7547 2304 5019 8197 
7548 321 3933 6923 
7549 7467 1267 8360 
7550 5031 600 9634 
7551 2181 4276 7873 
7552 1734 4194 6452 
7553 5575 2742 9769 
7554 1986 4722 10446 
7555 4722 1047 10446 
7556 4241 755 6124 
7557 1986 3760 7262 
7558 3098 4498 9131 
7559 621 7261 9924 
7560 6065 1366 9852 
7561 2807 4686 7159 
7562 1815 7982 10527 
7563 3634 624 10402 
7564 4082 2965 9538 
7565 1607 4404 8723 
7566 3939 393 6887 
7567 4564 1899 6019 
7568 2418 5709 8777 
7569 3880 6411 7816 
7570 581 4215 7108 
7571 1163 4366 7990 
7572 1151 3952 8567 
7573 508 509 5593 
7574 1643 7576 8999 
7575 3901 1577 9203 
7576 675 4169 7236 
7577 4297 1049 5311 
7578 5319 2071 6776 
7579 94 4388 6906 
7580 4452 1903 8729 
7581 4354 2739 9116 
7582 3033 4427 7265 
7583 2603 4755 6542 
7584 8308 1884 10134 
7585 6929 875 7065 
7586 2109 6444 7728 
7587 9196 6172 10626 
7588 1190 6395 7814 
7589 4723 1732 6833 
7590 4212 900 7895 
7591 165 3965 6737 
7592 5323 656 9423 
7593 117 5979 6912 
7594 785 4183 6638 
7595 1194 4282 6301 
7596 2885 6061 6580 
7597 5450 2543 7528 
7598 3138 4796 5845 
7599 3940 5080 9641 
7600 4932 1810 5174 
7601 4235 1779 6320 
7602 762 4939 9022 
7603 5202 6877 9741 
7604 4813 3651 8687 
7605 4465 1995 5780 
7606 4586 2360 6928 
7607 5266 305 10678 
7608 1013 3998 7150 
7609 2081 3625 10569 
7610 5007 796 9465 
7611 1077 4280 6184 
7612 6162 4095 9810 
7613 4053 4801 10473 
7614 2044 4495 10611 
7615 2655 7001 8337 
7616 4608 1601 10628 
7617 4958 2375 6168 
7618 1341 4218 7681 
7619 4518 642 8161 
7620 2504 4991 8443 
7621 6902 1279 7200 
7622 5990 815 9996 
7623 1953 4317 6318 
7624 1552 3795 8223 
7625 3347 6800 10077 
7626 1907 4175 7784 
7627 5479 595 6934 
7628 1546 5741 7713 
7629 4225 1330 7313 
7630 5911 1162 6119 
7631 2035 4222 7005 
7632 3203 5437 8859 
7633 1010 3708 7577 
7634 3961 70 6803 
7635 2714 4130 9120 
7636 2101 5139 6006 
7637 2941 4672 8636 
7638 907 4369 6983 
7639 5391 1978 9509 
7640 6439 2829 9093 
7641 7255 3250 10556 
7642 2145 3956 6912 
7643 3974 1754 8569 
7644 3950 95 6906 
7645 3467 2608 6469 
7646 874 3924 8408 
7647 60 3972 6752 
7648 5232 1758 7351 
7649 6174 908 6889 
7650 496 497 5116 
7651 2114 3954 10153 
7652 4527 2692 7899 
7653 6541 2268 6820 
7654 1706 3902 8906 
7655 990 4291 8136 
7656 4410 3267 9536 
7657 5755 2086 8103 
7658 5989 1244 8154 
7659 3532 1636 10627 
7660 6576 3197 9038 
7661 792 3875 7471 
7662 6116 1720 8793 
7663 2987 4055 8857 
7664 1640 4323 6194 
7665 5354 1208 10706 
7666 6796 5344 9685 
7667 1004 5489 7507 
7668 3651 2165 7438 
7669 5716 7454 10410 
7670 5898 2823 9687 
7671 4409 2812 5387 
7672 30 5279 10419 
7673 7621 2635 10071 
7674 8334 3552 10108 
7675 2283 4344 6392 
7676 4795 7129 10494 
7677 279 3964 6826 
7678 4370 984 5126 
7679 5879 1096 8224 
7680 4183 1921 6638 
7681 4142 266 6220 
7682 1807 4232 10309 
7683 384 3962 6843 
7684 4251 2595 7149 
7685 605 3988 8881 
7686 4326 2357 8506 
7687 8365 5575 9769 
7688 3720 2454 6503 
7689 6614 5433 9328 
7690 4200 1654 6043 
7691 4012 2354 7589 
7692 5004 1858 5531 
7693 691 3849 9309 
7694 2812 4413 5392 
7695 2578 4252 8807 
7696 2217 6617 7766 
7697 5466 1581 9512 
7698 4051 1898 6653 
7699 4046 2395 7762 
7700 2028 4296 5985 
7701 1294 5250 8981 
7702 1965 4366 10057 
7703 5169 3268 7927 
7704 963 4264 6575 
7705 5551 2648 8265 
7706 4178 7119 8211 
7707 2576 4101 8674 
7708 6849 4584 8896 
7709 1931 6783 9800 
7710 6949 4210 9815 
7711 5208 2830 8665 
7712 3785 1518 6837 
7713 3100 4632 8218 
7714 271 4444 6956 
7715 1896 4451 6189 
7716 3488 5093 8291 
7717 809 6831 10329 
7718 2583 6544 7083 
7719 71 3961 6913 
7720 1399 3728 7597 
7721 5812 2026 6403 
7722 3160 7324 8683 
7723 4113 1453 6142 
7724 1972 6943 8845 
7725 7549 3005 9071 
7726 1680 4331 5287 
7727 6407 8226 9724 
7728 1399 5158 9105 
7729 2735 6929 7065 
7730 5599 1920 9380 
7731 2769 7498 9849 
7732 3431 5329 7527 
7733 2526 5734 7156 
7734 3881 2061 7404 
7735 2527 4047 7081 
7736 2696 4589 7701 
7737 2485 4753 5484 
7738 1033 4060 8174 
7739 3105 4804 5814 
7740 3965 2004 6737 
7741 3938 2072 6763 
7742 1932 4476 9297 
7743 624 3634 8541 
7744 4388 2781 5439 
7745 3705 6978 8196 
7746 8429 934 9911 
7747 7342 2537 9634 
7748 2077 4274 6293 
7749 3130 5730 8401 
7750 3109 4808 5820 
7751 906 4302 8134 
7752 1014 4071 8670 
7753 4797 1736 9325 
7754 3964 278 6945 
7755 3344 4850 10172 
7756 2198 5850 8596 
7757 1494 7504 9641 
7758 4015 1986 7262 
7759 277 4453 6945 
7760 1853 4537 5580 
7761 1663 5415 10188 
7762 4334 1679 5292 
7763 1056 5371 6526 
7764 2688 5402 6484 
7765 1931 4304 6245 
7766 3290 4764 9650 
7767 5643 1007 7591 
7768 6852 3416 6942 
7769 2741 4629 9148 
7770 5725 655 8734 
7771 1775 5742 7959 
7772 2028 6094 9799 
7773 3417 2285 8104 
7774 3968 272 6956 
7775 424 425 7079 
7776 5113 2195 5230 
7777 4299 1289 7264 
7778 6014 1956 9993 
7779 4122 5115 10616 
7780 4152 245 6235 
7781 7295 2067 9389 
7782 244 4150 6235 
7783 4201 6399 7552 
7784 211 3955 6993 
7785 1887 5632 5805 
7786 3631 849 6299 
7787 5192 1035 5404 
7788 2126 3679 9719 
7789 1429 4958 6168 
7790 4814 899 6756 
7791 4096 3204 7381 
7792 2539 7715 10785 
7793 5625 707 7372 
7794 7312 3740 9820 
7795 6304 2137 6909 
7796 813 4037 8204 
7797 5825 1999 6765 
7798 1738 4577 7114 
7799 5182 3921 9728 
7800 3249 5982 7892 
7801 2994 6078 6615 
7802 3627 2116 7281 
7803 4285 1746 10732 
7804 4331 5272 10051 
7805 4848 2140 5509 
7806 1562 7514 9647 
7807 701 7930 10529 
7808 571 4016 9081 
7809 3705 6634 8746 
7810 4422 3343 7254 
7811 4773 1963 4930 
7812 739 5150 8781 
7813 1199 6510 8234 
7814 1732 4770 6833 
7815 6080 1777 8477 
7816 6926 1058 8169 
7817 706 4236 8365 
7818 2761 6122 9159 
7819 2021 4868 8325 
7820 3897 841 7572 
7821 3991 5530 10186 
7822 563 4986 6342 
7823 2971 5599 8419 
7824 632 4151 10699 
7825 4668 1252 9708 
7826 4638 2912 8545 
7827 4537 2944 5580 
7828 5852 1868 10024 
7829 1453 4252 7994 
7830 1451 4806 7797 
7831 4090 1462 8893 
7832 4198 795 7412 
7833 1964 5209 6860 
7834 3652 2411 7624 
7835 1328 4887 7675 
7836 4703 898 4864 
7837 1099 5179 6075 
7838 4479 449 6944 
7839 7740 2460 10058 
7840 626 4109 6633 
7841 2453 8213 8836 
7842 2239 5073 6498 
7843 6580 2915 8460 
7844 4303 2313 7316 
7845 4454 268 7010 
7846 4856 2130 7410 
7847 4072 6212 10697 
7848 1868 5789 8037 
7849 9735 3313 10207 
7850 4138 1450 9113 
7851 4838 4424 7981 
7852 3050 5342 5727 
7853 4045 1685 5589 
7854 1240 4751 8463 
7855 807 4565 6692 
7856 4997 2580 7680 
7857 3003 4041 10386 
7858 562 3704 8519 
7859 6703 2227 8262 
7860 3592 909 6870 
7861 3997 8429 9911 
7862 3588 2288 8028 
7863 2203 5296 5803 
7864 9146 1299 10590 
7865 2055 4753 7106 
7866 6114 2559 6127 
7867 781 7462 8583 
7868 4290 3088 7023 
7869 4305 1524 7806 
7870 3716 5737 8887 
7871 2398 4610 8462 
7872 3807 1634 7315 
7873 2521 6330 8294 
7874 4609 989 7413 
7875 1759 4184 7135 
7876 1434 6517 7760 
7877 4710 3060 10376 
7878 4021 2817 8064 
7879 4075 1788 10284 
7880 698 4875 5195 
7881 4720 3696 7433 
7882 1518 4204 7965 
7883 2094 4689 5503 
7884 4330 2530 8673 
7885 4923 3307 6124 
7886 2065 4830 8193 
7887 5816 913 7636 
7888 2366 4211 7958 
7889 2124 4821 7753 
7890 5664 2545 6364 
7891 4485 568 7436 
7892 4098 1161 7066 
7893 3010 4570 9700 
7894 1794 4885 8159 
7895 2125 3754 6620 
7896 4118 1228 10775 
7897 1212 4526 6167 
7898 819 5222 6988 
7899 3634 6721 8720 
7900 4203 2321 8275 
7901 1422 4649 6650 
7902 6240 702 9206 
7903 5289 31 10419 
7904 5432 8543 10517 
7905 4620 1115 6157 
7906 2991 4860 6915 
7907 1545 4507 7773 
7908 4971 2027 6434 
7909 1050 5674 10272 
7910 5011 1020 5896 
7911 689 5880 6089 
7912 6659 3108 7317 
7913 4360 2682 9390 
7914 5295 1700 9816 
7915 4332 1622 6296 
7916 4487 2163 5689 
7917 1406 4024 8125 
7918 5554 1292 7233 
7919 577 5919 8004 
7920 4717 2574 6070 
7921 4264 1987 6575 
7922 733 4213 6540 
7923 4720 1867 9070 
7924 4300 2529 9020 
7925 5638 1931 9430 
7926 2331 4289 7597 
7927 3318 4548 7355 
7928 1084 4922 7884 
7929 4344 1102 6276 
7930 4970 2414 6107 
7931 7919 1812 8518 
7932 2859 4667 9032 
7933 3729 9012 9445 
7934 1738 4022 9285 
7935 3754 2125 7313 
7936 6517 3470 7760 
7937 4362 1805 9344 
7938 1328 7675 10316 
7939 2043 5122 7089 
7940 221 220 5067 
7941 4442 322 6923 
7942 3953 6439 9093 
7943 1476 4833 8656 
7944 902 3841 7020 
7945 3556 5085 8835 
7946 2625 4569 7296 
7947 2263 6832 6963 
7948 1389 4410 9536 
7949 1687 5389 8425 
7950 3099 6441 7152 
7951 1306 4194 7658 
7952 717 6651 8857 
7953 5441 2978 7655 
7954 2008 4647 6219 
7955 1960 4566 8492 
7956 1895 4356 9376 
7957 1993 4831 8769 
7958 4565 1701 6692 
7959 1579 5126 7554 
7960 5890 2911 9007 
7961 955 5298 5640 
7962 4336 2692 5579 
7963 7611 899 10036 
7964 1901 3774 9462 
7965 1600 4039 10764 
7966 4721 2183 5409 
7967 4073 1479 6519 
7968 1664 4845 7503 
7969 3945 2554 8003 
7970 4766 2392 7772 
7971 4588 2818 9224 
7972 4903 997 5484 
7973 2184 3699 7453 
7974 1095 5771 9433 
7975 4309 6729 8440 
7976 4451 1896 5813 
7977 4833 7273 8128 
7978 5338 7800 10326 
7979 1879 4123 5595 
7980 4061 1541 9988 
7981 4936 6138 8489 
7982 4291 2103 7653 
7983 2755 4581 8130 
7984 1747 8813 10001 
7985 905 4759 4927 
7986 4916 6702 8037 
7987 3762 2534 6914 
7988 3849 1817 9375 
7989 3420 4770 10224 
7990 6751 3051 6834 
7991 545 6952 9168 
7992 4395 1053 6151 
7993 2482 4002 9365 
7994 3185 6988 7973 
7995 1521 4451 6107 
7996 2034 4071 6836 
7997 2571 5534 8689 
7998 2534 5233 5729 
7999 3890 2756 9517 
8000 2470 6875 7538 
8001 1934 5390 8820 
8002 7513 3721 10157 
8003 6077 3872 10420 
8004 858 3664 10778 
8005 2198 6755 7595 
8006 1921 4183 6603 
8007 8324 3036 10180 
8008 1101 7254 7932 
8009 3164 6716 7369 
8010 5000 1664 6401 
8011 3846 2209 7088 
8012 2449 4514 8049 
8013 614 3850 8817 
8014 2074 4696 5083 
8015 4210 53 6448 
8016 5754 1876 9990 
8017 9328 754 10608 
8018 4164 2567 9620 
8019 5054 2035 6835 
8020 904 4760 4952 
8021 5992 3601 8744 
8022 714 4274 7124 
8023 4948 1594 6636 
8024 4413 135 9314 
8025 938 4170 9652 
8026 2046 4925 9525 
8027 4905 1011 7038 
8028 6305 727 7180 
8029 585 3851 7276 
8030 6124 755 10605 
8031 2564 5933 7264 
8032 3780 7732 8304 
8033 2881 5072 9403 
8034 856 4415 5887 
8035 1448 4257 5792 
8036 4442 1798 5596 
8037 6762 1283 9094 
8038 1983 3823 7746 
8039 3796 5222 9216 
8040 5098 1665 10531 
8041 3147 4745 9274 
8042 4008 251 6936 
8043 2673 4327 5414 
8044 1476 4050 7970 
8045 2923 4685 8464 
8046 1248 4580 8478 
8047 3683 2466 8407 
8048 4404 2627 8723 
8049 1577 4125 9203 
8050 2733 5489 9237 
8051 2168 4263 6598 
8052 4872 3421 9978 
8053 1044 3810 8017 
8054 3986 1638 9146 
8055 5874 1110 7791 
8056 7314 2256 7327 
8057 3355 8202 9214 
8058 5250 8310 8981 
8059 3155 6709 10635 
8060 4961 666 7218 
8061 1969 6366 7872 
8062 940 3588 8028 
8063 4698 1990 5174 
8064 8523 3345 9575 
8065 4409 5356 10145 
8066 4000 2685 9925 
8067 3839 1865 8266 
8068 1199 7733 9945 
8069 3867 2073 6359 
8070 8669 2678 9654 
8071 6995 2219 9343 
8072 5154 3161 7915 
8073 10239 994 10359 
8074 6173 4163 9387 
8075 5752 5177 10099 
8076 1937 4373 6579 
8077 1792 4761 8535 
8078 1897 6178 6909 
8079 2052 6658 9164 
8080 4939 762 7039 
8081 4097 1834 7490 
8082 4274 714 6293 
8083 3909 1823 7729 
8084 3017 4097 9108 
8085 3839 2167 7396 
8086 716 4888 7219 
8087 4253 983 6907 
8088 1882 5921 6033 
8089 2792 7833 9010 
8090 5628 2752 10761 
8091 1999 3818 9999 
8092 5296 2063 5803 
8093 4453 2826 5481 
8094 1676 6879 9411 
8095 3918 615 8103 
8096 4455 2912 5722 
8097 4072 1726 7390 
8098 7171 932 7365 
8099 4583 6386 8829 
8100 2435 7291 7725 
8101 1961 3919 7420 
8102 3766 5041 9438 
8103 1107 4012 7186 
8104 7089 5122 9565 
8105 1956 4207 7414 
8106 5488 4260 10666 
8107 3803 1466 8983 
8108 1473 4655 7171 
8109 4269 1597 6054 
8110 2284 4278 6761 
8111 2067 5250 9389 
8112 1576 4009 10489 
8113 1276 4642 7456 
8114 77 4223 6483 
8115 2830 5208 8834 
8116 2951 5925 8098 
8117 10184 1807 10309 
8118 715 6501 10665 
8119 4497 72 6913 
8120 2781 4488 5453 
8121 4536 6433 8929 
8122 7065 875 7512 
8123 4700 2002 7301 
8124 2038 4374 7995 
8125 4126 1606 9818 
8126 2386 5835 6672 
8127 5458 1254 6904 
8128 1252 4193 8710 
8129 1892 5247 7658 
8130 4581 2755 5369 
8131 2203 5107 5296 
8132 8639 1153 10530 
8133 4154 743 7169 
8134 2204 3295 5459 
8135 1911 4307 6764 
8136 4080 2162 8285 
8137 3398 4665 7507 
8138 796 5007 8824 
8139 4465 2931 9571 
8140 2322 4165 5937 
8141 4749 2488 5958 
8142 5598 1715 7168 
8143 4752 946 5033 
8144 4068 1280 7204 
8145 481 4538 5935 
8146 2137 4219 10115 
8147 750 3986 8911 
8148 3250 6696 10556 
8149 7528 2543 8645 
8150 3595 5725 8734 
8151 4229 405 6488 
8152 4066 6488 10146 
8153 838 4451 5813 
8154 6510 3730 8234 
8155 1976 4143 6693 
8156 4822 2718 6822 
8157 968 4125 6070 
8158 1530 4766 7501 
8159 406 4229 6492 
8160 3677 2129 8230 
8161 3505 4414 10395 
8162 4280 2024 6674 
8163 5870 716 7219 
8164 1672 4864 6209 
8165 3739 1439 8929 
8166 1696 5655 9417 
8167 4814 1837 5772 
8168 3090 8027 8088 
8169 7196 2184 9425 
8170 7206 3776 10300 
8171 2679 4195 7121 
8172 3396 5554 9930 
8173 1185 7957 9005 
8174 2097 3741 7060 
8175 4238 1471 10653 
8176 3286 4361 10182 
8177 3750 2236 7069 
8178 2376 4212 7895 
8179 4738 6243 9085 
8180 4474 55 6949 
8181 4119 1176 9690 
8182 1787 4490 5861 
8183 3768 965 8190 
8184 1532 4707 7593 
8185 6032 4247 10426 
8186 1763 4522 5767 
8187 4800 3442 7793 
8188 4290 1448 9259 
8189 1758 5232 10772 
8190 1536 4186 7707 
8191 660 5210 9185 
8192 2257 6344 10254 
8193 4384 537 7567 
8194 885 4221 7935 
8195 635 3716 10737 
8196 2694 4869 8012 
8197 4221 1880 7935 
8198 1747 4877 8813 
8199 6530 741 10115 
8200 5587 3295 10197 
8201 2070 6363 10481 
8202 2049 4101 7337 
8203 4779 1763 4934 
8204 6035 3562 8536 
8205 3794 2480 9943 
8206 1147 4243 6524 
8207 4350 1683 5382 
8208 6061 1257 6580 
8209 4988 985 6627 
8210 2346 5012 5690 
8211 4323 1640 8602 
8212 2538 5792 8102 
8213 664 4568 9795 
8214 238 4022 7114 
8215 1669 6375 9785 
8216 242 4550 7084 
8217 4517 3582 10238 
8218 5828 1150 6781 
8219 2970 4848 5509 
8220 4472 3287 10248 
8221 6212 1216 10697 
8222 8152 2568 8675 
8223 3900 438 9549 
8224 1141 6113 7156 
8225 3642 8020 10695 
8226 4762 1000 7795 
8227 3738 812 7936 
8228 4577 239 7114 
8229 8231 3990 9389 
8230 1383 5578 8012 
8231 4944 1592 9359 
8232 4526 2155 6167 
8233 969 4225 7008 
8234 5866 2233 7418 
8235 6441 2250 7152 
8236 9837 3622 10003 
8237 5161 549 7134 
8238 4296 1478 5985 
8239 1332 4972 7904 
8240 3924 1442 7404 
8241 5161 2082 5361 
8242 546 5758 7458 
8243 1736 5103 9325 
8244 5974 3095 9375 
8245 5775 1580 7610 
8246 8236 3455 8575 
8247 4254 2319 9839 
8248 557 3717 6696 
8249 1620 4077 7110 
8250 2611 7371 8989 
8251 4690 1964 6860 
8252 3659 7409 7884 
8253 4034 937 8018 
8254 4291 990 6982 
8255 1430 4558 6960 
8256 529 530 5938 
8257 3945 8003 8456 
8258 3611 5661 7906 
8259 5842 2885 6125 
8260 1923 4389 10154 
8261 9245 3423 10262 
8262 4977 3335 9448 
8263 3800 2589 9518 
8264 1776 4571 6994 
8265 4220 735 9033 
8266 195 4347 6547 
8267 3945 1916 6533 
8268 3253 6572 8830 
8269 100 99 5109 
8270 617 3814 9851 
8271 463 4187 9149 
8272 4519 2779 8273 
8273 5804 3530 10291 
8274 649 5537 7075 
8275 1781 5431 9050 
8276 1629 4470 5542 
8277 6038 2537 7342 
8278 5111 2228 5583 
8279 5149 719 5766 
8280 4223 76 6630 
8281 2946 4700 8609 
8282 6236 3270 10466 
8283 1283 6762 7203 
8284 1638 7964 9146 
8285 6675 2175 7127 
8286 2243 4496 6569 
8287 4765 1690 8045 
8288 3671 5191 8797 
8289 1598 4279 7381 
8290 1080 5513 7329 
8291 4847 1350 7716 
8292 5383 3646 6528 
8293 5036 4110 8015 
8294 3885 1900 5622 
8295 4559 247 7085 
8296 8345 3103 9035 
8297 1809 4598 7466 
8298 563 5425 8514 
8299 7867 2070 10481 
8300 4774 3363 8073 
8301 499 500 8517 
8302 1945 5005 9012 
8303 740 4159 6973 
8304 4063 1060 10748 
8305 1376 7238 8381 
8306 955 6555 6830 
8307 3685 8657 10724 
8308 4341 2013 8628 
8309 2526 4532 8587 
8310 4021 1697 8790 
8311 4444 2798 5539 
8312 1513 4287 6094 
8313 3085 5964 7202 
8314 2457 6477 6605 
8315 4277 2646 8027 
8316 5054 893 5756 
8317 1728 4918 5517 
8318 1609 3871 10766 
8319 5319 2241 5715 
8320 4702 2946 8609 
8321 4134 581 7108 
8322 4245 3553 9166 
8323 1172 5981 6604 
8324 1684 5033 6108 
8325 2004 4741 5961 
8326 4213 1522 7590 
8327 8972 5076 10381 
8328 3791 5004 10282 
8329 1015 5993 10153 
8330 2912 4638 5692 
8331 7887 578 8435 
8332 1601 6600 10628 
8333 4302 8033 9577 
8334 4155 837 9535 
8335 4787 2460 7740 
8336 4766 2654 7501 
8337 1364 4576 6120 
8338 5249 2602 7378 
8339 3557 1413 7448 
8340 777 4519 8273 
8341 4405 1735 5867 
8342 5385 416 8703 
8343 1493 3846 7088 
8344 1897 5474 6178 
8345 6370 547 9043 
8346 1021 4381 9437 
8347 4506 1069 7885 
8348 2700 4071 6103 
8349 1440 6552 8559 
8350 2766 5002 9398 
8351 2804 8323 9053 
8352 5467 3982 8071 
8353 223 7192 10106 
8354 2014 3643 8853 
8355 2114 4246 6662 
8356 4236 2517 8365 
8357 4429 3628 9973 
8358 4458 7 6204 
8359 2433 5742 5752 
8360 3504 9328 10608 
8361 2785 5728 9085 
8362 4156 2055 7106 
8363 1242 4429 9973 
8364 5345 1535 8137 
8365 4874 1652 5705 
8366 3646 5040 9580 
8367 6583 980 6869 
8368 6812 560 9341 
8369 4098 1866 6159 
8370 4965 1324 7600 
8371 4993 2168 7122 
8372 651 5386 6196 
8373 2231 3870 7177 
8374 5733 1392 7272 
8375 1655 4106 9658 
8376 5139 610 6006 
8377 1597 4269 9556 
8378 1413 3557 7465 
8379 2372 4805 5626 
8380 4604 3082 9473 
8381 4282 1610 6301 
8382 6112 3038 8593 
8383 4699 1799 5455 
8384 5632 1887 10104 
8385 823 4181 7097 
8386 41 40 5124 
8387 3552 639 8589 
8388 4451 1521 6189 
8389 4055 2987 6306 
8390 1258 4400 5784 
8391 1537 4881 7692 
8392 5257 2075 6397 
8393 1724 4455 5722 
8394 3002 4174 7173 
8395 7036 2352 9824 
8396 5335 904 7804 
8397 5925 1251 6017 
8398 1346 4629 6101 
8399 5717 2632 7459 
8400 9588 3949 10059 
8401 363 362 5128 
8402 3999 1109 10333 
8403 4607 2750 5778 
8404 1058 5203 8169 
8405 3081 5968 6359 
8406 432 433 7106 
8407 4827 609 6868 
8408 3940 589 5080 
8409 6978 2634 8196 
8410 5662 7883 8434 
8411 2046 9525 10363 
8412 5070 992 5071 
8413 3946 3139 10134 
8414 4266 1103 6396 
8415 2624 4919 6193 
8416 2250 5956 7152 
8417 3062 6424 7270 
8418 5062 1226 7937 
8419 3809 1394 7464 
8420 5833 2652 7676 
8421 1789 3468 8227 
8422 2162 3861 7534 
8423 6420 3066 10240 
8424 1085 5406 7275 
8425 8617 6072 9480 
8426 5043 1906 5896 
8427 6732 673 8264 
8428 4320 4677 9215 
8429 4347 194 6970 
8430 5560 1922 7176 
8431 209 5106 7502 
8432 3327 6115 8200 
8433 757 5702 5999 
8434 4917 2164 6856 
8435 2015 5341 6317 
8436 2415 4983 6050 
8437 5597 657 10541 
8438 6429 3039 7245 
8439 653 4650 6925 
8440 2932 6133 6437 
8441 1430 3843 8002 
8442 4650 1575 7158 
8443 6422 3043 7247 
8444 9683 1300 9696 
8445 3535 5811 10674 
8446 4467 5886 8337 
8447 681 4708 5904 
8448 2071 5319 5715 
8449 5789 1175 7923 
8450 5191 1508 6024 
8451 6201 3009 7564 
8452 7904 3837 10659 
8453 1650 4871 6759 
8454 4947 2488 6472 
8455 964 4260 10712 
8456 3389 8311 10688 
8457 5524 9074 9714 
8458 2435 5495 5516 
8459 3838 2321 8264 
8460 4796 3138 9207 
8461 2284 7307 7801 
8462 5378 1082 5564 
8463 5019 7096 8197 
8464 5173 1912 7750 
8465 927 4608 7044 
8466 846 4823 5344 
8467 1721 4407 5747 
8468 5696 4664 10486 
8469 2054 4987 5206 
8470 2134 3467 6469 
8471 3927 2117 8576 
8472 3821 1159 7042 
8473 823 7097 9523 
8474 2265 5863 8109 
8475 5500 1363 9599 
8476 1547 6010 10088 
8477 4898 2540 8694 
8478 2073 3867 9743 
8479 1333 4211 8488 
8480 2925 6263 8322 
8481 4408 884 8527 
8482 2496 4089 8504 
8483 6621 698 7041 
8484 943 5060 8973 
8485 980 4968 6869 
8486 2997 6975 9401 
8487 1674 5769 8120 
8488 4261 2137 10115 
8489 4324 870 6691 
8490 5450 538 6434 
8491 696 3783 8180 
8492 850 3804 10651 
8493 3855 5644 9664 
8494 5104 1851 6182 
8495 1325 3442 8394 
8496 2003 8222 8363 
8497 919 4509 6955 
8498 4076 2355 7394 
8499 5016 1545 5399 
8500 7691 5000 10270 
8501 1053 5184 6151 
8502 3258 4039 9188 
8503 6577 1741 9019 
8504 6038 2919 9383 
8505 6721 1989 8720 
8506 4346 1051 6676 
8507 3004 6394 7215 
8508 2394 3392 7297 
8509 718 4891 8171 
8510 3850 6083 7835 
8511 5839 1373 7813 
8512 4178 4949 9830 
8513 3779 880 9504 
8514 4770 1732 10224 
8515 4511 1923 10154 
8516 4873 2362 5204 
8517 4352 2639 10249 
8518 512 4319 6480 
8519 5714 3186 8188 
8520 1890 5058 6377 
8521 837 4155 7444 
8522 4699 1475 10343 
8523 618 5388 8635 
8524 1363 5500 9792 
8525 584 4087 8024 
8526 4540 704 5187 
8527 703 4739 7587 
8528 990 3729 6982 
8529 548 5082 5689 
8530 5185 2725 7693 
8531 2440 7431 9130 
8532 1163 7990 8209 
8533 4528 1604 8414 
8534 4157 2324 7650 
8535 5094 3195 6021 
8536 4816 1139 8485 
8537 5706 914 7260 
8538 4366 1965 7990 
8539 1053 4395 8076 
8540 986 4548 7178 
8541 4740 3328 10771 
8542 918 4359 6908 
8543 6587 1624 9132 
8544 2499 4115 6091 
8545 778 4133 8630 
8546 4100 3413 10535 
8547 7076 4244 8885 
8548 4939 3469 9022 
8549 2453 5770 10193 
8550 6499 2846 8859 
8551 2746 5129 6565 
8552 3158 6531 9396 
8553 8801 1467 9677 
8554 3805 566 9177 
8555 4490 1787 7710 
8556 6294 1537 7692 
8557 3995 891 6965 
8558 4435 1297 7920 
8559 1562 4380 7514 
8560 4097 535 8345 
8561 3313 5659 10207 
8562 4806 1451 8465 
8563 5598 1255 8188 
8564 4462 2039 5945 
8565 4952 1691 6228 
8566 1693 4409 5387 
8567 1722 4038 6788 
8568 6018 1201 7722 
8569 4304 1364 6245 
8570 629 6407 6666 
8571 5349 3064 7722 
8572 5157 2425 7448 
8573 2618 4175 8493 
8574 1523 4787 7740 
8575 6125 2885 8619 
8576 1453 4113 8031 
8577 2101 6006 8283 
8578 8140 2496 8504 
8579 3724 2339 10700 
8580 672 4316 10703 
8581 888 3943 10520 
8582 5829 3392 9446 
8583 755 4241 9354 
8584 2816 4286 8413 
8585 2678 5951 6551 
8586 4413 1785 5392 
8587 3956 2145 6597 
8588 9590 5132 9784 
8589 2008 4359 10763 
8590 4149 1082 7140 
8591 4365 787 8108 
8592 485 6384 9522 
8593 4838 1123 9787 
8594 5954 725 7449 
8595 4638 61 6752 
8596 2480 4996 5967 
8597 6927 2311 7127 
8598 6264 644 9405 
8599 3897 2011 8547 
8600 4381 1711 5849 
8601 1928 3933 5630 
8602 5125 2754 7497 
8603 8377 1384 9324 
8604 587 4977 9448 
8605 1927 4664 5696 
8606 1511 3761 9615 
8607 4369 1966 6983 
8608 6284 2930 7207 
8609 1371 4475 7379 
8610 4422 1993 10723 
8611 2076 3685 6218 
8612 5974 1817 10763 
8613 1886 4351 6554 
8614 1826 4324 6691 
8615 5039 1371 8145 
8616 5298 955 6830 
8617 4626 2475 7349 
8618 3722 8312 9215 
8619 1230 5664 6364 
8620 5735 2372 6195 
8621 3661 6703 8262 
8622 2367 4181 7026 
8623 4239 2278 7239 
8624 6814 2766 9398 
8625 4746 987 5800 
8626 2061 5701 9440 
8627 6875 3661 7538 
8628 4514 2449 6139 
8629 3804 8140 8504 
8630 8416 3691 9704 
8631 4804 3105 9111 
8632 1967 5807 7940 
8633 4135 3257 9740 
8634 1689 4388 5439 
8635 4507 3009 7912 
8636 3718 5104 9540 
8637 1822 4676 7639 
8638 4089 2496 7742 
8639 4924 2674 9421 
8640 6510 1199 9945 
8641 2104 4199 7975 
8642 8928 3630 9036 
8643 6999 1272 9197 
8644 4392 489 8978 
8645 4808 3109 9114 
8646 582 5178 8553 
8647 1929 3932 5635 
8648 4778 3267 8737 
8649 7083 569 7934 
8650 4610 1367 8462 
8651 5256 6324 9242 
8652 4408 2102 8450 
8653 3870 1503 7177 
8654 1438 7056 8376 
8655 1925 3855 7598 
8656 5005 1945 9856 
8657 4827 1820 8606 
8658 3202 6821 7386 
8659 1217 4723 6833 
8660 2119 7805 8101 
8661 4182 2099 10482 
8662 5206 2071 5715 
8663 4757 1428 6735 
8664 1918 3920 6697 
8665 4594 1935 8575 
8666 8120 5769 9933 
8667 1441 4326 9255 
8668 1701 4672 6692 
8669 1925 3923 5644 
8670 4600 2177 5906 
8671 5685 1078 7702 
8672 4193 1252 7252 
8673 4317 1377 6318 
8674 1289 4299 9434 
8675 5220 2202 9966 
8676 4941 2152 5947 
8677 1926 3922 6670 
8678 1294 8231 9389 
8679 2193 4234 7387 
8680 5730 685 8401 
8681 4513 2960 10492 
8682 2262 3822 7592 
8683 7574 3342 8061 
8684 9474 4105 10274 
8685 4638 1957 5692 
8686 4357 2012 6340 
8687 1851 4203 6182 
8688 4798 3083 9855 
8689 250 4685 6936 
8690 4855 1585 7866 
8691 3740 910 7537 
8692 833 4357 6340 
8693 3828 1445 8441 
8694 4340 2197 7347 
8695 4327 1727 5414 
8696 537 4384 7305 
8697 5826 3691 8416 
8698 7611 4349 8947 
8699 1258 4325 8877 
8700 1718 3770 7331 
8701 3748 5720 10236 
8702 1100 3908 8257 
8703 4353 1304 8079 
8704 4256 2724 6530 
8705 951 3827 10526 
8706 2462 3764 8458 
8707 1771 4534 6502 
8708 4306 1582 7048 
8709 2366 3844 7471 
8710 4829 1082 5378 
8711 466 467 4953 
8712 1470 3686 7285 
8713 3125 4658 10731 
8714 1939 6068 8369 
8715 5497 4232 8075 
8716 4163 6173 9770 
8717 4383 2176 6075 
8718 3303 5762 7501 
8719 3360 7188 8112 
8720 2613 4833 8128 
8721 4349 7611 10036 
8722 852 4436 7690 
8723 2276 4184 5671 
8724 4160 1665 9645 
8725 1826 4012 5897 
8726 2928 4370 9788 
8727 1215 5776 7939 
8728 4313 2552 6900 
8729 2292 7232 7649 
8730 2354 6535 6738 
8731 4616 1168 7210 
8732 6094 4287 9799 
8733 5394 3221 6217 
8734 4050 916 7484 
8735 1316 4238 6306 
8736 8312 1510 9215 
8737 1116 5850 7796 
8738 1418 4187 8890 
8739 4230 2340 6837 
8740 2266 5649 7479 
8741 4271 2727 5981 
8742 2169 4817 8924 
8743 5304 3399 6427 
8744 5580 2944 7648 
8745 3868 2158 8559 
8746 1558 3799 10128 
8747 1867 5561 9070 
8748 4115 2499 7951 
8749 2425 5289 7448 
8750 5954 3283 7238 
8751 844 4604 9963 
8752 4525 1167 5692 
8753 1860 6845 8747 
8754 4231 2023 7165 
8755 2069 4311 5615 
8756 4756 1185 6258 
8757 7486 4452 8815 
8758 7044 4608 10628 
8759 644 5380 9405 
8760 4005 2322 8441 
8761 4654 1536 7707 
8762 1091 5110 7288 
8763 3131 6812 9341 
8764 3587 5755 8103 
8765 5084 1025 5239 
8766 6074 1889 10204 
8767 4333 1129 8173 
8768 4702 166 6737 
8769 4891 2870 8171 
8770 692 4998 6331 
8771 1561 6147 7588 
8772 7997 4735 10524 
8773 4621 920 6894 
8774 1855 4581 5369 
8775 3157 4958 7824 
8776 2483 5262 6974 
8777 4093 6004 10632 
8778 295 294 5724 
8779 348 4407 9191 
8780 4293 929 8700 
8781 7135 3506 9107 
8782 4881 2379 7749 
8783 4074 949 8436 
8784 1314 3998 8005 
8785 294 5349 5724 
8786 4514 1310 8049 
8787 1875 4957 5755 
8788 5477 2065 8193 
8789 4518 1645 8988 
8790 3449 6583 10037 
8791 3668 1415 9361 
8792 4023 1668 5864 
8793 3939 1938 5647 
8794 4550 2906 5545 
8795 3315 6486 10521 
8796 3886 8196 9300 
8797 1405 4091 8358 
8798 6086 661 9515 
8799 4315 2359 7834 
8800 4425 1338 7808 
8801 4634 1920 6018 
8802 5788 1056 6526 
8803 3910 2263 8256 
8804 2384 4209 6000 
8805 2325 7013 7271 
8806 5093 3488 9064 
8807 421 4368 10276 
8808 1338 4425 7552 
8809 3239 4266 6387 
8810 1103 4266 9853 
8811 2038 4446 10773 
8812 7304 3610 8812 
8813 4837 3686 10226 
8814 1958 5784 10680 
8815 5159 1606 10749 
8816 5087 1553 8902 
8817 4377 2586 6296 
8818 2919 6038 7342 
8819 3859 2874 9407 
8820 6011 2704 8977 
8821 8433 3621 8505 
8822 4492 2248 6117 
8823 1958 4789 5784 
8824 1443 4088 7683 
8825 4736 789 5551 
8826 6463 1336 7051 
8827 2043 4064 9312 
8828 1731 4735 7997 
8829 1670 4336 5579 
8830 5248 4254 9839 
8831 5437 2983 8100 
8832 3543 7015 7653 
8833 5624 4182 10435 
8834 7793 3385 9316 
8835 997 7081 9759 
8836 2023 4069 9835 
8837 5466 3235 10599 
8838 3237 956 7027 
8839 2466 3683 7798 
8840 1572 4704 5860 
8841 976 5288 6375 
8842 3682 5989 8154 
8843 1460 6035 8536 
8844 2085 5216 6782 
8845 1041 6051 10570 
8846 6256 1498 9500 
8847 5461 3976 7575 
8848 1275 6263 6734 
8849 4532 2526 6113 
8850 5636 1675 7352 
8851 6414 1084 7884 
8852 1646 6676 9834 
8853 1915 3915 5607 
8854 4296 2028 9799 
8855 3038 6112 9075 
8856 3641 5103 9392 
8857 2533 4636 9286 
8858 5338 905 7800 
8859 2172 3919 6047 
8860 1952 4205 8878 
8861 4346 1646 10562 
8862 3021 4761 5915 
8863 4987 588 5604 
8864 534 4354 9116 
8865 6908 2611 8989 
8866 3836 2359 7393 
8867 2002 4947 7301 
8868 4535 2114 10153 
8869 4633 1764 10541 
8870 1098 6013 8818 
8871 5198 2490 8696 
8872 2648 5551 9182 
8873 1423 5992 8744 
8874 4397 1614 8537 
8875 5012 9534 10037 
8876 4474 1742 6432 
8877 326 325 5228 
8878 680 5164 7741 
8879 4487 867 8498 
8880 294 293 5349 
8881 1313 5013 8159 
8882 3065 5188 6468 
8883 1804 5550 10200 
8884 2858 5215 5327 
8885 2867 5708 8525 
8886 4495 2044 7216 
8887 2169 5290 5999 
8888 4269 1899 9556 
8889 4539 3692 8374 
8890 3120 6722 7340 
8891 5716 2053 7454 
8892 4456 2044 6717 
8893 5353 3276 10385 
8894 6185 2539 7357 
8895 2180 4104 6883 
8896 4235 1270 7584 
8897 1159 5995 7332 
8898 2400 5243 7465 
8899 1596 4215 7348 
8900 4736 2655 8948 
8901 7315 785 9678 
8902 931 3793 6401 
8903 1725 4250 8306 
8904 5541 798 8719 
8905 4396 961 9315 
8906 5279 2400 7465 
8907 4161 2420 7671 
8908 2063 5184 5572 
8909 5023 1114 7840 
8910 551 7206 10300 
8911 1839 4784 9041 
8912 3912 872 7145 
8913 1519 3733 7426 
8914 7695 3842 10617 
8915 1908 3884 9222 
8916 1899 5449 6019 
8917 1897 3947 7225 
8918 2906 4577 5818 
8919 2923 4559 5844 
8920 2569 5702 7211 
8921 4284 1551 8072 
8922 3092 6388 7513 
8923 8991 2803 9514 
8924 3997 1154 7971 
8925 3888 5754 9990 
8926 635 5185 7693 
8927 5326 1152 5832 
8928 2442 4621 6894 
8929 1178 5699 9933 
8930 746 4340 10260 
8931 5122 2043 5654 
8932 1997 4740 10771 
8933 821 5094 6021 
8934 3132 5598 8188 
8935 4079 573 10287 
8936 7331 3770 9364 
8937 1563 8960 9861 
8938 5589 9470 9629 
8939 898 5442 7976 
8940 4211 1333 7958 
8941 4545 1714 8208 
8942 6100 2908 9830 
8943 1002 5229 10655 
8944 4711 3596 6804 
8945 1250 4666 6084 
8946 1223 5447 8338 
8947 2621 4586 9484 
8948 3855 1488 7598 
8949 4488 1771 5453 
8950 2122 4540 6660 
8951 4728 1445 6415 
8952 1965 3962 5651 
8953 1682 4635 10021 
8954 4499 6647 9384 
8955 1649 4087 9231 
8956 853 6634 8196 
8957 1038 5329 10295 
8958 5437 1262 8859 
8959 7571 3106 9918 
8960 4690 385 6843 
8961 209 208 5106 
8962 4252 2332 8398 
8963 2495 6532 7125 
8964 4508 991 10104 
8965 5026 3312 7818 
8966 8299 3000 9521 
8967 3832 5744 9356 
8968 4219 6530 10115 
8969 1922 5560 5883 
8970 4374 2038 10773 
8971 1959 5364 6569 
8972 6530 2724 6714 
8973 4051 542 7165 
8974 4980 1990 5758 
8975 2413 4107 7377 
8976 510 4465 9571 
8977 440 4207 6871 
8978 937 4069 8018 
8979 1365 4363 7526 
8980 1055 8034 8625 
8981 4251 1982 6437 
8982 2395 4046 7551 
8983 1152 5103 5832 
8984 2265 4099 9260 
8985 4294 3394 10290 
8986 1151 5194 8784 
8987 2304 3941 9611 
8988 5258 1028 6412 
8989 500 5261 8517 
8990 1885 4198 6736 
8991 5749 1204 9874 
8992 7742 930 8357 
8993 4734 1482 9338 
8994 5683 2330 8323 
8995 734 4459 8355 
8996 4437 860 8053 
8997 3856 2618 8745 
8998 6140 3081 7118 
8999 4410 7295 8737 
9000 2125 4225 7313 
9001 2540 4898 8059 
9002 843 5177 5752 
9003 5416 3052 8246 
9004 5148 715 10665 
9005 5023 4040 10715 
9006 6147 3134 7588 
9007 1554 4054 6393 
9008 4025 1049 8245 
9009 682 5787 7430 
9010 1683 4678 6025 
9011 1444 4588 9224 
9012 3028 6426 7189 
9013 7957 3275 9005 
9014 4794 274 6654 
9015 4627 1707 7246 
9016 4101 1322 7337 
9017 1847 4997 5593 
9018 5963 2020 7445 
9019 1015 4496 5993 
9020 2319 7304 8812 
9021 365 4745 6670 
9022 4568 3049 9795 
9023 2291 4197 8727 
9024 2979 4789 8738 
9025 5922 1090 6951 
9026 4180 2523 6109 
9027 2191 3755 7930 
9028 4030 1800 8828 
9029 2960 5638 8721 
9030 9832 5401 10122 
9031 3225 7657 7858 
9032 2665 5529 7072 
9033 1694 4246 10506 
9034 3438 8033 8045 
9035 1483 4609 9064 
9036 4286 1415 6430 
9037 1162 5911 8523 
9038 4197 6147 8727 
9039 2436 6677 7587 
9040 2162 4028 8285 
9041 5469 3019 8362 
9042 4785 2831 9320 
9043 4128 2001 8457 
9044 2101 4897 6357 
9045 267 4142 7010 
9046 1959 5518 8389 
9047 2176 4727 5805 
9048 5348 2302 5612 
9049 2107 5760 8784 
9050 2298 5333 5559 
9051 6658 3896 9164 
9052 2020 6449 7445 
9053 7024 1289 7258 
9054 6643 1557 8730 
9055 5300 4052 8451 
9056 4436 852 6989 
9057 4678 933 6025 
9058 6157 3106 7571 
9059 5731 2009 6072 
9060 6148 3368 9950 
9061 6485 2924 9176 
9062 1347 4184 8032 
9063 3246 5166 8171 
9064 2963 5598 7168 
9065 6552 3868 8559 
9066 3898 1921 7289 
9067 1695 7822 10352 
9068 3822 1802 7993 
9069 10149 2029 10544 
9070 4035 2104 7975 
9071 3887 902 6392 
9072 2332 4252 8629 
9073 4894 978 7579 
9074 4812 2531 7652 
9075 7380 753 10598 
9076 5132 1565 10338 
9077 1713 4453 5481 
9078 1566 4999 5739 
9079 1157 4687 5580 
9080 2328 5894 7375 
9081 4404 803 7983 
9082 4928 3483 9090 
9083 4609 1483 8568 
9084 2826 4794 5434 
9085 3944 1941 6708 
9086 4207 2237 6871 
9087 2286 3935 7059 
9088 2054 5206 7136 
9089 1227 6314 8759 
9090 2100 5467 8709 
9091 4449 1143 8951 
9092 2071 4987 5604 
9093 7583 3274 10338 
9094 1539 3992 8007 
9095 5202 3463 8120 
9096 1203 4544 6368 
9097 5729 1250 6914 
9098 452 453 6105 
9099 223 222 7192 
9100 4204 2068 7462 
9101 4016 1435 9370 
9102 3079 4328 10330 
9103 4789 2979 5784 
9104 1927 4744 5908 
9105 2031 4253 6907 
9106 2025 4353 8079 
9107 8688 6377 9135 
9108 1445 3828 6415 
9109 703 6677 10130 
9110 4761 1792 5915 
9111 484 485 9522 
9112 838 4984 7125 
9113 2217 6408 6617 
9114 6747 3121 7310 
9115 2729 7151 9644 
9116 328 4764 6697 
9117 3300 7583 9184 
9118 6920 4942 8539 
9119 2161 5535 6663 
9120 3002 6174 6889 
9121 58 4789 6656 
9122 6265 3778 10378 
9123 1080 7329 7417 
9124 472 5536 10332 
9125 2929 4522 10601 
9126 5103 3641 9325 
9127 6060 2553 8691 
9128 1048 4564 6019 
9129 1903 4579 6758 
9130 2167 3839 7093 
9131 3630 4251 10758 
9132 1759 4613 5694 
9133 4319 1995 6480 
9134 613 6751 6834 
9135 355 354 5418 
9136 7904 1993 8769 
9137 2072 3938 7200 
9138 4297 1335 7665 
9139 2994 4238 6192 
9140 2030 8663 9916 
9141 5814 3847 10183 
9142 1753 3776 7206 
9143 3312 5553 6721 
9144 7283 2107 8784 
9145 4582 1070 6881 
9146 5464 1945 9012 
9147 4802 584 9205 
9148 3993 5955 8993 
9149 3702 1601 8848 
9150 849 3631 7047 
9151 2074 4601 10714 
9152 1828 5436 7138 
9153 359 358 5423 
9154 4676 1822 7034 
9155 7319 3073 8611 
9156 2784 6553 9500 
9157 4894 5132 10338 
9158 4376 2707 9399 
9159 1179 5735 10155 
9160 3950 1942 6710 
9161 2474 4275 6827 
9162 4584 747 7961 
9163 772 4044 7664 
9164 3838 4784 8678 
9165 8635 5388 10298 
9166 2361 4299 7264 
9167 2045 4596 6237 
9168 4355 260 6715 
9169 2620 8057 8401 
9170 6453 643 10583 
9171 4662 6409 7914 
9172 2134 5341 10546 
9173 1453 3857 8629 
9174 3951 1944 6711 
9175 4291 2656 8136 
9176 6651 3719 8857 
9177 6876 654 10547 
9178 980 4790 9608 
9179 4784 3078 9041 
9180 2390 3916 9110 
9181 6257 3041 9439 
9182 4343 835 8681 
9183 4796 38 6708 
9184 4275 2001 9971 
9185 4104 1736 9778 
9186 4646 3957 8562 
9187 3841 2262 7020 
9188 5077 1132 8499 
9189 1394 3809 6840 
9190 3893 2388 7493 
9191 5699 8699 9933 
9192 4551 844 9963 
9193 3363 5347 7989 
9194 2017 4060 7816 
9195 2975 5271 5557 
9196 4173 6876 10547 
9197 246 4152 7085 
9198 4804 97 6710 
9199 3924 874 7103 
9200 4057 1748 5930 
9201 5877 3424 10633 
9202 1179 5509 10141 
9203 4932 982 6076 
9204 829 4403 8439 
9205 2279 6114 6127 
9206 1416 8490 10205 
9207 5928 1896 6189 
9208 2818 4588 10645 
9209 4808 87 6711 
9210 6608 3112 7341 
9211 4150 243 7084 
9212 2606 4307 6371 
9213 261 4355 6829 
9214 3882 1511 8259 
9215 751 4122 10616 
9216 1578 5007 6265 
9217 2352 8917 9824 
9218 1982 4708 7666 
9219 6036 1108 8955 
9220 2763 5678 9880 
9221 4291 1357 8399 
9222 7658 3658 9340 
9223 3031 5625 7372 
9224 5926 788 10348 
9225 5850 3150 7796 
9226 3273 5606 10553 
9227 2212 6142 7994 
9228 1065 3994 6045 
9229 2048 4713 6079 
9230 3110 7018 10787 
9231 4281 810 7744 
9232 2369 4364 9235 
9233 734 6794 9987 
9234 1000 4762 10617 
9235 2642 4705 7097 
9236 3819 2476 10191 
9237 1236 4330 8673 
9238 5124 3138 5131 
9239 3578 5879 8224 
9240 1968 4751 5949 
9241 64 4455 8756 
9242 5880 2611 6089 
9243 1024 6402 8745 
9244 6988 2336 7973 
9245 4180 6109 10244 
9246 1450 4138 6642 
9247 740 4292 7303 
9248 3171 4395 6151 
9249 2187 5713 10112 
9250 605 4148 7420 
9251 283 4676 7034 
9252 6561 1943 9033 
9253 1614 4397 6929 
9254 2917 6604 8438 
9255 4595 2070 5940 
9256 5976 1235 8595 
9257 776 4326 8506 
9258 5795 1298 10010 
9259 2005 3965 5648 
9260 3143 4501 9852 
9261 2512 5443 6337 
9262 4702 2004 5961 
9263 5302 2092 8788 
9264 4498 1450 9131 
9265 160 159 5492 
9266 5919 2562 8004 
9267 1735 4405 9624 
9268 1665 5521 10531 
9269 4683 922 7627 
9270 7407 2378 9870 
9271 3647 6086 9515 
9272 7761 2171 8461 
9273 7747 2431 8979 
9274 1950 3961 6803 
9275 1279 6902 7682 
9276 1148 5453 8903 
9277 4665 1004 7507 
9278 5133 2738 7391 
9279 6687 1712 9436 
9280 4430 1824 6381 
9281 2351 3714 7700 
9282 7859 4554 10056 
9283 9072 5749 9874 
9284 1449 3977 8833 
9285 4445 826 8367 
9286 4033 1924 7241 
9287 2092 4775 9429 
9288 9856 1326 10196 
9289 1073 4593 6637 
9290 4631 2196 5934 
9291 1924 6044 9426 
9292 1966 4423 6997 
9293 1703 4444 5539 
9294 6920 4936 10069 
9295 4475 2391 7379 
9296 3550 6990 8624 
9297 4660 1201 6018 
9298 6985 2705 9732 
9299 5561 2896 8287 
9300 4397 875 6929 
9301 759 4779 8976 
9302 1555 3808 6698 
9303 3513 8205 9127 
9304 1677 5452 6924 
9305 766 4469 6274 
9306 2521 3800 7862 
9307 1765 6231 9808 
9308 5798 1274 6335 
9309 3511 4574 7038 
9310 4768 3736 9717 
9311 1708 4489 7430 
9312 2782 4518 8988 
9313 2515 5585 6126 
9314 5282 664 6211 
9315 1701 7343 10442 
9316 1196 4378 8010 
9317 645 4727 6232 
9318 2445 4095 9676 
9319 4357 833 9794 
9320 4968 980 5488 
9321 4091 926 7228 
9322 6521 736 7949 
9323 6728 2277 7174 
9324 2415 4732 7924 
9325 3237 4468 8969 
9326 590 4174 7842 
9327 2754 5125 8882 
9328 2057 5735 6195 
9329 1014 7438 9717 
9330 4476 1932 4758 
9331 1807 5611 6226 
9332 3558 6080 8477 
9333 2188 4135 6840 
9334 4379 1150 9134 
9335 2474 8433 10638 
9336 7138 5436 10621 
9337 1958 3972 6656 
9338 7657 1331 7858 
9339 4596 2881 7277 
9340 4439 1360 8016 
9341 1313 6229 9929 
9342 4263 2168 7128 
9343 4308 1733 7240 
9344 4596 743 6237 
9345 3928 1480 8089 
9346 6273 2134 6469 
9347 7467 3122 10011 
9348 5321 3244 9251 
9349 2017 5226 5833 
9350 5027 1720 5768 
9351 496 5116 9901 
9352 3851 1519 8077 
9353 1443 3906 9235 
9354 2936 6171 6540 
9355 5530 1833 10186 
9356 4447 1804 6278 
9357 4184 1759 7861 
9358 2108 10294 10729 
9359 5424 2541 10116 
9360 2584 6764 8779 
9361 3958 668 9169 
9362 1638 3986 6792 
9363 4832 3507 6396 
9364 5791 1233 8380 
9365 4401 1971 6130 
9366 553 3987 6260 
9367 1560 3956 6597 
9368 4615 1334 8008 
9369 3225 7858 9845 
9370 3935 2286 6979 
9371 2523 4180 8040 
9372 7974 3800 9685 
9373 2536 5825 6765 
9374 679 5486 7049 
9375 522 523 5533 
9376 9301 2784 9500 
9377 589 3940 6317 
9378 5984 2153 7925 
9379 4385 876 8715 
9380 4037 2561 8204 
9381 54 4210 6949 
9382 4713 724 6079 
9383 2559 5192 7145 
9384 573 4079 9823 
9385 1821 5397 6356 
9386 1468 4315 7834 
9387 6172 3655 10626 
9388 1523 4162 8634 
9389 483 484 5881 
9390 4010 2795 9205 
9391 1295 5814 10183 
9392 1618 4078 7947 
9393 5069 638 8787 
9394 1988 4571 6262 
9395 4975 1020 10165 
9396 3721 7513 10672 
9397 655 5725 7320 
9398 8389 2029 9762 
9399 6466 2618 8493 
9400 6626 2892 7953 
9401 2081 4791 9655 
9402 5163 7354 9080 
9403 4641 233 7235 
9404 6773 569 9306 
9405 1353 8618 10501 
9406 4266 1832 9097 
9407 4722 1986 5487 
9408 4457 2856 8481 
9409 4570 1190 8074 
9410 2102 4408 8527 
9411 7493 1248 8478 
9412 471 472 10332 
9413 1680 4513 10492 
9414 3857 1453 8031 
9415 710 5040 6652 
9416 4955 4062 9254 
9417 2236 4793 7069 
9418 4755 4105 9474 
9419 2362 4873 9803 
9420 2675 7346 10394 
9421 1250 5729 10738 
9422 1975 4570 8074 
9423 2459 4023 8176 
9424 2357 4326 8680 
9425 7963 4193 10641 
9426 1744 5451 8247 
9427 4351 1403 6554 
9428 2158 3868 8708 
9429 1111 6077 6957 
9430 2143 4528 6898 
9431 4685 1930 6936 
9432 3702 1761 5264 
9433 901 4911 10743 
9434 4237 2485 8042 
9435 2113 4831 5862 
9436 4557 1055 6281 
9437 5162 966 5890 
9438 7081 4047 9759 
9439 3173 5646 10187 
9440 4238 2994 9245 
9441 6576 1102 8468 
9442 4222 2089 10203 
9443 2936 6540 9145 
9444 3942 5795 10010 
9445 1651 4316 8685 
9446 4629 791 9148 
9447 5327 6756 9252 
9448 5718 1893 5884 
9449 4829 2003 8363 
9450 5504 3015 9241 
9451 3920 1918 10689 
9452 2225 4305 8000 
9453 3044 5240 7672 
9454 7164 3447 9868 
9455 2088 5420 8225 
9456 3772 9055 9569 
9457 4071 2700 8670 
9458 6760 2257 10254 
9459 4359 5974 10763 
9460 2886 7940 9533 
9461 4984 2495 7125 
9462 6467 3824 10299 
9463 2329 6802 9681 
9464 3234 7458 7962 
9465 4246 5564 10506 
9466 3964 1953 6826 
9467 5229 6564 10655 
9468 285 4412 7019 
9469 5720 1381 10236 
9470 5110 1091 8428 
9471 3459 7845 10509 
9472 1000 3842 7705 
9473 5855 699 6125 
9474 7674 1008 9251 
9475 4999 2059 5739 
9476 665 4851 9525 
9477 5740 1628 8546 
9478 6808 4352 10249 
9479 5335 7804 10439 
9480 6669 2474 10638 
9481 2151 5951 6694 
9482 5173 1149 8777 
9483 2189 5480 6356 
9484 1561 4863 8727 
9485 5930 2865 8118 
9486 2389 4303 9280 
9487 5509 3973 10141 
9488 3325 6137 10014 
9489 3906 6370 9043 
9490 3123 5698 7094 
9491 4426 42 7067 
9492 1477 3978 9505 
9493 43 4426 7068 
9494 824 4982 8386 
9495 69 4850 6803 
9496 3049 7960 9795 
9497 4800 641 4817 
9498 722 4555 6037 
9499 2060 10728 10784 
9500 2972 4818 9930 
9501 4431 739 8781 
9502 2385 4242 8084 
9503 4488 91 7197 
9504 6010 4196 10088 
9505 4457 1385 6841 
9506 2666 4639 8928 
9507 562 4812 7652 
9508 4497 1756 5932 
9509 2097 4396 9315 
9510 1677 5105 10537 
9511 5951 714 6551 
9512 4311 2069 8030 
9513 4794 2826 8258 
9514 953 7562 9057 
9515 4383 995 7603 
9516 2849 5402 9382 
9517 4624 2419 7258 
9518 2993 5277 9567 
9519 2582 5117 5799 
9520 2428 5349 7722 
9521 4496 2021 5993 
9522 3968 1955 6654 
9523 1262 5437 8100 
9524 6323 5550 9352 
9525 7774 3126 10068 
9526 1372 5365 9481 
9527 4167 5286 9970 
9528 4751 1240 5983 
9529 5699 1178 8843 
9530 4622 3791 10282 
9531 3426 4156 8586 
9532 1357 4291 7653 
9533 3991 1970 5680 
9534 514 4263 7128 
9535 1643 4983 7576 
9536 5845 3907 10206 
9537 4501 6065 9852 
9538 5225 538 8061 
9539 2094 6683 8920 
9540 4101 2049 7409 
9541 4872 280 6826 
9542 6648 2876 8759 
9543 4036 2224 6225 
9544 7502 2498 9952 
9545 6627 2062 9919 
9546 7325 3469 8601 
9547 2603 4729 6172 
9548 539 5249 7378 
9549 1321 5535 7738 
9550 1873 5398 5757 
9551 1601 4335 5395 
9552 4647 879 6219 
9553 1935 4594 8706 
9554 2087 6586 6714 
9555 2946 4702 5961 
9556 4793 1177 7069 
9557 6388 1268 7513 
9558 1350 7509 7716 
9559 4549 1627 8395 
9560 1914 4464 10127 
9561 4247 2443 6623 
9562 803 4404 6922 
9563 4139 1041 7104 
9564 4250 2354 6738 
9565 5184 2064 5572 
9566 7518 2830 8834 
9567 6442 3425 7470 
9568 1098 5779 6614 
9569 939 7240 9471 
9570 4571 1044 6262 
9571 4644 2253 6785 
9572 5388 618 8117 
9573 2493 4739 6665 
9574 4405 948 7339 
9575 1251 4342 8308 
9576 3756 2134 8795 
9577 4117 658 8905 
9578 341 4563 9914 
9579 5043 1020 6428 
9580 2275 6941 7146 
9581 979 4252 8398 
9582 9208 3709 9647 
9583 5109 3105 5213 
9584 2768 6969 7185 
9585 6169 2007 6639 
9586 1109 6560 9790 
9587 3952 1614 8690 
9588 2530 4330 7170 
9589 2700 4364 8670 
9590 4089 1482 8504 
9591 935 7487 9873 
9592 1971 5242 5801 
9593 4527 389 7220 
9594 6159 1866 6389 
9595 3548 7224 10764 
9596 1926 4745 5795 
9597 3801 2144 7252 
9598 610 7483 10573 
9599 5361 2082 7292 
9600 2565 4502 7535 
9601 947 3975 7346 
9602 4729 2603 8733 
9603 1302 5845 10206 
9604 187 4438 7179 
9605 5903 1947 8135 
9606 6562 2557 8550 
9607 8053 860 9452 
9608 3899 801 10342 
9609 6359 2073 7118 
9610 6366 3710 7872 
9611 6834 3551 8494 
9612 4464 1914 6529 
9613 1995 4465 6480 
9614 1957 4638 6752 
9615 6159 1419 8808 
9616 1622 4377 6296 
9617 4438 186 7184 
9618 848 4597 5924 
9619 1904 5165 5776 
9620 2957 4806 8465 
9621 2540 6973 8694 
9622 7205 3088 7249 
9623 4428 2813 10289 
9624 2035 5645 6835 
9625 4555 2337 10169 
9626 3483 6270 7508 
9627 8 4458 7046 
9628 4974 3208 5703 
9629 7163 3878 8243 
9630 4779 2845 8976 
9631 4047 8042 9759 
9632 1046 6111 8099 
9633 1933 5373 7160 
9634 4522 928 5767 
9635 2066 4875 6621 
9636 1578 6265 10378 
9637 3400 9151 10112 
9638 7394 3287 8955 
9639 888 5804 10291 
9640 2210 5014 6368 
9641 5144 2525 7168 
9642 993 4810 6014 
9643 3926 6911 10164 
9644 2108 6904 10294 
9645 1793 4183 10136 
9646 214 4116 5678 
9647 6171 733 6540 
9648 2609 5549 9660 
9649 7815 1354 7870 
9650 6990 2668 8624 
9651 4509 919 8655 
9652 5802 950 6694 
9653 2119 5164 8110 
9654 1259 6072 8617 
9655 3847 2593 10183 
9656 3810 1044 7142 
9657 2007 5135 6639 
9658 4030 5632 10104 
9659 895 5308 7908 
9660 4265 747 6849 
9661 3843 8243 8776 
9662 5756 2639 5909 
9663 480 481 5935 
9664 1119 5748 6626 
9665 3881 1442 8633 
9666 4305 2225 7334 
9667 5589 1685 9470 
9668 4033 2272 10082 
9669 4862 625 6520 
9670 1985 4722 5487 
9671 4982 824 6482 
9672 2742 4381 9769 
9673 1615 4003 10063 
9674 3219 6558 10176 
9675 4828 1741 6291 
9676 7923 2357 8043 
9677 4636 1405 9286 
9678 5835 1184 6672 
9679 2079 3775 7842 
9680 4670 3501 7425 
9681 1900 3885 9607 
9682 3152 6208 7530 
9683 6427 3760 10446 
9684 208 4419 5106 
9685 3005 6534 9071 
9686 1146 4585 9044 
9687 1289 7024 7264 
9688 4298 1148 8903 
9689 1856 5074 10216 
9690 4031 2136 9435 
9691 5875 2338 8013 
9692 1478 4296 10071 
9693 2544 4375 9321 
9694 5474 2368 6178 
9695 1601 4608 8848 
9696 4806 2957 6535 
9697 6276 1603 9682 
9698 2711 4025 10736 
9699 4885 1794 10136 
9700 599 4724 6549 
9701 4642 2310 7456 
9702 5299 1134 7459 
9703 5006 3468 10739 
9704 2529 4031 9020 
9705 1442 3924 8962 
9706 2139 6611 8752 
9707 4525 1957 9791 
9708 664 4826 6211 
9709 1292 4123 7233 
9710 842 4545 6605 
9711 4851 3383 9525 
9712 4567 1811 7788 
9713 4794 1955 5434 
9714 5102 2207 5841 
9715 1777 6451 9228 
9716 1882 4989 5921 
9717 543 4651 6921 
9718 3189 7171 7365 
9719 3064 4634 6018 
9720 624 4132 8993 
9721 4010 2249 7388 
9722 6272 3169 8778 
9723 7447 670 7489 
9724 1641 4738 9085 
9725 535 5337 8345 
9726 1199 4338 7060 
9727 4153 5893 8154 
9728 2056 4494 8406 
9729 798 4367 8814 
9730 4848 2970 8751 
9731 422 5707 7756 
9732 204 203 5264 
9733 4914 578 7887 
9734 4693 1676 9411 
9735 842 5905 8347 
9736 4654 3215 10478 
9737 4069 1874 9854 
9738 2159 3688 8334 
9739 2728 4681 8332 
9740 1564 4456 6717 
9741 2947 4891 10698 
9742 7138 3542 10293 
9743 2275 4368 6941 
9744 1133 5252 10181 
9745 6243 1030 7880 
9746 5860 2273 9653 
9747 5605 876 6130 
9748 4876 1714 5992 
9749 3895 896 6616 
9750 4881 2862 7692 
9751 5524 1630 6376 
9752 297 4537 9186 
9753 4280 2201 6184 
9754 1231 4969 7539 
9755 4485 2221 10595 
9756 2618 3856 7515 
9757 1690 5637 8045 
9758 4873 7413 9803 
9759 3926 1066 6911 
9760 623 3889 9457 
9761 4161 1908 6272 
9762 1223 6339 7181 
9763 5707 2615 7756 
9764 985 4831 7278 
9765 984 4370 6874 
9766 8243 1002 8776 
9767 4052 1487 8500 
9768 2940 4560 10120 
9769 1141 5552 6113 
9770 4115 1602 6091 
9771 988 8299 9521 
9772 2750 4607 9603 
9773 1630 4461 10201 
9774 1337 5334 8623 
9775 5173 3024 5623 
9776 6952 3877 9168 
9777 5290 2170 10600 
9778 4103 5170 8995 
9779 375 4480 7116 
9780 2033 4260 9608 
9781 2324 4157 6918 
9782 1447 4096 8856 
9783 6133 1204 6437 
9784 2339 5838 7478 
9785 730 5829 9446 
9786 1766 4293 7120 
9787 4187 2563 9149 
9788 4124 1747 6729 
9789 2654 5541 8719 
9790 1740 4731 6042 
9791 5817 3181 8853 
9792 4211 2945 8488 
9793 730 5359 6635 
9794 1299 7461 9449 
9795 6028 3359 6581 
9796 145 4670 10089 
9797 4685 2923 6048 
9798 1238 6980 9212 
9799 1139 4766 7772 
9800 1343 8066 8379 
9801 6838 3920 10689 
9802 4253 2031 9754 
9803 2798 4454 6338 
9804 1661 4172 7115 
9805 5482 2395 7551 
9806 4175 1219 7784 
9807 918 4554 5974 
9808 2927 4807 6951 
9809 2396 4392 7859 
9810 3936 2266 7153 
9811 8446 1395 8844 
9812 4804 1942 5814 
9813 1793 5145 5759 
9814 5500 3763 9792 
9815 2680 5744 7656 
9816 4326 1441 8680 
9817 684 5255 5862 
9818 5739 2612 10699 
9819 3913 612 10374 
9820 5509 2140 10438 
9821 4222 519 7005 
9822 4808 1944 5820 
9823 4002 1516 7766 
9824 6987 3405 7563 
9825 5007 2983 6265 
9826 2222 4208 6507 
9827 2708 5276 5895 
9828 4495 966 6479 
9829 5911 3345 8523 
9830 3781 861 8098 
9831 5711 671 7589 
9832 4270 10184 10309 
9833 6836 1014 9717 
9834 7548 3104 7782 
9835 4052 723 8451 
9836 6937 1937 8143 
9837 2477 5011 5896 
9838 4931 3373 6495 
9839 3055 5514 8820 
9840 6902 3669 7682 
9841 8428 2713 8643 
9842 6036 2281 6196 
9843 4974 1465 9725 
9844 2063 5572 5803 
9845 2060 4746 10728 
9846 3222 9474 10274 
9847 2471 6961 10558 
9848 4372 2316 7823 
9849 1824 4430 8901 
9850 515 516 7112 
9851 4635 4118 10021 
9852 5130 1830 5797 
9853 6911 3509 10164 
9854 4309 1862 8860 
9855 4049 1994 7732 
9856 1850 4214 6455 
9857 4157 1661 6918 
9858 2182 4467 7932 
9859 1761 4011 5264 
9860 676 6140 7118 
9861 4454 1702 6338 
9862 2201 4280 6935 
9863 7995 1205 9488 
9864 4276 2256 7384 
9865 4559 1750 5844 
9866 4802 2795 6253 
9867 5263 3523 6361 
9868 4378 2473 8010 
9869 1377 4921 6322 
9870 4109 2160 6633 
9871 1670 4288 8487 
9872 4387 2175 6675 
9873 4976 9958 10114 
9874 1782 4535 9692 
9875 4985 1449 10503 
9876 4694 1956 7414 
9877 3015 5504 9391 
9878 3710 7380 8695 
9879 3888 1678 7560 
9880 8895 3756 9277 
9881 2508 5191 6024 
9882 9082 866 9994 
9883 5772 1389 6282 
9884 1743 4550 5545 
9885 5197 2307 5865 
9886 4796 1941 5845 
9887 755 5125 7497 
9888 1852 5562 6852 
9889 5603 1569 10705 
9890 4741 1263 5961 
9891 4177 5456 7854 
9892 5287 1138 9542 
9893 4343 8681 10783 
9894 5619 1062 9754 
9895 5512 2029 10149 
9896 5034 413 6657 
9897 4089 7742 8357 
9898 4384 7567 8482 
9899 3192 6104 8309 
9900 5290 2169 8924 
9901 1403 4351 6810 
9902 2344 4484 8223 
9903 3875 2366 7471 
9904 4274 2077 7813 
9905 4359 2008 9483 
9906 2536 5750 5937 
9907 3978 3025 9505 
9908 1482 4089 9338 
9909 2142 4874 5705 
9910 4255 6908 8989 
9911 6314 2285 8759 
9912 4287 652 9799 
9913 2703 4538 8809 
9914 7487 4054 9873 
9915 3142 5132 9590 
9916 2351 4928 7679 
9917 1964 4690 6843 
9918 7134 549 9776 
9919 1022 4503 8341 
9920 2039 4462 8517 
9921 7800 2719 10326 
9922 5351 2042 5856 
9923 2546 7998 10691 
9924 4183 4885 10136 
9925 5371 3114 6526 
9926 1524 4049 7732 
9927 4778 2562 5919 
9928 5251 2835 8754 
9929 5346 2850 10690 
9930 3072 5643 7591 
9931 536 4654 10478 
9932 3873 2123 7365 
9933 5079 1075 5873 
9934 7686 1949 7882 
9935 1359 5736 8191 
9936 4001 1461 8235 
9937 767 4601 6513 
9938 4338 2097 7060 
9939 7689 1376 9983 
9940 5463 4420 9443 
9941 6469 2608 7799 
9942 4122 8446 8844 
9943 5318 2203 5803 
9944 4579 1128 6758 
9945 4141 1652 10254 
9946 5048 2620 5568 
9947 8103 615 9275 
9948 2865 5930 8732 
9949 5320 2528 7249 
9950 4359 918 5974 
9951 90 4534 7197 
9952 5215 1837 5327 
9953 487 5482 7551 
9954 1462 4090 9120 
9955 2531 4425 7808 
9956 2236 7312 9820 
9957 1501 5052 7752 
9958 1062 5527 9754 
9959 2036 4873 7190 
9960 897 4121 8051 
9961 6090 3546 9596 
9962 2002 4700 6726 
9963 1261 4673 6846 
9964 1339 9588 10059 
9965 2701 4640 10550 
9966 3644 2488 8572 
9967 2092 5302 6292 
9968 4642 1276 6786 
9969 2519 4263 8483 
9970 2198 5325 7890 
9971 5794 1192 9891 
9972 1106 5402 8986 
9973 5839 2675 8571 
9974 5007 3229 8824 
9975 2808 4445 8367 
9976 1322 5416 8246 
9977 4572 933 7542 
9978 2029 5970 9762 
9979 5677 965 7055 
9980 896 4447 6278 
9981 8295 3829 9844 
9982 4460 2446 8909 
9983 5572 1059 5803 
9984 3777 9777 10596 
9985 4966 2092 9429 
9986 5596 1211 7608 
9987 5675 2111 5853 
9988 1990 4698 7962 
9989 3440 4173 10547 
9990 1401 4729 8733 
9991 769 3852 8150 
9992 6004 911 10632 
9993 2049 7337 9175 
9994 878 5038 8611 
9995 691 5263 6361 
9996 4576 1364 7358 
9997 2456 8947 10753 
9998 2287 4349 10036 
9999 5116 3132 9901 
10000 1442 3881 7404 
10001 2873 4803 6210 
10002 2727 4205 6604 
10003 4522 1763 10601 
10004 3359 6028 9896 
10005 5342 1840 5727 
10006 1534 5060 8725 
10007 919 4199 7336 
10008 2420 4161 7678 
10009 2529 5285 7651 
10010 2241 5674 5715 
10011 3173 7706 7854 
10012 542 4051 6653 
10013 851 4013 9508 
10014 3383 4440 10363 
10015 2210 4544 8884 
10016 2447 7885 9284 
10017 4617 6119 8491 
10018 6498 5073 8356 
10019 7483 4226 10573 
10020 4396 2097 6240 
10021 5168 2288 6867 
10022 5036 661 6948 
10023 5138 2394 7655 
10024 2852 4809 6246 
10025 836 5331 6307 
10026 2905 5828 6781 
10027 3321 5182 10378 
10028 4102 925 7122 
10029 2750 4283 8124 
10030 1577 3901 9398 
10031 1468 4354 6771 
10032 8619 2885 9568 
10033 3343 4422 10723 
10034 4721 1229 6382 
10035 6117 753 6366 
10036 1427 3825 8095 
10037 652 4296 9799 
10038 8042 1370 8460 
10039 4005 2664 8160 
10040 8196 2634 9300 
10041 4441 1053 8390 
10042 4532 735 8587 
10043 2670 4894 7579 
10044 2842 5282 6211 
10045 924 3817 10733 
10046 1819 5090 7075 
10047 4820 6900 9194 
10048 3587 8103 9275 
10049 1988 4103 7536 
10050 2676 4386 10083 
10051 841 4556 7274 
10052 4504 2441 8851 
10053 1895 4322 6390 
10054 4981 967 6640 
10055 4049 1524 7334 
10056 5194 3448 8784 
10057 704 4540 7708 
10058 3873 1588 7028 
10059 4494 2056 8239 
10060 6781 2804 9053 
10061 4008 1975 5684 
10062 2091 4867 7863 
10063 4618 2805 9418 
10064 1960 8492 9924 
10065 6120 1808 7645 
10066 554 4197 10202 
10067 5453 7367 8903 
10068 2617 7138 10293 
10069 3459 5721 7845 
10070 2073 4941 5947 
10071 676 3992 8679 
10072 4844 25 6056 
10073 3844 2366 7958 
10074 7479 1114 8129 
10075 3078 3891 9041 
10076 1811 7730 7788 
10077 1903 4932 6076 
10078 2850 8203 10690 
10079 4679 628 6139 
10080 6784 614 9297 
10081 6181 2457 8208 
10082 2810 5130 5797 
10083 859 4606 9639 
10084 3470 6517 9876 
10085 3907 2596 10206 
10086 4251 3630 7546 
10087 764 4295 10448 
10088 4825 2552 5964 
10089 3144 4816 8485 
10090 2176 4383 7603 
10091 1123 8157 9787 
10092 1535 8544 9060 
10093 7309 1891 9551 
10094 4112 2091 7863 
10095 4826 1692 6211 
10096 4520 1576 10489 
10097 4419 207 9756 
10098 4778 972 7460 
10099 6975 2264 9401 
10100 3498 7428 8900 
10101 4834 1698 6499 
10102 3316 5454 10774 
10103 4543 1880 5953 
10104 2315 3979 7526 
10105 4556 1637 7274 
10106 2300 4019 7685 
10107 4358 786 9958 
10108 1535 6562 8137 
10109 1159 7332 7442 
10110 514 515 8483 
10111 3889 7839 9675 
10112 1570 4017 9101 
10113 4203 6732 8264 
10114 4443 1705 9395 
10115 5364 2243 6569 
10116 2979 4474 6432 
10117 2144 5328 6268 
10118 3640 4699 10343 
10119 1707 4798 7246 
10120 4666 2083 6084 
10121 5211 7157 8976 
10122 4639 799 8928 
10123 1634 6628 7315 
10124 5489 3758 9237 
10125 6319 2451 8705 
10126 5059 1459 7016 
10127 7495 3422 8398 
10128 2034 5197 5865 
10129 1280 5960 9229 
10130 4172 2387 7115 
10131 2190 4436 6989 
10132 4742 2467 8177 
10133 4326 2854 9255 
10134 5177 843 8568 
10135 4812 562 8519 
10136 2300 4068 7204 
10137 948 4405 7668 
10138 1286 5768 8184 
10139 748 5438 8343 
10140 1932 3509 6911 
10141 2972 5554 7233 
10142 702 4188 7036 
10143 4658 726 10731 
10144 2197 4733 7347 
10145 7196 3734 10751 
10146 2600 4367 9637 
10147 7557 640 10434 
10148 4373 1937 6937 
10149 936 7300 8693 
10150 2805 4618 6770 
10151 861 4966 9339 
10152 1165 4166 9153 
10153 3860 1501 7752 
10154 6035 2100 8709 
10155 974 4513 8594 
10156 2485 4237 10604 
10157 6556 1112 8562 
10158 6322 2964 9152 
10159 4830 1769 8193 
10160 6634 3705 8196 
10161 5721 3459 8758 
10162 1746 4264 10732 
10163 4096 672 8941 
10164 4505 1869 9378 
10165 830 5653 10524 
10166 4681 402 8332 
10167 2210 4223 6630 
10168 804 4300 9020 
10169 4176 813 8204 
10170 1817 4647 10763 
10171 3148 6954 7194 
10172 1794 5145 10136 
10173 6567 612 9343 
10174 2040 4845 8254 
10175 3973 2372 10141 
10176 3011 7533 7556 
10177 1569 5603 9600 
10178 3573 4466 9838 
10179 579 6765 6915 
10180 4088 1443 7427 
10181 1518 4230 6837 
10182 1974 4022 5899 
10183 6498 2909 7697 
10184 3687 7684 8967 
10185 651 6196 6879 
10186 2316 4372 8990 
10187 1783 5401 9832 
10188 5165 2715 5776 
10189 2142 5705 7474 
10190 4709 1436 10572 
10191 2085 4738 7547 
10192 540 5468 6985 
10193 4136 950 6311 
10194 3590 5107 9672 
10195 741 6530 6714 
10196 4577 1738 5818 
10197 4483 231 7098 
10198 1440 4785 9320 
10199 4428 803 9529 
10200 449 4479 9273 
10201 2427 4439 8016 
10202 4590 3282 6649 
10203 4552 1751 9898 
10204 6339 3142 7181 
10205 1627 4549 8574 
10206 1660 4618 9418 
10207 3526 2170 8026 
10208 2880 4449 8951 
10209 4404 2218 6922 
10210 3747 10048 10091 
10211 6223 9180 9822 
10212 1094 7533 7854 
10213 8926 5215 9950 
10214 6615 3423 9245 
10215 1849 4394 7083 
10216 5699 3540 9514 
10217 1707 4627 8816 
10218 4013 2616 5997 
10219 1422 4662 7166 
10220 1869 8078 9378 
10221 5705 2857 7474 
10222 2871 5432 5761 
10223 1018 4610 4780 
10224 2933 4602 9078 
10225 1904 5677 10164 
10226 1193 4711 6804 
10227 2570 3942 10010 
10228 3187 5077 8499 
10229 2623 7290 8020 
10230 4919 1096 6193 
10231 3954 2114 6662 
10232 2220 10002 10223 
10233 1185 4756 7957 
10234 4647 2008 10763 
10235 1733 5787 6543 
10236 232 4483 7235 
10237 6766 2012 10201 
10238 4746 2060 8237 
10239 683 6706 8404 
10240 3024 5173 8777 
10241 3058 5300 8451 
10242 7271 4377 8167 
10243 5865 2307 6460 
10244 7057 1109 9790 
10245 2872 6521 7949 
10246 4473 815 6242 
10247 429 4237 7113 
10248 4205 2727 8878 
10249 4204 2631 7965 
10250 4145 5398 9489 
10251 4666 1250 10738 
10252 5590 4408 9001 
10253 2163 4487 8498 
10254 1626 4029 10179 
10255 2133 4258 8280 
10256 1201 4660 8339 
10257 1837 4814 6756 
10258 3333 7457 10602 
10259 2088 4479 6944 
10260 2321 4203 8264 
10261 4094 3437 10380 
10262 4782 2850 9921 
10263 6402 3856 8745 
10264 5233 1973 5729 
10265 4215 2405 7108 
10266 230 4481 7098 
10267 732 4876 9451 
10268 746 6997 9107 
10269 7126 692 9613 
10270 8371 1214 9383 
10271 1241 7594 8182 
10272 5948 4788 10160 
10273 740 6624 6880 
10274 2301 4137 7302 
10275 3283 5954 7449 
10276 1059 5318 5803 
10277 7 6 6204 
10278 4199 919 6955 
10279 737 4373 8253 
10280 2344 7335 8126 
10281 2080 4675 6885 
10282 487 488 5482 
10283 1930 4685 6048 
10284 4957 2086 5755 
10285 1318 3930 7822 
10286 3301 4865 10634 
10287 1284 5534 10474 
10288 4724 2235 6549 
10289 681 4828 6291 
10290 4169 675 8392 
10291 2182 6275 9177 
10292 3933 1928 9829 
10293 4829 1782 10090 
10294 6259 1326 9856 
10295 5993 4535 10153 
10296 4464 3116 10127 
10297 2349 6467 10299 
10298 5341 589 6317 
10299 2267 7163 8243 
10300 4581 1855 6001 
10301 1000 6049 7795 
10302 3040 3792 9584 
10303 5541 1632 9373 
10304 1188 4583 9303 
10305 2827 6205 6578 
10306 1918 4764 5969 
10307 6247 1984 7210 
10308 6061 2030 9916 
10309 3531 6294 7692 
10310 5124 2386 7067 
10311 4634 291 9380 
10312 2547 5798 6335 
10313 568 4485 6391 
10314 4514 6139 10483 
10315 6451 1777 10543 
10316 4558 2016 6960 
10317 8813 3935 10001 
10318 3929 5761 8520 
10319 5718 1001 6319 
10320 723 5111 9102 
10321 6006 610 6602 
10322 4147 5706 8631 
10323 6406 1068 10456 
10324 3328 4740 6202 
10325 4948 2363 8357 
10326 3437 9307 10352 
10327 6263 2925 6734 
10328 3627 6393 10568 
10329 4448 2018 7663 
10330 2001 4128 9971 
10331 3987 553 9426 
10332 4037 2013 7723 
10333 4277 1200 9204 
10334 2187 4385 8715 
10335 1764 5597 10541 
10336 4892 894 5786 
10337 583 4233 8662 
10338 6345 2675 10394 
10339 2454 3720 8544 
10340 4208 1662 6507 
10341 7324 1207 8683 
10342 1377 4317 8152 
10343 817 5091 6700 
10344 4704 1572 9838 
10345 4400 1258 8877 
10346 4632 1615 10063 
10347 5402 1106 6484 
10348 4416 617 7468 
10349 4543 2163 6406 
10350 3244 6100 8313 
10351 6392 4344 9682 
10352 549 5161 5361 
10353 6232 3387 9559 
10354 8481 3192 9633 
10355 4470 2813 9082 
10356 5160 1930 6048 
10357 1092 4168 7333 
10358 4281 1820 9279 
10359 4070 597 8677 
10360 6647 799 6954 
10361 6242 1819 8754 
10362 1050 5206 5715 
10363 4929 1688 6348 
10364 3922 1926 9213 
10365 402 4681 9843 
10366 5232 3914 10772 
10367 206 205 5459 
10368 2001 4275 7217 
10369 4652 1619 6491 
10370 2595 4251 7546 
10371 1884 4342 7045 
10372 3256 5345 8137 
10373 4478 4595 10373 
10374 7120 4293 8700 
10375 1802 4697 7993 
10376 987 4484 8126 
10377 2327 4084 9780 
10378 1232 6385 7776 
10379 446 447 5540 
10380 4301 1698 7284 
10381 1364 4304 7358 
10382 6380 5287 9542 
10383 1913 5695 7469 
10384 3154 8463 9185 
10385 4813 824 8386 
10386 2371 5213 5782 
10387 1775 4631 9508 
10388 2004 4702 6737 
10389 8089 2254 9091 
10390 2401 4480 6646 
10391 3531 4473 8497 
10392 2152 4941 6584 
10393 2362 4584 7961 
10394 6629 2510 7055 
10395 4642 2133 7155 
10396 4818 606 9930 
10397 1779 4235 7243 
10398 4807 3135 6951 
10399 4064 1948 6173 
10400 4873 1145 7190 
10401 6888 2738 7232 
10402 2027 5471 5765 
10403 1557 4140 8730 
10404 4382 1472 9688 
10405 680 4747 5781 
10406 4567 858 7523 
10407 2220 5375 10002 
10408 4314 2443 8693 
10409 870 4324 7401 
10410 6385 3188 7776 
10411 711 6357 6516 
10412 3381 6328 10696 
10413 4156 433 8586 
10414 2323 4620 6157 
10415 6328 3381 8234 
10416 5363 2040 7530 
10417 4232 1626 10309 
10418 2159 4241 6124 
10419 2094 4674 10124 
10420 4649 1422 7166 
10421 810 5659 8627 
10422 4384 2355 7305 
10423 4266 3239 9853 
10424 3013 6287 7582 
10425 2780 8121 8163 
10426 4392 2396 7446 
10427 1522 4712 7590 
10428 5144 9346 9561 
10429 936 4113 10368 
10430 7616 3408 10436 
10431 2075 5257 9751 
10432 2057 4956 10320 
10433 4193 2870 8710 
10434 1397 5275 10585 
10435 1506 4171 8052 
10436 3486 5976 8595 
10437 4503 2590 8341 
10438 1536 4654 9592 
10439 4763 3082 10543 
10440 2449 4198 7412 
10441 565 4468 8692 
10442 4148 3350 9929 
10443 217 4515 7360 
10444 4155 2378 7444 
10445 2123 3873 9054 
10446 1309 9256 9956 
10447 4288 3378 10654 
10448 2179 4391 10620 
10449 462 463 9149 
10450 1662 5030 6507 
10451 594 6476 10700 
10452 3896 5543 9413 
10453 5447 2000 9399 
10454 4495 3084 10611 
10455 3432 5837 7853 
10456 5108 3271 8384 
10457 6802 2796 9681 
10458 1234 5609 7857 
10459 592 4311 8030 
10460 1261 4192 8509 
10461 1070 4582 9023 
10462 1814 5332 9943 
10463 5695 2853 7469 
10464 1602 4129 7673 
10465 679 7049 7954 
10466 4797 2068 9501 
10467 4103 1571 7536 
10468 5276 1456 5895 
10469 3720 5411 9060 
10470 3365 8605 10173 
10471 2361 4312 10066 
10472 4262 2680 7434 
10473 4534 3109 6502 
10474 1123 6511 6595 
10475 2909 5723 8219 
10476 4086 1530 8326 
10477 1006 4491 6191 
10478 449 450 6944 
10479 5488 980 9608 
10480 6772 2042 9507 
10481 2810 5293 6863 
10482 2593 3847 8198 
10483 2799 4408 8450 
10484 1007 4795 9069 
10485 9086 4256 10285 
10486 1715 5144 7168 
10487 2386 5131 5835 
10488 4305 742 8000 
10489 4481 229 7308 
10490 3458 6397 8531 
10491 388 4598 7220 
10492 4125 1577 9553 
10493 2950 6629 7055 
10494 3067 4846 6229 
10495 4935 907 10597 
10496 2338 5898 7447 
10497 2239 6498 7697 
10498 5609 2199 5710 
10499 4286 900 6348 
10500 4671 142 9630 
10501 1655 4619 9614 
10502 4741 2004 9969 
10503 7145 5192 10367 
10504 3906 1443 7683 
10505 7805 4248 8101 
10506 5850 2198 7890 
10507 7885 3824 9284 
10508 3169 4440 8778 
10509 3388 4920 7161 
10510 5223 8088 9173 
10511 5923 1510 7794 
10512 4529 1621 7133 
10513 4499 1034 9106 
10514 1784 5048 5568 
10515 1912 5173 5623 
10516 5325 7595 10262 
10517 1355 5444 8166 
10518 4818 3137 9227 
10519 4626 1343 8379 
10520 6675 788 9024 
10521 4509 2342 6955 
10522 2658 4806 9913 
10523 1673 6206 7894 
10524 1628 3893 8478 
10525 3680 7424 9826 
10526 2955 6820 7417 
10527 6791 3201 9052 
10528 2242 4458 6204 
10529 5117 2295 5799 
10530 4515 216 7500 
10531 587 6201 7564 
10532 169 4700 7301 
10533 6922 2218 7492 
10534 5359 2622 6635 
10535 3234 4985 7458 
10536 5485 2657 5957 
10537 2740 6733 7741 
10538 1382 5965 10112 
10539 7627 922 10321 
10540 7328 2717 8459 
10541 5182 3321 6601 
10542 4779 759 9304 
10543 2238 4235 7584 
10544 2271 4068 8943 
10545 10728 4190 10784 
10546 2789 5255 7604 
10547 5332 1615 6349 
10548 837 4353 9535 
10549 6164 3882 9180 
10550 5690 871 8054 
10551 1431 5668 8604 
10552 1762 6238 9755 
10553 5510 1771 6502 
10554 7509 3612 7716 
10555 3820 1440 9320 
10556 4029 9115 9827 
10557 4110 1224 8015 
10558 4870 2580 8382 
10559 5983 3396 7698 
10560 4718 104 10024 
10561 2036 5093 9064 
10562 2910 5733 7272 
10563 3208 4974 9725 
10564 3643 5817 8853 
10565 4830 2065 6062 
10566 5164 2740 7741 
10567 3265 4603 10560 
10568 6794 4490 9987 
10569 1846 4754 6239 
10570 5886 2655 8337 
10571 7188 804 8112 
10572 6400 1114 7479 
10573 6303 1924 9426 
10574 7920 3806 8134 
10575 7253 1431 8604 
10576 4293 1765 7846 
10577 849 4007 6299 
10578 1574 6299 9462 
10579 4202 1447 9211 
10580 1588 4950 7028 
10581 3934 7601 8564 
10582 739 4566 9494 
10583 3586 6937 8143 
10584 8195 4572 10126 
10585 4723 1217 9723 
10586 1177 4852 9283 
10587 4924 2601 8768 
10588 1189 5833 7676 
10589 1308 4705 8423 
10590 10155 5735 10538 
10591 2246 4977 7564 
10592 4520 643 6453 
10593 5487 1029 5663 
10594 4869 788 5926 
10595 4523 1127 10022 
10596 575 8333 10096 
10597 671 5711 10274 
10598 2281 4693 9411 
10599 5256 1140 6324 
10600 3916 2390 7617 
10601 5490 2116 10568 
10602 4368 2275 10276 
10603 5101 1428 7475 
10604 427 4886 9441 
10605 2933 9408 10188 
10606 2824 4641 5995 
10607 8645 2543 9000 
10608 6941 4368 8622 
10609 6832 2760 6963 
10610 178 177 5607 
10611 4181 2367 10261 
10612 3005 5955 6144 
10613 1631 5463 5752 
10614 4466 4704 9838 
10615 3412 6980 9712 
10616 6229 4148 9929 
10617 1228 4635 10565 
10618 2938 6436 7522 
10619 1128 4257 7754 
10620 2222 4210 6448 
10621 4437 1558 8249 
10622 4896 3370 6461 
10623 8042 2485 9759 
10624 6916 1871 10421 
10625 2779 4519 9562 
10626 5601 1091 7288 
10627 4945 3489 10049 
10628 4860 579 6915 
10629 4835 2483 7936 
10630 4964 3190 6320 
10631 4412 284 7034 
10632 6581 1380 10328 
10633 3499 7153 8129 
10634 7034 1822 10756 
10635 6326 1486 9912 
10636 2178 6442 7470 
10637 2867 4949 8999 
10638 4046 486 7551 
10639 3751 1458 7925 
10640 5080 2150 6249 
10641 4607 1502 9603 
10642 6287 2324 7582 
10643 8620 2890 8667 
10644 1081 9086 10285 
10645 1358 4063 8508 
10646 122 121 5622 
10647 7514 3971 9647 
10648 4781 1917 5885 
10649 2266 3936 8757 
10650 2107 5483 7089 
10651 4585 2920 9044 
10652 4986 2484 6342 
10653 4689 2094 10124 
10654 2423 5108 7669 
10655 1621 4529 8233 
10656 2051 4786 6361 
10657 6706 3706 8404 
10658 922 9078 10693 
10659 5620 1965 10057 
10660 1616 3925 9419 
10661 1709 4228 8453 
10662 2379 4881 8405 
10663 2554 4471 8180 
10664 320 319 5630 
10665 3673 943 8661 
10666 4532 2229 6561 
10667 437 438 6778 
10668 1873 4652 6536 
10669 4274 2423 7124 
10670 1571 4103 8995 
10671 1310 4482 7470 
10672 5784 4400 10680 
10673 4824 707 6891 
10674 708 6568 7364 
10675 2372 3973 7980 
10676 1306 7658 9340 
10677 4038 2685 8083 
10678 1253 5397 7759 
10679 310 309 5635 
10680 5321 2002 6726 
10681 4744 1927 5696 
10682 7397 3309 10579 
10683 790 4448 7663 
10684 4289 528 9594 
10685 4626 817 6700 
10686 2384 5697 6398 
10687 3932 1929 9028 
10688 1143 7929 8951 
10689 4425 2509 7552 
10690 4186 6474 10777 
10691 4417 3390 6931 
10692 2814 5012 10037 
10693 4784 6506 8678 
10694 5697 2126 6398 
10695 2366 3875 7839 
10696 4524 2506 10138 
10697 6527 3115 7670 
10698 2458 5351 5856 
10699 2973 5150 6158 
10700 1520 8433 8505 
10701 2846 6499 8351 
10702 4430 960 7955 
10703 590 4648 8417 
10704 1726 4072 10271 
10705 1802 6632 9819 
10706 113 112 5644 
10707 3023 5014 8880 
10708 2186 4142 6220 
10709 5182 1578 10378 
10710 4854 300 8203 
10711 8191 5736 9835 
10712 1103 4832 6396 
10713 4531 2486 8840 
10714 2110 5122 5654 
10715 2413 7513 10157 
10716 5385 2075 9751 
10717 395 394 5647 
10718 4133 1835 7991 
10719 6413 656 7170 
10720 6674 2024 7942 
10721 2186 4268 9042 
10722 3030 5690 8054 
10723 1754 4648 8569 
10724 6689 2614 6712 
10725 6730 3150 10704 
10726 1664 5000 7691 
10727 1779 4964 6320 
10728 3541 6038 9383 
10729 383 382 5651 
10730 2509 4201 7552 
10731 6706 3280 10251 
10732 1043 4493 9946 
10733 2311 6675 7127 
10734 4608 1761 8848 
10735 4675 652 6885 
10736 164 163 5648 
10737 9835 4069 9854 
10738 5665 2701 7737 
10739 1742 5427 6432 
10740 4129 2426 7673 
10741 8538 462 9149 
10742 945 7059 8813 
10743 2136 4777 9435 
10744 3623 7376 10485 
10745 5065 130 6856 
10746 1120 4402 9541 
10747 7015 1357 7653 
10748 5529 557 7072 
10749 1831 4655 10656 
10750 4223 2209 6483 
10751 5637 1690 9092 
10752 4662 1422 8810 
10753 5102 2106 8776 
10754 4062 1526 9254 
10755 1210 5740 6058 
10756 4672 2941 6692 
10757 4091 1405 8938 
10758 5659 3313 8627 
10759 5095 2339 7478 
10760 4164 6508 10457 
10761 1045 4386 6571 
10762 1677 5208 8665 
10763 2615 4368 7756 
10764 5235 3561 10447 
10765 1530 4086 9037 
10766 4619 1655 9658 
10767 5396 731 9899 
10768 2595 4499 9106 
10769 4929 1146 7843 
10770 4450 2854 7143 
10771 4791 1571 9655 
10772 4625 338 9430 
10773 4375 759 9321 
10774 7839 1323 9675 
10775 4199 1507 7975 
10776 2278 4587 6566 
10777 6397 2075 8531 
10778 4981 3103 6532 
10779 4507 1545 6967 
10780 5708 1411 8525 
10781 1751 5038 9898 
10782 1704 5730 6893 
10783 5331 1540 5770 
10784 4727 2176 6232 
10785 2147 4567 7523 
10786 4920 1427 8095 
10787 2480 3794 7532 
10788 2694 4387 9024 
10789 7322 3304 9775 
10790 1505 4248 7805 
10791 1061 4099 7724 
10792 1495 9137 9463 
10793 3763 4621 7374 
10794 2844 6682 9264 
10795 26 4844 7270 
10796 2156 4441 8390 
10797 4252 1453 8629 
10798 4691 2325 8167 
10799 2332 8629 9749 
10800 2357 5358 8506 
10801 1827 4670 7425 
10802 2938 4523 10022 
10803 4704 2273 5860 
10804 7607 2616 10098 
10805 6223 2691 9180 
10806 5322 3035 6412 
10807 4592 1886 8983 
10808 683 8069 8450 
10809 4600 802 7164 
10810 3482 6905 8981 
10811 3928 8089 9091 
10812 2215 4229 6488 
10813 4867 2091 8847 
10814 4133 2714 8630 
10815 4234 451 7387 
10816 2267 3963 7163 
10817 3128 6290 10584 
10818 2387 4426 6672 
10819 4247 936 8693 
10820 4941 1058 6584 
10821 4738 2085 7967 
10822 469 470 5704 
10823 2244 5217 5763 
10824 5902 1901 9004 
10825 3997 7971 8429 
10826 4229 2214 6492 
10827 2487 5524 6376 
10828 1182 4748 7746 
10829 2141 4121 8035 
10830 3217 4539 8374 
10831 6334 963 6575 
10832 5198 716 7902 
10833 2614 7548 7782 
10834 1008 4749 5958 
10835 3325 7691 10270 
10836 5874 3456 8701 
10837 2263 4950 5265 
10838 7048 1582 10540 
10839 515 7112 8483 
10840 2770 5385 8703 
10841 4424 2577 7981 
10842 5397 2189 6356 
10843 812 4835 7936 
10844 1726 4818 7390 
10845 4243 2202 6524 
10846 1569 4978 10705 
10847 8074 1190 8724 
10848 4917 128 6503 
10849 4625 1931 6245 
10850 4560 1512 10120 
10851 4898 1169 8059 
10852 2456 7611 8947 
10853 2596 3907 8156 
10854 5681 767 6884 
10855 3013 5274 8147 
10856 4057 7747 8979 
10857 1985 5487 5663 
10858 2046 4882 6457 
10859 6625 680 7741 
10860 6117 6366 10668 
10861 1941 3944 9170 
10862 3281 8639 10530 
10863 236 4839 5899 
10864 2528 7205 7249 
10865 4108 2309 7266 
10866 1132 4881 7749 
10867 2490 5198 7902 
10868 3097 6584 7987 
10869 3990 972 7295 
10870 3930 1318 9857 
10871 4805 1054 6704 
10872 4099 1061 9260 
10873 3992 1539 8841 
10874 5578 1383 8620 
10875 4195 894 7121 
10876 5502 1799 5882 
10877 18 17 5680 
10878 5247 3658 7658 
10879 6287 3013 8147 
10880 5308 2894 7908 
10881 4541 3443 9050 
10882 5145 1060 5759 
10883 517 518 6780 
10884 3983 2270 9468 
10885 413 412 6657 
10886 742 6750 7511 
10887 1060 4063 9550 
10888 612 9052 9343 
10889 5439 1148 8591 
10890 7900 1473 10622 
10891 5275 3642 10585 
10892 3544 6248 7880 
10893 4102 8641 10157 
10894 4013 1775 9508 
10895 4372 1086 8990 
10896 2107 4397 8537 
10897 4739 3016 7587 
10898 2475 4626 8379 
10899 6109 1635 10244 
10900 3942 2570 7999 
10901 4461 659 6766 
10902 3616 5266 10678 
10903 6092 1119 7953 
10904 4540 2122 7708 
10905 4680 2175 7489 
10906 1996 5608 6309 
10907 2506 3908 10189 
10908 6104 3192 8481 
10909 4989 1034 5921 
10910 4969 2615 7539 
10911 2483 6974 7638 
10912 573 4688 10287 
10913 4684 1425 8301 
10914 2274 4390 8268 
10915 1157 5580 7648 
10916 2813 4470 10289 
10917 6515 3561 8992 
10918 6356 2796 8775 
10919 4354 534 8658 
10920 4130 629 6666 
10921 4562 575 6213 
10922 5866 7418 10199 
10923 6929 2735 9066 
10924 917 4595 5940 
10925 7052 2403 7455 
10926 4858 2074 6183 
10927 253 252 5684 
10928 7715 3564 10785 
10929 4174 590 8417 
10930 489 4392 7446 
10931 2260 4931 6495 
10932 757 4168 5702 
10933 3988 1770 10593 
10934 2091 3993 8847 
10935 4963 594 6425 
10936 3122 4220 10011 
10937 2495 4981 6532 
10938 3139 6017 8308 
10939 1577 5002 9563 
10940 4516 2417 8603 
10941 5765 2543 6434 
10942 950 4136 9181 
10943 5044 4290 9259 
10944 6139 628 10483 
10945 7461 1299 9146 
10946 1798 5056 6369 
10947 7657 1758 10772 
10948 3596 6893 10185 
10949 1441 6817 8133 
10950 2353 6527 7670 
10951 4842 2139 7712 
10952 4517 963 6334 
10953 5479 1776 6806 
10954 3016 5706 7260 
10955 5373 1062 7160 
10956 3688 2056 8406 
10957 4457 541 9640 
10958 2006 4469 6727 
10959 1641 9085 10113 
10960 4273 1861 6845 
10961 4502 2565 8216 
10962 1730 5499 10361 
10963 3276 6132 10385 
10964 5244 3442 8353 
10965 6260 1881 8265 
10966 5649 3051 7479 
10967 2869 5717 7459 
10968 4745 1926 6670 
10969 5398 3369 5757 
10970 4059 7629 10258 
10971 4259 2502 8931 
10972 4302 1531 10591 
10973 5451 2635 8247 
10974 972 4943 7460 
10975 968 4511 10154 
10976 1432 5031 10465 
10977 1495 6252 10086 
10978 2527 5855 6125 
10979 5032 1875 6122 
10980 3576 5807 5912 
10981 895 4078 9099 
10982 1652 4874 6760 
10983 847 5320 7249 
10984 1071 4657 8708 
10985 8033 906 8045 
10986 4213 733 7185 
10987 7750 3438 10111 
10988 3301 5667 6416 
10989 2487 4743 6570 
10990 789 4736 8948 
10991 4533 940 8028 
10992 6358 2481 6825 
10993 606 4818 9227 
10994 4438 2445 7032 
10995 4482 2178 7470 
10996 2633 7383 7450 
10997 1347 4531 8840 
10998 5388 3033 5712 
10999 6446 4853 9420 
11000 4247 6623 10426 
11001 2098 4645 6813 
11002 2309 4572 7542 
11003 3845 8620 8667 
11004 4605 2148 8303 
11005 601 4659 7637 
11006 7516 1538 9479 
11007 1942 3950 9150 
11008 600 4866 6678 
11009 579 5750 6765 
11010 453 454 8476 
11011 4600 7164 9868 
11012 4484 2344 8126 
11013 4248 1121 9964 
11014 1619 4432 10058 
11015 4223 2210 6222 
11016 2209 4223 6222 
11017 6642 2340 9131 
11018 1944 3951 9155 
11019 1537 4095 8405 
11020 9958 786 10114 
11021 3051 6400 7479 
11022 5461 1932 6911 
11023 2206 5858 6268 
11024 7091 2318 7605 
11025 4519 777 8855 
11026 2695 6677 6818 
11027 2083 5169 7147 
11028 2098 4721 6382 
11029 2476 5959 7796 
11030 3199 4059 10258 
11031 5039 8145 10023 
11032 655 5480 8734 
11033 6208 3319 9360 
11034 4244 2337 8598 
11035 1389 5772 8926 
11036 1938 3939 8487 
11037 9078 4602 10693 
11038 3232 4788 5948 
11039 916 4050 9008 
11040 4307 1911 8646 
11041 288 4840 8419 
11042 4764 1918 6697 
11043 6447 1836 10476 
11044 892 5914 9317 
11045 422 423 5707 
11046 6940 3121 8689 
11047 1634 3689 8716 
11048 4047 1370 8042 
11049 4491 2306 7350 
11050 1568 4372 7823 
11051 4680 670 6493 
11052 4506 2447 8633 
11053 4240 1027 8610 
11054 602 5885 7774 
11055 3969 651 9292 
11056 6751 613 9400 
11057 4087 584 8064 
11058 3755 6576 8468 
11059 1507 4035 7975 
11060 1881 5551 8265 
11061 2116 4617 7281 
11062 2016 4558 6962 
11063 5777 1173 6566 
11064 4538 482 8809 
11065 5395 1100 10087 
11066 4893 2057 10320 
11067 6182 4203 8275 
11068 3120 6066 8550 
11069 1394 6840 9740 
11070 7628 3767 9394 
11071 1843 4662 8810 
11072 1047 6427 10446 
11073 1129 4686 7255 
11074 4184 2276 8032 
11075 2297 6589 8722 
11076 4237 8042 8460 
11077 2135 4217 9516 
11078 4475 1371 9305 
11079 1410 7325 8601 
11080 4227 964 8426 
11081 3090 7263 7924 
11082 2057 4893 8654 
11083 3534 6221 6989 
11084 5060 2513 8725 
11085 4109 2422 8179 
11086 5725 2989 7320 
11087 4906 3613 10065 
11088 854 8823 9157 
11089 4364 1443 9235 
11090 6219 879 9161 
11091 4258 2133 7978 
11092 2560 4298 8903 
11093 6101 1809 7466 
11094 4186 2032 7707 
11095 5180 1828 9727 
11096 2856 4457 9640 
11097 5578 8620 9293 
11098 817 4626 7349 
11099 2200 4152 6235 
11100 1899 4564 9556 
11101 2073 5947 7118 
11102 4150 2200 6235 
11103 576 4578 8291 
11104 6264 3320 9983 
11105 4229 2215 6244 
11106 1837 5215 8926 
11107 4465 511 6480 
11108 4731 1740 7392 
11109 4414 3163 10397 
11110 1833 5088 9622 
11111 615 3918 7684 
11112 1575 4650 8073 
11113 6604 4205 8438 
11114 2227 5609 5710 
11115 4756 2317 8735 
11116 4004 3558 9701 
11117 1524 7732 8447 
11118 4628 3815 10536 
11119 2214 4229 6244 
11120 5767 928 6410 
11121 5514 832 8105 
11122 2606 6371 7480 
11123 7651 5285 9002 
11124 3651 4813 8386 
11125 8213 2453 10193 
11126 4339 2235 8336 
11127 6954 2232 7194 
11128 5060 3243 8973 
11129 7794 1510 9871 
11130 1466 4592 8983 
11131 3082 4763 9473 
11132 650 4092 9859 
11133 2259 4593 8564 
11134 1163 4672 9062 
11135 215 214 5678 
11136 613 6834 8494 
11137 3708 6546 7577 
11138 4915 110 8287 
11139 678 6365 10119 
11140 3135 5922 6951 
11141 5494 2066 6621 
11142 5827 3172 8790 
11143 6400 3471 10586 
11144 4353 837 8961 
11145 721 4201 8319 
11146 5774 1797 7079 
11147 3915 1915 8968 
11148 5959 3819 8288 
11149 3175 5466 9512 
11150 5184 2063 6151 
11151 1566 4151 9765 
11152 5480 2796 6356 
11153 4035 1507 7787 
11154 4241 2995 9354 
11155 6067 3071 10357 
11156 7172 3101 8072 
11157 3923 1925 7054 
11158 2207 5718 6319 
11159 5313 1662 8452 
11160 953 5051 9174 
11161 4629 1346 8146 
11162 958 3985 9694 
11163 7227 840 8507 
11164 7690 4436 8783 
11165 5195 1778 7298 
11166 4841 2785 6243 
11167 1915 4703 8968 
11168 8559 2158 10394 
11169 4352 1425 8842 
11170 7810 2479 8973 
11171 6289 2208 7484 
11172 2855 7547 10776 
11173 5224 1108 6036 
11174 4303 1323 10413 
11175 3790 1436 8239 
11176 4389 968 10154 
11177 5279 3557 10419 
11178 3747 7366 10048 
11179 6743 2706 6773 
11180 4729 824 6172 
11181 3902 8850 8906 
11182 4067 626 8162 
11183 2656 4291 8399 
11184 4070 2663 8099 
11185 2208 6289 8913 
11186 893 5054 6835 
11187 6467 2349 9452 
11188 2694 8012 8013 
11189 2288 4533 8028 
11190 1119 3830 9178 
11191 2822 5928 6189 
11192 7402 3538 8195 
11193 3116 4357 9794 
11194 4891 2947 9708 
11195 1253 7759 9391 
11196 6054 1597 8349 
11197 5197 674 6358 
11198 5471 995 5765 
11199 893 4270 6808 
11200 4674 784 10124 
11201 2337 4555 8598 
11202 667 5697 6000 
11203 5449 2672 6019 
11204 3878 1002 8243 
11205 3033 5388 8117 
11206 1616 4692 7408 
11207 4866 2131 6678 
11208 580 4763 6080 
11209 4574 2254 7038 
11210 9092 1690 10347 
11211 1939 4650 7158 
11212 6207 1408 9313 
11213 1581 4597 9512 
11214 4034 1573 9601 
11215 2349 7426 9452 
11216 4668 2577 9121 
11217 4548 1557 6643 
11218 4237 429 10604 
11219 4528 551 6898 
11220 1664 7503 10507 
11221 3172 5375 6137 
11222 3289 4431 8698 
11223 4310 5628 10761 
11224 4776 2179 10620 
11225 4386 1045 10083 
11226 8327 2297 8722 
11227 1167 6297 10078 
11228 2332 7495 8398 
11229 3976 1551 8507 
11230 2850 4782 9936 
11231 3497 5907 8054 
11232 3774 1901 9248 
11233 3967 5396 9899 
11234 7601 2259 8564 
11235 6542 2917 8733 
11236 4095 1537 9676 
11237 3961 1950 8437 
11238 836 4432 7882 
11239 3833 5180 9727 
11240 1533 4080 8285 
11241 2038 7995 10322 
11242 3256 6922 7492 
11243 2119 8110 8871 
11244 902 5141 6392 
11245 2249 4010 8024 
11246 1314 4973 7062 
11247 7201 3532 10627 
11248 2152 6584 6585 
11249 5390 1934 9225 
11250 955 3858 6555 
11251 4942 1867 7433 
11252 8947 4562 10753 
11253 2433 5463 9443 
11254 4928 764 7679 
11255 1926 4752 9213 
11256 1824 4714 6381 
11257 1585 4134 7866 
11258 2155 4526 10396 
11259 6681 3118 9886 
11260 3540 5699 8843 
11261 4546 2794 10053 
11262 6154 2182 9177 
11263 5109 2371 8047 
11264 4138 889 10195 
11265 2801 6271 6617 
11266 3908 2506 8257 
11267 4174 3002 10522 
11268 4226 1517 7102 
11269 3409 4937 10304 
11270 5041 2496 8140 
11271 6060 1113 6362 
11272 938 4693 10619 
11273 5531 585 6664 
11274 1953 3964 9707 
11275 2398 3993 8993 
11276 8417 4648 9467 
11277 1028 5357 7817 
11278 2488 4749 8572 
11279 5465 2232 8444 
11280 1741 4828 9019 
11281 2969 6200 8004 
11282 3765 5240 8250 
11283 7783 2294 8183 
11284 5048 981 7748 
11285 5196 1973 6574 
11286 2086 4957 9090 
11287 2745 7887 8435 
11288 954 4083 9614 
11289 3537 7516 9479 
11290 3406 5541 9373 
11291 6866 2338 9282 
11292 1428 4757 7475 
11293 3014 5081 6596 
11294 48 47 7650 
11295 5642 2342 7218 
11296 5533 2105 6522 
11297 4708 681 7666 
11298 3491 6336 8300 
11299 2385 3960 9406 
11300 6136 1292 10467 
11301 2506 5087 10138 
11302 7309 895 7908 
11303 6894 2838 7423 
11304 1381 5720 8726 
11305 934 4902 9911 
11306 1593 7853 8628 
11307 6164 2691 6790 
11308 2756 6029 10110 
11309 4565 807 9941 
11310 1711 6183 10714 
11311 736 5168 6867 
11312 7990 3108 8209 
11313 5056 913 6369 
11314 7380 2524 8695 
11315 4071 2034 10577 
11316 1865 4569 6399 
11317 3810 7142 7584 
11318 4471 2417 9779 
11319 3552 8376 10108 
11320 1941 4796 6708 
11321 4404 1607 8432 
11322 1883 4725 6458 
11323 9453 3564 10549 
11324 1501 4082 9538 
11325 6008 2876 6249 
11326 1486 4924 8768 
11327 2543 5450 6434 
11328 7153 2266 8129 
11329 966 4495 7216 
11330 4470 9082 9994 
11331 4158 864 9531 
11332 4822 849 7047 
11333 4249 1616 10384 
11334 4697 6217 9129 
11335 4397 2107 7089 
11336 3975 8559 10394 
11337 5154 1197 10607 
11338 4535 5993 9692 
11339 5903 3031 7372 
11340 1992 5994 6870 
11341 1886 4737 6141 
11342 7142 2238 7584 
11343 4420 1686 10389 
11344 2513 7016 8959 
11345 3156 5754 6519 
11346 8718 6570 10558 
11347 1184 6321 8277 
11348 4657 1071 7492 
11349 2524 4887 8695 
11350 6677 2436 6818 
11351 1914 5271 7402 
11352 7576 3605 8999 
11353 2833 6517 8910 
11354 2402 5266 5939 
11355 1622 4332 7832 
11356 5271 1914 5557 
11357 7684 2306 8967 
11358 4918 996 8966 
11359 4529 2530 8233 
11360 4187 464 7620 
11361 2787 7731 8325 
11362 4657 2158 8708 
11363 5235 2353 5965 
11364 4909 1278 6748 
11365 6988 5222 10409 
11366 1031 4733 7450 
11367 6691 3371 7186 
11368 2158 4657 6501 
11369 1984 4616 7210 
11370 1630 10201 10528 
11371 3136 4479 7688 
11372 3557 5289 10419 
11373 5076 3872 10381 
11374 3211 4783 9410 
11375 4636 1051 8977 
11376 1032 4164 10457 
11377 5687 3242 7641 
11378 2832 6247 7210 
11379 3498 8900 10480 
11380 4580 1628 8478 
11381 3214 5069 8787 
11382 2486 4028 9498 
11383 4135 2188 9928 
11384 2352 7036 7476 
11385 4992 1834 6640 
11386 2501 6659 7743 
11387 8475 2878 9961 
11388 7763 3098 9131 
11389 4210 2222 9815 
11390 4780 2398 8001 
11391 1355 8166 8455 
11392 2837 8355 10557 
11393 4879 2417 7030 
11394 1942 4804 6710 
11395 571 5342 9025 
11396 1279 4605 8303 
11397 5317 1707 8816 
11398 1172 4755 9474 
11399 1233 5791 8871 
11400 5951 2678 6694 
11401 1963 4396 9206 
11402 1944 4808 6711 
11403 1210 4530 6858 
11404 5030 1022 8651 
11405 910 4769 7537 
11406 1221 5021 8354 
11407 4617 991 7281 
11408 5870 2935 6559 
11409 5329 3291 7527 
11410 3989 1556 7312 
11411 8823 3974 9157 
11412 1289 4624 7258 
11413 4621 1472 7374 
11414 2590 4503 7141 
11415 7164 2624 8522 
11416 3032 6161 6351 
11417 5228 325 5871 
11418 1617 4562 8947 
11419 6321 3141 8277 
11420 616 6720 9710 
11421 5125 1705 8882 
11422 1208 5354 7231 
11423 994 5473 10359 
11424 4480 374 7896 
11425 5742 2433 7959 
11426 7407 3346 7444 
11427 4344 6276 9682 
11428 1950 4850 6224 
11429 1980 4283 7704 
11430 6194 1086 8391 
11431 489 490 8978 
11432 5119 1104 6439 
11433 1068 6491 8302 
11434 2419 4624 8215 
11435 3094 6512 7778 
11436 3099 5457 9763 
11437 4892 1608 10045 
11438 6034 3160 8683 
11439 6251 2277 10252 
11440 2410 7244 8046 
11441 4882 1232 6457 
11442 4760 1941 9170 
11443 506 4870 10695 
11444 5330 2585 6391 
11445 5374 4182 10482 
11446 7451 1165 8251 
11447 6326 1824 8901 
11448 511 512 6480 
11449 612 3914 9643 
11450 2531 4812 9548 
11451 4980 2205 6777 
11452 2831 4785 9432 
11453 8166 3413 8455 
11454 4572 1595 10126 
11455 4561 2120 7717 
11456 2461 6197 6757 
11457 2658 4812 8519 
11458 677 5242 8845 
11459 2272 5352 7389 
11460 3457 5791 8380 
11461 3963 2267 7468 
11462 5429 1845 8320 
11463 3334 7039 8102 
11464 6341 694 8729 
11465 9115 779 9827 
11466 3308 6570 9057 
11467 1568 4538 9088 
11468 4789 1958 6656 
11469 3568 4512 9366 
11470 75 5014 6630 
11471 2314 6987 7563 
11472 6363 3336 7354 
11473 5730 3130 6893 
11474 1970 3991 10186 
11475 4602 2246 10693 
11476 3222 5981 9474 
11477 4759 1942 9150 
11478 2307 6358 6825 
11479 4951 1882 6033 
11480 4528 2143 8232 
11481 3081 6359 7118 
11482 4618 1660 7355 
11483 8263 3203 8859 
11484 2702 9835 9854 
11485 2470 5525 6875 
11486 1140 5256 6953 
11487 4962 2138 7631 
11488 1309 6083 9256 
11489 9968 3797 10649 
11490 4069 2023 8018 
11491 6077 1831 6957 
11492 4084 2327 9123 
11493 4733 1031 7347 
11494 1054 7980 10438 
11495 4471 2554 9385 
11496 3000 788 7771 
11497 680 5781 8110 
11498 1267 7940 8360 
11499 8333 3786 10096 
11500 7267 3836 10481 
11501 4765 1944 9155 
11502 2727 4271 8650 
11503 4493 3041 9946 
11504 4361 929 7846 
11505 2627 4404 7983 
11506 538 4971 6434 
11507 7102 2350 10573 
11508 886 4575 7700 
11509 1580 4314 7610 
11510 1955 4794 6654 
11511 3959 6326 9912 
11512 420 421 10276 
11513 2194 6064 6187 
11514 3148 6647 6954 
11515 5252 3775 10181 
11516 6150 4358 8119 
11517 2229 5372 6561 
11518 4770 2844 6833 
11519 2749 8578 8978 
11520 4469 3129 10178 
11521 4645 2098 7787 
11522 2418 6422 7614 
11523 5869 2336 6976 
11524 1088 6888 7232 
11525 2489 7695 10617 
11526 7336 3452 9133 
11527 2546 3981 7998 
11528 4486 2320 7048 
11529 2420 4992 7671 
11530 1795 5036 6948 
11531 4143 2261 8892 
11532 1645 4518 8161 
11533 4946 789 8087 
11534 6790 1121 8607 
11535 3235 5466 7275 
11536 4843 1515 7869 
11537 6084 2083 7147 
11538 2732 6334 6575 
11539 5581 1124 7174 
11540 4673 2721 6846 
11541 4380 1504 10290 
11542 7404 2061 9440 
11543 2317 4756 6258 
11544 3297 6041 7140 
11545 4458 2242 6645 
11546 2872 4098 8808 
11547 4510 1195 8894 
11548 335 5272 8721 
11549 4678 1683 9028 
11550 5779 2848 6614 
11551 455 4276 7384 
11552 5273 493 10589 
11553 1697 5827 8790 
11554 4820 2284 7801 
11555 1540 8895 9277 
11556 8151 4352 10179 
11557 2999 3444 9250 
11558 107 4720 9070 
11559 1955 3968 9335 
11560 4523 2938 7522 
11561 1442 4506 8633 
11562 5014 3023 6368 
11563 4081 2736 7830 
11564 2218 4657 7492 
11565 696 8180 9779 
11566 7572 1434 7760 
11567 983 5294 7146 
11568 3253 4689 10275 
11569 4484 1552 8223 
11570 4947 170 7301 
11571 2293 4751 5983 
11572 4959 935 10437 
11573 5231 1734 6452 
11574 4370 5126 9788 
11575 2130 4856 9537 
11576 657 4504 10679 
11577 5611 3240 6226 
11578 1060 5145 10748 
11579 5688 1633 8067 
11580 897 4632 8035 
11581 4667 1225 9032 
11582 5960 2965 9229 
11583 3753 7664 8490 
11584 6270 1303 7508 
11585 7130 2710 8414 
11586 2406 5751 7086 
11587 6365 4179 10119 
11588 1207 4897 8283 
11589 8794 3475 8872 
11590 7875 1146 9044 
11591 4299 2407 9434 
11592 5445 3093 6111 
11593 1062 5619 7160 
11594 2583 7083 7934 
11595 3658 9255 9340 
11596 4287 1513 9691 
11597 6562 3653 8137 
11598 5931 593 9766 
11599 1206 6034 8240 
11600 2183 4721 8965 
11601 6587 2087 6714 
11602 2380 6784 8424 
11603 4705 2642 8423 
11604 5219 1827 7425 
11605 6322 1822 7639 
11606 4659 2224 7637 
11607 7580 3656 8089 
11608 4136 9796 10097 
11609 5341 2134 9905 
11610 8034 3008 8625 
11611 3493 5231 6452 
11612 4322 2526 8587 
11613 1623 4516 8603 
11614 2082 5161 6917 
11615 2937 4154 9153 
11616 1276 4780 8001 
11617 2630 8295 9844 
11618 2552 4313 6998 
11619 2635 7621 8247 
11620 366 365 6670 
11621 7869 4646 9179 
11622 5535 2659 6663 
11623 5500 2072 7609 
11624 3086 5277 6637 
11625 2698 6159 6389 
11626 4973 2053 7062 
11627 1187 5160 6048 
11628 1428 9806 10143 
11629 5438 3192 8343 
11630 1367 4578 9450 
11631 1428 5101 9806 
11632 2597 5543 8226 
11633 2020 4822 7047 
11634 956 4868 7027 
11635 692 6331 9613 
11636 6623 3726 10426 
11637 1378 7343 10198 
11638 5334 3248 8623 
11639 1367 4867 8847 
11640 2176 5805 6075 
11641 2461 4736 8616 
11642 4459 2878 8153 
11643 4605 1279 7682 
11644 6609 724 9110 
11645 2337 5347 10169 
11646 3791 4437 10454 
11647 1940 4239 10469 
11648 329 328 6697 
11649 4703 1672 8968 
11650 4791 2081 9817 
11651 2416 4412 10756 
11652 2558 9968 10649 
11653 5208 846 8834 
11654 5360 2782 9156 
11655 120 119 6811 
11656 1627 6581 8395 
11657 5007 1578 9728 
11658 2687 6769 7311 
11659 721 8319 8865 
11660 4700 2946 6726 
11661 5426 1093 8296 
11662 2319 4254 7304 
11663 2562 4778 7460 
11664 5330 1716 8647 
11665 4840 288 10365 
11666 3919 2172 6972 
11667 5306 1430 8002 
11668 3957 1515 8819 
11669 274 273 6654 
11670 7418 2233 8025 
11671 1056 4006 9296 
11672 2257 6760 7291 
11673 4462 2843 7921 
11674 4956 1674 10320 
11675 5175 2152 6585 
11676 6286 984 8524 
11677 1495 6114 6252 
11678 6551 714 7124 
11679 59 58 6656 
11680 4098 6159 8808 
11681 4777 2136 10741 
11682 2666 8928 9036 
11683 1621 4460 8909 
11684 1107 4806 6535 
11685 6820 1080 7417 
11686 2009 4653 9480 
11687 6895 2377 10121 
11688 226 4730 7701 
11689 6512 2371 7778 
11690 1035 5095 7478 
11691 4240 1543 9966 
11692 2096 4909 6748 
11693 1086 4323 8990 
11694 2962 4475 9305 
11695 5224 1774 9431 
11696 5176 197 8927 
11697 139 5356 8832 
11698 6807 2716 8932 
11699 1905 5559 9298 
11700 8578 4392 8978 
11701 38 37 6708 
11702 576 5093 8584 
11703 4650 1939 6925 
11704 5878 3574 9301 
11705 2338 5875 9282 
11706 9534 1529 10037 
11707 166 165 6737 
11708 97 96 6710 
11709 2998 4295 9243 
11710 4701 6453 10583 
11711 1659 4472 8684 
11712 1861 4273 10515 
11713 1164 5088 8220 
11714 4850 1950 6803 
11715 7549 3634 10402 
11716 5006 3535 6603 
11717 7461 2716 9449 
11718 2356 4490 6794 
11719 87 86 6711 
11720 7402 5271 9627 
11721 1531 4519 10591 
11722 2184 4526 8800 
11723 5967 1140 6953 
11724 1877 5388 5712 
11725 4959 2115 7487 
11726 6206 3417 7894 
11727 5907 1166 9067 
11728 4875 2066 10734 
11729 4480 2401 7116 
11730 2116 5490 9125 
11731 2561 4176 8204 
11732 4068 2300 8185 
11733 1093 8092 8296 
11734 4551 1734 10633 
11735 115 4899 7213 
11736 331 330 6838 
11737 4730 225 7720 
11738 4706 2285 6314 
11739 6966 3492 9240 
11740 4925 2046 6457 
11741 4044 2473 7664 
11742 4871 4017 10382 
11743 4461 6766 10201 
11744 4658 3125 8296 
11745 1749 5205 7856 
11746 3284 4937 9761 
11747 4482 1310 9257 
11748 5888 2756 7180 
11749 4884 1872 7512 
11750 5324 951 10526 
11751 2903 7374 9805 
11752 2368 6743 6773 
11753 7059 3935 8813 
11754 4201 2509 8319 
11755 971 4830 6062 
11756 4296 652 7621 
11757 8606 3323 9537 
11758 4424 769 8412 
11759 1173 5613 7239 
11760 5216 2855 6378 
11761 2335 4139 7104 
11762 2697 5066 9221 
11763 7252 1252 7851 
11764 4323 2316 8990 
11765 6707 1315 10436 
11766 5559 1905 7826 
11767 2821 5268 6704 
11768 2640 4946 8087 
11769 1292 5554 8916 
11770 7300 4314 8693 
11771 3007 5627 9606 
11772 61 60 6752 
11773 6384 4046 8011 
11774 662 4249 10013 
11775 1263 5321 6726 
11776 7337 3445 9175 
11777 1077 4974 5703 
11778 5024 2856 9640 
11779 3159 4847 7606 
11780 4588 915 6409 
11781 1368 7410 8917 
11782 312 311 6861 
11783 649 4761 10269 
11784 5418 354 6216 
11785 1788 5009 10284 
11786 6170 3096 7836 
11787 6738 954 10496 
11788 1284 6940 8689 
11789 578 4914 6816 
11790 5510 2560 7367 
11791 4179 2452 10119 
11792 3281 6260 8265 
11793 4355 2301 6233 
11794 942 5494 6187 
11795 6774 2710 9238 
11796 695 6927 7127 
11797 2240 6098 6277 
11798 2760 5821 9100 
11799 660 4464 6529 
11800 803 4428 7983 
11801 70 69 6803 
11802 4944 1180 6731 
11803 4872 1953 6318 
11804 2347 4628 7713 
11805 8229 3366 9576 
11806 1802 5394 6217 
11807 465 466 6619 
11808 6730 1374 8580 
11809 597 4477 9368 
11810 2758 7366 7876 
11811 942 6187 6255 
11812 6271 7243 10230 
11813 3827 951 9089 
11814 2089 5756 5909 
11815 7411 723 9102 
11816 5209 1964 8554 
11817 2588 9541 9765 
11818 2204 6302 9094 
11819 393 392 6887 
11820 1702 5526 6338 
11821 6931 3390 10453 
11822 2123 9054 10572 
11823 4228 1281 8668 
11824 908 5498 9733 
11825 2399 7419 10565 
11826 4587 2278 7780 
11827 280 279 6826 
11828 1776 6057 6806 
11829 4809 1351 10416 
11830 322 321 6923 
11831 2632 5299 7459 
11832 385 384 6843 
11833 643 4520 7992 
11834 325 324 5871 
11835 1524 4305 7334 
11836 7453 3728 9425 
11837 5674 1050 5715 
11838 4344 2283 8468 
11839 5215 2858 9247 
11840 4986 2916 8192 
11841 4426 2386 6672 
11842 1819 5251 8754 
11843 7188 3360 9771 
11844 7424 857 9826 
11845 6271 2801 7243 
11846 989 4609 10726 
11847 934 5355 6283 
11848 6426 3028 7749 
11849 5936 2684 6167 
11850 6360 1019 8626 
11851 4040 5023 7840 
11852 6063 2129 6350 
11853 2862 5990 9996 
11854 1629 4428 10289 
11855 6205 2117 6578 
11856 8205 2765 9127 
11857 2333 7642 7714 
11858 5720 1874 8954 
11859 5775 2212 6664 
11860 567 5858 7889 
11861 3998 1013 8431 
11862 4549 2939 6443 
11863 1183 6112 8593 
11864 6796 2521 8834 
11865 95 94 6906 
11866 3514 6824 7040 
11867 4748 1983 7746 
11868 4671 1829 6537 
11869 6041 3297 9967 
11870 3220 4699 9992 
11871 5523 1070 9023 
11872 7410 3337 8917 
11873 4139 2335 8260 
11874 5252 2090 7953 
11875 2301 4355 6715 
11876 3793 5000 6401 
11877 6282 1389 9536 
11878 1608 4742 8177 
11879 4666 1749 7933 
11880 4738 1641 7547 
11881 8393 2782 8988 
11882 1184 5156 6321 
11883 4630 474 9674 
11884 4645 978 6813 
11885 1315 6707 10214 
11886 2981 4714 9447 
11887 4512 686 6374 
11888 4860 2991 9842 
11889 3570 4145 9489 
11890 1627 6028 6581 
11891 2660 4439 10646 
11892 3630 5749 9036 
11893 4260 5488 9608 
11894 2211 5162 5890 
11895 5291 2444 6007 
11896 1894 5616 8122 
11897 5098 2132 8942 
11898 2222 4912 9815 
11899 300 4854 10234 
11900 4649 2909 8219 
11901 4176 2561 8199 
11902 3903 1675 8502 
11903 1953 4872 6826 
11904 3052 5416 8835 
11905 4366 1163 9062 
11906 1102 4344 8468 
11907 5412 2629 7979 
11908 5364 565 8692 
11909 707 4824 7372 
11910 2422 3929 8520 
11911 3740 7537 9820 
11912 72 71 6913 
11913 2640 5767 6410 
11914 4480 2397 6646 
11915 25 24 6056 
11916 2414 4970 7838 
11917 2678 5802 6694 
11918 1998 4668 9121 
11919 4942 1433 7561 
11920 4909 2641 6254 
11921 4107 2413 8641 
11922 945 4191 9289 
11923 801 6684 9566 
11924 752 5738 7109 
11925 4697 700 7993 
11926 8109 1375 10121 
11927 3025 6723 10592 
11928 4602 2933 10725 
11929 2129 6942 9047 
11930 2431 7869 9179 
11931 4988 2213 7786 
11932 5640 2078 10430 
11933 5526 1154 6338 
11934 1764 4633 10675 
11935 4538 2703 9088 
11936 5302 2303 6292 
11937 1583 10015 10265 
11938 1825 5698 6789 
11939 278 277 6945 
11940 5178 3168 8553 
11941 2386 4426 7067 
11942 1946 4622 7123 
11943 5857 3277 9192 
11944 4426 2387 7068 
11945 4548 6643 7178 
11946 935 7514 10437 
11947 272 271 6956 
11948 6029 3890 10292 
11949 690 4521 10222 
11950 3898 8696 8700 
11951 4275 2474 10041 
11952 3031 5903 8914 
11953 3567 6269 9200 
11954 2715 5165 8817 
11955 5468 2705 6985 
11956 8051 1780 9194 
11957 652 4287 9738 
11958 4839 235 8063 
11959 3115 5846 7670 
11960 1205 6979 9488 
11961 3973 5509 10438 
11962 4785 947 6857 
11963 6462 3326 9510 
11964 3096 6563 7836 
11965 3267 4410 8737 
11966 5328 2206 6268 
11967 925 4993 7122 
11968 4128 608 9971 
11969 5009 3209 10284 
11970 5507 1989 9456 
11971 1164 8220 8590 
11972 5037 2656 6724 
11973 1215 4339 8336 
11974 2439 5005 8494 
11975 5994 3592 6870 
11976 7015 1892 9963 
11977 3344 6686 10209 
11978 703 6202 6665 
11979 2282 5079 5873 
11980 8008 1719 8496 
11981 5164 2119 8101 
11982 5186 2156 9712 
11983 6681 1256 8123 
11984 5514 1934 8820 
11985 4736 2461 7001 
11986 7567 2472 8482 
11987 1545 5016 6967 
11988 65 5086 10194 
11989 835 8650 9604 
11990 4681 4066 9843 
11991 2327 4617 8491 
11992 4949 1643 8999 
11993 5100 556 7070 
11994 2507 4933 8676 
11995 2622 5298 6830 
11996 4106 6931 10783 
11997 1490 5578 9293 
11998 1012 5631 10680 
11999 8134 4302 10591 
12000 4963 1859 6465 
12001 5165 614 8817 
12002 7891 660 9185 
12003 3019 5469 9298 
12004 6740 3668 9361 
12005 251 250 6936 
12006 3375 5720 8954 
12007 4881 1537 8405 
12008 6584 1058 7987 
12009 4526 1212 8800 
12010 4861 1692 8165 
12011 2090 5252 6423 
12012 4878 8162 9204 
12013 237 236 5899 
12014 499 4462 7921 
12015 1128 4579 8838 
12016 4733 2633 7450 
12017 2735 5280 9066 
12018 4003 1615 7619 
12019 1112 4500 9179 
12020 3348 4690 6860 
12021 2270 4355 6233 
12022 4381 2742 9437 
12023 2018 4448 8312 
12024 2225 4411 8187 
12025 1433 4916 7561 
12026 6905 3518 8231 
12027 591 4230 8637 
12028 4582 2252 9023 
12029 2383 7628 9394 
12030 1820 4827 9279 
12031 2016 6962 7901 
12032 5242 1972 8845 
12033 1510 8312 9871 
12034 2396 5482 7446 
12035 197 5176 9668 
12036 873 5078 7613 
12037 3473 4546 10204 
12038 2289 4393 7633 
12039 4512 1470 9764 
12040 674 4768 8041 
12041 960 4430 6381 
12042 2379 6426 7749 
12043 4368 421 7756 
12044 2154 4573 9220 
12045 2857 5705 7022 
12046 4721 2098 6813 
12047 1295 5857 9192 
12048 2717 7946 9190 
12049 7822 3930 10352 
12050 5328 960 6690 
12051 2956 5931 6748 
12052 2317 4695 8735 
12053 7302 4137 10244 
12054 4714 4004 9701 
12055 4402 1120 7388 
12056 5736 4051 7165 
12057 9346 2843 9561 
12058 5141 2283 6392 
12059 4500 3049 10019 
12060 4896 888 7052 
12061 4707 2011 7593 
12062 1883 4114 10458 
12063 2619 4684 8301 
12064 2443 4247 8693 
12065 1668 4890 7023 
12066 5695 1913 7017 
12067 1719 7900 8496 
12068 929 4293 7846 
12069 1137 5271 9198 
12070 7510 6642 10195 
12071 4245 2684 9226 
12072 4441 2156 7364 
12073 2196 4862 6520 
12074 534 5064 8658 
12075 9174 5051 10406 
12076 6311 3264 10722 
12077 1698 4834 7284 
12078 4641 1737 5995 
12079 1803 4611 7037 
12080 4911 901 6848 
12081 4823 1476 8656 
12082 3016 4739 10175 
12083 4511 968 7022 
12084 4436 2190 9239 
12085 1689 4759 9150 
12086 2382 4983 8211 
12087 4770 812 9502 
12088 6600 5395 10087 
12089 8696 2490 8700 
12090 4248 1505 7737 
12091 2585 5330 8080 
12092 239 238 7114 
12093 2138 4962 6213 
12094 2823 6097 9687 
12095 1222 6272 8778 
12096 4889 3299 6464 
12097 4868 2243 7027 
12098 4412 2416 7019 
12099 2140 4848 8755 
12100 5456 2230 8105 
12101 7550 3430 10221 
12102 2904 5959 8288 
12103 2206 5328 6690 
12104 4977 587 7564 
12105 3411 5839 8571 
12106 926 4698 8861 
12107 2582 4169 8392 
12108 3564 7715 10549 
12109 3048 6165 6898 
12110 1690 4765 9155 
12111 4831 985 8769 
12112 4966 3251 9339 
12113 2095 4756 7150 
12114 6122 5755 9189 
12115 5494 2194 6187 
12116 2509 4669 8319 
12117 2560 4435 9693 
12118 2326 7984 8958 
12119 7856 5205 10760 
12120 5632 4030 8828 
12121 4775 770 10486 
12122 6968 1437 8516 
12123 7581 3917 9077 
12124 3034 7923 8043 
12125 7012 1208 7231 
12126 696 4879 8197 
12127 878 8611 10618 
12128 5750 2322 5937 
12129 4786 691 6361 
12130 4405 2441 7668 
12131 4427 3033 10495 
12132 7533 4177 7854 
12133 359 5423 6504 
12134 4412 7034 10756 
12135 1778 4875 10734 
12136 1190 4570 9747 
12137 4737 1886 6554 
12138 4595 917 10373 
12139 1140 4996 10475 
12140 5457 3099 7152 
12141 4220 1943 8331 
12142 4635 3446 10565 
12143 5397 1821 7759 
12144 3367 8301 9334 
12145 5926 2520 9666 
12146 1691 4760 9170 
12147 2363 4734 9338 
12148 2426 4458 6645 
12149 6139 2449 7926 
12150 5298 2078 5640 
12151 8330 5426 10742 
12152 6774 9238 10599 
12153 4142 2186 9739 
12154 1821 5015 7759 
12155 3011 5605 6130 
12156 4553 1455 7362 
12157 4596 2045 7464 
12158 1048 5675 5853 
12159 819 5446 7524 
12160 6026 646 7520 
12161 7129 1007 8802 
12162 5761 1090 8520 
12163 6214 2698 7849 
12164 5314 1833 9622 
12165 1725 4271 8532 
12166 4972 6275 9922 
12167 2012 4357 10201 
12168 153 152 6190 
12169 4771 3338 8528 
12170 4432 3351 10058 
12171 2871 5761 8744 
12172 1507 4645 7787 
12173 2497 8134 10591 
12174 4795 2971 10652 
12175 2175 4680 9068 
12176 6540 1452 9145 
12177 4127 1253 9391 
12178 1688 4929 7843 
12179 4264 5310 10732 
12180 4833 2166 7273 
12181 4898 1650 6759 
12182 6823 1234 6977 
12183 110 4915 10331 
12184 4752 1684 9213 
12185 4479 3136 9273 
12186 1729 5167 10255 
12187 2513 5059 7016 
12188 4818 2972 7390 
12189 4197 3022 10202 
12190 5108 1335 7669 
12191 41 5124 7067 
12192 3210 4723 9723 
12193 5366 2491 6053 
12194 4268 1544 8411 
12195 245 244 6235 
12196 6436 793 7522 
12197 1541 6310 9988 
12198 7674 3244 8313 
12199 1867 4720 7433 
12200 4614 3499 8248 
12201 5568 2620 8401 
12202 3546 6090 8512 
12203 1136 6170 7836 
12204 4355 2270 6829 
12205 4402 1566 9765 
12206 6563 2402 7836 
12207 6248 1214 8371 
12208 2740 5164 8101 
12209 7853 4341 8628 
12210 1353 7963 8618 
12211 7244 2743 8046 
12212 2543 5765 9000 
12213 6424 3062 7875 
12214 1427 4920 10676 
12215 268 267 7010 
12216 2092 4966 7969 
12217 1947 5258 6412 
12218 1973 5196 6466 
12219 4554 918 10056 
12220 266 265 6220 
12221 129 4917 6856 
12222 2896 4936 10132 
12223 6797 2933 10188 
12224 1409 4643 8736 
12225 2483 4900 10324 
12226 1481 4755 9196 
12227 5101 2778 7636 
12228 6762 3835 7203 
12229 8628 2013 10452 
12230 834 5032 8368 
12231 3322 5075 8886 
12232 2054 7136 7871 
12233 6202 2605 6665 
12234 2948 4798 9947 
12235 5242 677 5801 
12236 3239 6387 8772 
12237 4238 1316 8106 
12238 1671 5987 10076 
12239 4902 1955 9335 
12240 3128 7785 8533 
12241 2249 8024 10534 
12242 1907 7784 9317 
12243 6052 762 9022 
12244 1054 4805 7980 
12245 5459 3295 9756 
12246 6788 636 10131 
12247 7377 3092 7513 
12248 6364 8292 9303 
12249 2203 5318 6768 
12250 55 54 6949 
12251 2477 4429 9063 
12252 1507 4199 8062 
12253 8913 1194 8985 
12254 1671 4463 9801 
12255 982 4980 6777 
12256 3418 6207 9313 
12257 5005 613 8494 
12258 3994 9673 9828 
12259 4798 2948 7246 
12260 2376 6430 10472 
12261 4754 583 8662 
12262 4351 884 9386 
12263 4560 983 7146 
12264 4467 1101 7932 
12265 1692 4826 8165 
12266 3726 6623 9997 
12267 5337 3103 8345 
12268 206 5459 9756 
12269 2290 9542 9711 
12270 1388 5233 7811 
12271 4662 2421 7166 
12272 2721 4673 10260 
12273 1777 4809 8477 
12274 2780 6261 8121 
12275 816 5175 6585 
12276 3058 6741 9985 
12277 9494 3399 10721 
12278 7753 4821 9122 
12279 6260 3281 6655 
12280 6169 3203 8263 
12281 3924 7404 9440 
12282 1166 6754 9067 
12283 4438 2444 7179 
12284 8167 1622 10571 
12285 2545 5664 6886 
12286 4169 2582 8184 
12287 4575 2351 7700 
12288 5965 2353 7105 
12289 4085 2660 9436 
12290 6549 3238 9045 
12291 1531 4302 9577 
12292 1564 6717 6831 
12293 3608 5538 8690 
12294 6825 1241 8182 
12295 2378 7407 7444 
12296 522 5533 6522 
12297 572 6601 9552 
12298 4379 4750 8904 
12299 243 242 7084 
12300 247 246 7085 
12301 6500 3213 8436 
12302 5181 134 9625 
12303 5261 2039 8517 
12304 3373 4360 10477 
12305 8285 4028 8749 
12306 982 6777 7602 
12307 4568 1610 10019 
12308 3867 5203 9743 
12309 607 5215 9247 
12310 5265 744 6832 
12311 2847 4400 8877 
12312 5450 2157 7574 
12313 4390 1527 8268 
12314 4225 969 7728 
12315 700 4697 9202 
12316 4568 664 8407 
12317 4845 1664 7691 
12318 5432 1090 5761 
12319 6394 3004 7772 
12320 4513 974 6783 
12321 2445 4438 7184 
12322 2106 8002 8776 
12323 7000 4687 9840 
12324 2191 4614 10639 
12325 1126 9336 10305 
12326 6942 3416 9047 
12327 1638 4866 7964 
12328 3512 7690 8016 
12329 1036 6068 8779 
12330 2939 4549 8395 
12331 7629 882 10258 
12332 1928 5056 9829 
12333 5949 953 9057 
12334 6290 4144 10584 
12335 4486 7048 10540 
12336 1876 5528 10304 
12337 5257 6397 10630 
12338 8024 4087 10534 
12339 4660 2793 8339 
12340 5086 65 8756 
12341 5110 3382 7288 
12342 1543 4240 9183 
12343 4553 674 8041 
12344 2497 7920 8134 
12345 1728 7974 9685 
12346 2395 4255 7762 
12347 996 4918 8128 
12348 7627 2224 9587 
12349 4706 586 8104 
12350 493 494 10589 
12351 2670 5642 7218 
12352 5416 1620 8835 
12353 4300 804 7188 
12354 2002 5321 9251 
12355 1346 5209 8146 
12356 3430 9862 10221 
12357 6197 1248 6757 
12358 1637 4556 9154 
12359 2725 5185 10107 
12360 2377 7724 10121 
12361 2355 4384 8684 
12362 2452 4179 10664 
12363 5438 748 7176 
12364 4403 829 10372 
12365 5873 2365 6624 
12366 4381 5849 9769 
12367 4782 1466 9936 
12368 426 427 9441 
12369 2541 3802 6993 
12370 4933 643 8236 
12371 7642 3102 7714 
12372 2374 7781 8843 
12373 1032 5672 8090 
12374 1183 4692 8093 
12375 1292 7421 10467 
12376 8635 3218 9444 
12377 7664 2473 8490 
12378 5781 3149 8110 
12379 5789 3094 7778 
12380 5342 3050 9025 
12381 2124 4365 9481 
12382 6287 48 7650 
12383 2048 5590 9001 
12384 6997 4423 9107 
12385 3305 4879 7030 
12386 4970 1642 7838 
12387 4926 1925 7598 
12388 2285 6648 8759 
12389 1302 5793 9016 
12390 2932 7666 7726 
12391 2703 4372 9088 
12392 6437 1204 10758 
12393 745 5948 10160 
12394 8180 4471 9779 
12395 4614 2191 7930 
12396 2400 6424 7875 
12397 3407 7627 10321 
12398 4761 3021 10269 
12399 5145 1793 10136 
12400 1011 4905 9442 
12401 941 4842 7712 
12402 2959 4277 9204 
12403 1934 6083 9225 
12404 4809 1777 9228 
12405 3243 7810 8973 
12406 996 4112 7863 
12407 1343 4626 9210 
12408 2226 5070 7029 
12409 2305 7505 7764 
12410 8881 3988 10593 
12411 6017 1251 8308 
12412 4252 979 8807 
12413 2375 6156 8347 
12414 658 4964 8905 
12415 2307 5197 6358 
12416 4543 6406 10456 
12417 1182 5988 7830 
12418 8255 2369 8687 
12419 1494 5080 6249 
12420 2174 6115 7588 
12421 5189 2416 10756 
12422 4494 639 8406 
12423 2990 5768 10152 
12424 1455 4719 7362 
12425 4763 2656 8399 
12426 4887 1328 8695 
12427 361 5269 9758 
12428 5293 2315 6863 
12429 5211 1439 7454 
12430 6588 3372 9802 
12431 5668 3376 8604 
12432 3229 6352 8824 
12433 2015 3910 6679 
12434 4393 625 10389 
12435 1509 4749 7063 
12436 4712 3585 7590 
12437 2796 5480 9681 
12438 5167 3707 10255 
12439 10023 2399 10565 
12440 4945 2217 7766 
12441 4029 5497 9115 
12442 5543 1023 9413 
12443 896 6761 10313 
12444 5288 2661 6375 
12445 4040 2667 8055 
12446 7843 1146 7875 
12447 5573 2738 6888 
12448 5134 10298 10596 
12449 2300 4837 8185 
12450 2065 6352 7434 
12451 2205 5501 8238 
12452 2218 4404 8432 
12453 2742 5575 7956 
12454 3737 7343 9009 
12455 1819 6242 9684 
12456 4593 1500 8564 
12457 2473 4044 8010 
12458 2391 4475 9011 
12459 2392 6394 7772 
12460 5331 2453 6307 
12461 4968 1718 6869 
12462 2982 6123 6382 
12463 5015 733 10561 
12464 4345 743 7277 
12465 1765 4726 10182 
12466 5632 1099 5805 
12467 2682 6280 8059 
12468 6811 119 9813 
12469 5898 670 7447 
12470 9028 1929 10716 
12471 4750 2109 7728 
12472 2667 4040 7840 
12473 722 4244 8598 
12474 5573 3286 7391 
12475 7824 1429 9654 
12476 4659 601 8118 
12477 5161 1681 6917 
12478 5417 1247 7622 
12479 619 5097 7907 
12480 2197 4954 7768 
12481 4578 2900 9450 
12482 6470 2408 10345 
12483 3393 5854 9265 
12484 5925 3781 8098 
12485 4673 1261 8509 
12486 3502 4890 7117 
12487 4147 8631 9458 
12488 1121 5029 9964 
12489 1512 4969 8653 
12490 1814 5178 7619 
12491 6064 2514 6187 
12492 2202 4243 7395 
12493 1367 4610 7558 
12494 4992 6640 7671 
12495 6346 3380 9330 
12496 4304 2313 7358 
12497 4726 3286 10182 
12498 4599 2500 8440 
12499 349 5199 9702 
12500 5349 2428 5724 
12501 6066 3948 7777 
12502 1705 4369 8882 
12503 354 353 6216 
12504 5185 635 8055 
12505 2841 8635 10298 
12506 1329 5428 7789 
12507 726 7719 8667 
12508 2442 4382 9688 
12509 7675 3985 10316 
12510 4312 1548 10066 
12511 2096 5329 6478 
12512 5457 1870 9763 
12513 2884 4913 10286 
12514 1906 6720 9746 
12515 4962 1291 7644 
12516 284 283 7034 
12517 5575 1237 7956 
12518 5209 1346 6860 
12519 2233 5576 8025 
12520 474 4630 10360 
12521 4931 2260 7280 
12522 1450 4498 8542 
12523 835 4343 9883 
12524 1761 3702 8848 
12525 591 5412 7979 
12526 5371 9709 10614 
12527 4749 1509 8572 
12528 689 4772 9476 
12529 5002 3240 9563 
12530 2247 5053 9098 
12531 5987 3228 6613 
12532 5233 2534 7811 
12533 4756 2095 7957 
12534 1162 5319 6776 
12535 2966 5429 8320 
12536 4707 1532 9802 
12537 1715 5116 9346 
12538 4913 2884 7529 
12539 2714 4133 8949 
12540 759 4375 9304 
12541 1069 4506 8970 
12542 5720 3375 8726 
12543 2341 4914 7887 
12544 4575 886 10137 
12545 7016 2807 8959 
12546 4876 3405 9451 
12547 4718 1868 6702 
12548 6871 2237 9549 
12549 3043 6422 7911 
12550 6165 2143 6898 
12551 6819 3347 9581 
12552 4324 2399 7401 
12553 2778 5101 7475 
12554 2405 4215 9787 
12555 2399 4324 7419 
12556 2494 6939 9948 
12557 2736 4081 8748 
12558 1066 5461 6911 
12559 1974 4935 9285 
12560 4819 825 8740 
12561 3249 5137 7729 
12562 935 4959 7487 
12563 5707 3254 7539 
12564 4724 599 8351 
12565 2607 4167 9970 
12566 2878 4459 7710 
12567 5482 488 7446 
12568 5262 2587 6974 
12569 6720 4224 9710 
12570 1438 7491 10769 
12571 4307 2606 10792 
12572 2018 4591 7663 
12573 2508 4772 9767 
12574 2608 5764 7519 
12575 1769 5099 10311 
12576 4555 722 8598 
12577 1290 4434 7435 
12578 4586 744 9484 
12579 5252 1133 6423 
12580 8629 3857 9749 
12581 2821 4576 10315 
12582 6741 4014 9985 
12583 460 461 5944 
12584 7623 2706 10296 
12585 5269 361 8671 
12586 6991 5523 9023 
12587 4901 3895 6616 
12588 6453 7029 10351 
12589 3004 6108 7772 
12590 5668 1431 6623 
12591 2844 4770 9502 
12592 2995 4443 9395 
12593 6511 2947 6595 
12594 2833 5099 6517 
12595 3278 7167 7801 
12596 1505 5665 7737 
12597 4159 1650 8694 
12598 1464 7322 9775 
12599 2429 5228 5871 
12600 4324 5806 7419 
12601 4526 2184 7196 
12602 6940 1284 9844 
12603 466 4953 6619 
12604 3039 6429 7929 
12605 1476 4823 8467 
12606 2837 4905 7064 
12607 5913 974 8594 
12608 5793 3262 9016 
12609 6777 2205 8238 
12610 6840 4135 9740 
12611 4235 2238 10230 
12612 4530 2914 7889 
12613 1545 7773 9527 
12614 1905 6013 7826 
12615 6400 3051 6751 
12616 1935 4933 8236 
12617 2975 4757 8364 
12618 2372 5626 6195 
12619 2417 4471 8603 
12620 9542 4411 9711 
12621 4973 2544 9321 
12622 1701 4546 10053 
12623 1846 6239 8439 
12624 5661 713 7906 
12625 6313 2967 6413 
12626 4848 345 8755 
12627 342 5656 9232 
12628 6394 2392 7847 
12629 7732 3780 8447 
12630 4027 2688 8803 
12631 2402 5939 7111 
12632 981 5048 9579 
12633 2132 5521 9694 
12634 5001 2153 8600 
12635 5050 2335 10441 
12636 7926 3782 8500 
12637 130 129 6856 
12638 2663 4070 8677 
12639 1334 4615 9649 
12640 2185 7256 9973 
12641 7641 3242 7825 
12642 957 4712 9539 
12643 4353 2025 9535 
12644 4921 1377 8152 
12645 3320 4859 9870 
12646 1275 6152 6263 
12647 6271 595 6617 
12648 1267 5652 7940 
12649 4779 9304 10601 
12650 4954 745 7768 
12651 3545 8212 9944 
12652 8430 5455 9926 
12653 6817 3672 8133 
12654 4790 2033 9608 
12655 4842 2297 7003 
12656 6039 3358 6476 
12657 4768 1871 8041 
12658 4531 1347 8032 
12659 1285 5424 10116 
12660 3858 955 7919 
12661 4585 1146 9986 
12662 5589 704 7708 
12663 4731 765 9855 
12664 1498 6256 8889 
12665 4701 2226 6453 
12666 5269 2364 9758 
12667 1046 5445 6111 
12668 5377 2245 6525 
12669 1174 5865 6460 
12670 2056 5946 8239 
12671 4250 6738 10496 
12672 1235 6582 7003 
12673 5400 2143 8086 
12674 2968 5446 9750 
12675 6858 2789 7604 
12676 1294 6905 8231 
12677 5809 1402 9982 
12678 5226 558 9907 
12679 4458 2426 7046 
12680 9082 3948 10471 
12681 4425 2531 10267 
12682 2138 6454 7631 
12683 2917 6342 8375 
12684 4648 3117 8569 
12685 2237 4810 7892 
12686 3539 8244 8305 
12687 3285 7783 8183 
12688 2492 7057 7856 
12689 1252 4668 7851 
12690 9541 4402 9765 
12691 1771 5510 7367 
12692 4045 5589 7708 
12693 3009 4507 10790 
12694 4121 897 8035 
12695 3205 4619 9658 
12696 134 5181 9314 
12697 2157 6815 7574 
12698 7971 2604 8429 
12699 3436 8238 8601 
12700 4695 1013 8735 
12701 4885 785 9605 
12702 4598 3348 7466 
12703 1411 6346 9330 
12704 949 6500 8436 
12705 1011 4171 8780 
12706 2200 4150 9959 
12707 4586 1092 7333 
12708 6422 2418 7911 
12709 6625 3183 8318 
12710 5074 1202 6998 
12711 1465 5360 9156 
12712 2899 5155 10358 
12713 6518 3354 9651 
12714 4405 7339 9624 
12715 9796 3001 10097 
12716 878 5987 6613 
12717 7780 1052 9348 
12718 2206 6354 7640 
12719 2392 4766 9037 
12720 2720 5086 8837 
12721 10076 5987 10618 
12722 8750 3562 10325 
12723 4007 849 10533 
12724 3304 8918 9628 
12725 5842 2030 6061 
12726 2193 6105 6713 
12727 4299 2361 8728 
12728 1265 6273 6469 
12729 4751 1968 8463 
12730 5271 2975 9198 
12731 1839 5435 6506 
12732 4152 2200 9953 
12733 4777 804 9435 
12734 2040 5363 7021 
12735 2178 4482 8017 
12736 2882 5897 9138 
12737 2683 6387 9097 
12738 2371 5782 7778 
12739 6799 3441 9618 
12740 7985 2010 8031 
12741 5427 1258 6432 
12742 180 5259 7189 
12743 5608 3175 6309 
12744 1055 6277 6281 
12745 2345 4880 8298 
12746 4811 1499 8963 
12747 4373 2681 8253 
12748 4144 2245 10085 
12749 1680 5287 6380 
12750 1657 6353 10615 
12751 1770 3988 9713 
12752 3293 6935 9777 
12753 4060 1033 7816 
12754 5109 99 9111 
12755 2263 5265 6832 
12756 4317 2568 8152 
12757 2250 7581 9077 
12758 5072 1587 9403 
12759 363 5128 9274 
12760 4950 648 7028 
12761 5637 3438 8045 
12762 3447 7164 8522 
12763 5790 3495 7436 
12764 2232 6954 7398 
12765 7706 1094 7854 
12766 4837 1042 8185 
12767 5032 834 9076 
12768 1433 4942 7433 
12769 5670 1522 6969 
12770 1310 4514 9257 
12771 8244 2581 8305 
12772 5222 819 10074 
12773 1734 5877 10633 
12774 1124 5582 6728 
12775 558 5670 9907 
12776 2245 5676 6903 
12777 2845 4934 9753 
12778 4477 2154 9220 
12779 2870 4193 7963 
12780 5962 2838 6894 
12781 467 468 10279 
12782 4292 2540 10449 
12783 3001 5666 10720 
12784 4862 1775 7959 
12785 1036 5549 8369 
12786 1573 5246 9601 
12787 887 4758 10752 
12788 4068 8185 8943 
12789 1595 5210 10126 
12790 5678 2763 7500 
12791 5122 875 9565 
12792 5020 4484 8387 
12793 6429 2425 7929 
12794 1558 5293 8249 
12795 7233 1879 10246 
12796 5905 2464 6168 
12797 6393 2115 10568 
12798 4185 1011 8780 
12799 710 6652 8773 
12800 4989 1982 7149 
12801 4859 1825 6789 
12802 7131 2247 7654 
12803 4578 2518 8291 
12804 2340 6642 7510 
12805 5723 1844 8219 
12806 991 4617 9780 
12807 8138 2515 9087 
12808 4617 2327 9780 
12809 5342 571 9081 
12810 5152 2542 7827 
12811 4270 893 10148 
12812 4563 3433 7645 
12813 2186 5061 9739 
12814 572 5182 6601 
12815 4006 2653 9296 
12816 2443 5668 6623 
12817 3880 7816 9124 
12818 4198 2449 8049 
12819 4691 8167 10571 
12820 1541 4747 8318 
12821 5330 1160 8080 
12822 5124 40 9207 
12823 7263 3090 8088 
12824 5332 1814 7619 
12825 5339 631 7916 
12826 694 6782 8815 
12827 1632 6086 9373 
12828 3454 5159 10749 
12829 5083 2638 6513 
12830 5013 1313 9929 
12831 4847 3230 7606 
12832 1180 5917 6731 
12833 1354 7815 10006 
12834 2875 5063 7788 
12835 724 4713 9110 
12836 1015 10153 10544 
12837 4171 1011 9442 
12838 6931 1393 10783 
12839 5274 50 8147 
12840 5329 1038 6478 
12841 4348 842 7864 
12842 4831 2113 7278 
12843 5456 3173 7854 
12844 5438 1922 7007 
12845 735 4532 9033 
12846 5010 1446 9589 
12847 1425 4684 8842 
12848 7559 2602 8914 
12849 5291 188 7179 
12850 2901 5089 6666 
12851 4825 897 8051 
12852 6782 5216 10779 
12853 8033 2730 9577 
12854 2360 5821 6928 
12855 4114 5222 10074 
12856 3029 5773 7228 
12857 6628 3391 7315 
12858 8238 1410 8601 
12859 4080 1533 8657 
12860 6399 1338 7552 
12861 5604 588 9123 
12862 2192 5544 9265 
12863 2444 4438 7032 
12864 4797 889 8577 
12865 5088 1833 8220 
12866 1223 7181 7910 
12867 5474 1004 6743 
12868 4753 2485 7758 
12869 2537 5485 5957 
12870 5892 1981 6175 
12871 6901 683 8450 
12872 685 5568 8401 
12873 4604 844 10701 
12874 5063 2875 10278 
12875 1693 5387 6343 
12876 3599 4744 9487 
12877 2889 4988 9919 
12878 6962 3515 7901 
12879 6362 2277 6728 
12880 2465 7199 10751 
12881 6201 587 10167 
12882 4558 831 6962 
12883 998 6038 9098 
12884 3229 5007 9728 
12885 7991 1427 8949 
12886 2150 5080 6550 
12887 5365 1372 6815 
12888 3366 7368 9576 
12889 2184 7453 9425 
12890 2298 6295 8566 
12891 6105 3508 6713 
12892 4698 926 7962 
12893 5626 688 6195 
12894 5352 4033 7241 
12895 464 465 7620 
12896 2058 5976 8155 
12897 2282 5873 6624 
12898 2419 5384 7258 
12899 4878 4067 8162 
12900 1527 4131 8268 
12901 5492 159 7242 
12902 3326 7401 8145 
12903 5867 1735 9308 
12904 1731 4953 9397 
12905 5118 1953 9707 
12906 368 5283 7215 
12907 53 52 6448 
12908 5867 1277 8851 
12909 4217 5891 9516 
12910 1644 5476 7596 
12911 1566 4402 9825 
12912 813 6041 9967 
12913 4911 2645 10743 
12914 4668 1998 7851 
12915 6004 4093 7933 
12916 4803 560 7117 
12917 5717 2869 9863 
12918 5021 2749 8354 
12919 4717 6070 9553 
12920 6714 6586 10095 
12921 5016 2246 6967 
12922 6200 577 8004 
12923 4868 956 8325 
12924 3569 7253 8604 
12925 2350 6602 10573 
12926 4937 970 6828 
12927 3324 4486 10540 
12928 8289 757 10600 
12929 987 4746 8237 
12930 4677 3722 9215 
12931 6 1 6719 
12932 4746 1700 10728 
12933 4886 2915 9593 
12934 5913 2290 6160 
12935 5426 3125 10742 
12936 4578 1367 7558 
12937 4332 2504 7832 
12938 4694 442 10425 
12939 2174 5582 6115 
12940 4710 1831 10656 
12941 1781 5091 9560 
12942 4653 2883 9480 
12943 1887 4508 10104 
12944 3393 9265 10109 
12945 6112 1979 9075 
12946 1526 4362 9344 
12947 4432 7686 7882 
12948 2587 5262 7193 
12949 2229 5552 9638 
12950 8177 2467 9744 
12951 5528 3409 10304 
12952 5065 2164 6552 
12953 3394 4380 10290 
12954 3261 5943 7209 
12955 3166 5514 8105 
12956 6016 3011 7556 
12957 758 6662 10247 
12958 2599 4536 9616 
12959 4032 9659 10044 
12960 829 8439 10002 
12961 6581 3533 8395 
12962 5878 3200 9827 
12963 5097 619 7845 
12964 1618 4236 7605 
12965 2728 6515 8992 
12966 916 5105 7809 
12967 1615 5332 7619 
12968 6024 2343 6481 
12969 6324 3385 9242 
12970 4328 2385 9406 
12971 2859 4502 10563 
12972 6605 2993 7864 
12973 1918 5496 10689 
12974 4684 2619 9690 
12975 172 171 6472 
12976 1264 4590 10355 
12977 2689 5195 7298 
12978 5309 695 7127 
12979 5116 497 6607 
12980 7039 762 8102 
12981 3986 9146 10590 
12982 1949 4906 10065 
12983 1266 5216 6378 
12984 5431 1781 9560 
12985 4993 925 8796 
12986 2364 5128 9758 
12987 5134 2841 10298 
12988 6154 566 6433 
12989 684 4422 7494 
12990 4280 6674 6935 
12991 1291 4962 7631 
12992 4976 3066 9958 
12993 5469 2598 8818 
12994 585 5775 6664 
12995 2759 7402 8195 
12996 2224 4659 9587 
12997 8212 2535 9944 
12998 2377 6921 8050 
12999 1964 5620 8554 
13000 6090 3185 7973 
13001 3173 6055 7706 
13002 5807 1967 5912 
13003 3015 5015 10561 
13004 787 7734 8108 
13005 6007 2444 8846 
13006 5199 349 9191 
13007 7366 3747 7876 
13008 2864 5547 9716 
13009 1041 5159 7104 
13010 8319 4669 8865 
13011 4889 577 10709 
13012 3949 6180 10059 
13013 1623 4471 9385 
13014 78 77 6483 
13015 4591 2866 10250 
13016 8300 6336 10459 
13017 9730 1012 10680 
13018 5437 3203 7560 
13019 914 5118 9748 
13020 8027 2646 8088 
13021 5751 1105 7086 
13022 2467 6769 9744 
13023 343 342 9232 
13024 3211 5898 9687 
13025 807 5687 7641 
13026 5963 3389 9696 
13027 140 139 8832 
13028 5367 708 8139 
13029 405 404 6488 
13030 1500 4593 7545 
13031 4743 2487 7891 
13032 1797 4358 7966 
13033 5164 680 8110 
13034 6251 568 6391 
13035 8855 2497 10591 
13036 1153 6996 10530 
13037 407 406 6492 
13038 6507 5030 8651 
13039 4498 992 10555 
13040 5639 2957 8465 
13041 6782 3670 8815 
13042 4960 2293 7698 
13043 2381 5200 7371 
13044 7173 4174 8417 
13045 3729 5464 9012 
13046 1274 5798 6221 
13047 1415 6053 10472 
13048 2482 5479 6806 
13049 7531 3779 9504 
13050 3916 6609 9110 
13051 1129 4333 10519 
13052 5312 35 7245 
13053 860 4437 10144 
13054 2753 8120 9933 
13055 5895 1456 10564 
13056 2109 5100 7070 
13057 4725 1883 10458 
13058 5029 2740 9964 
13059 4920 8095 9595 
13060 4284 7227 8507 
13061 457 5525 7873 
13062 5998 2427 8783 
13063 5542 1345 10715 
13064 6066 1245 8550 
13065 3446 5039 10023 
13066 2724 6587 6714 
13067 2716 7677 8932 
13068 1067 4801 7918 
13069 5144 1715 9346 
13070 5316 84 7247 
13071 4908 629 7699 
13072 1611 4795 10652 
13073 4403 1846 8439 
13074 4205 563 8438 
13075 2764 4259 7831 
13076 7150 4756 8735 
13077 2639 4352 8842 
13078 4361 1384 8377 
13079 2032 6673 9860 
13080 2900 4918 8966 
13081 7468 2267 9984 
13082 336 335 8721 
13083 411 410 6509 
13084 2650 7674 8313 
13085 1643 4178 8211 
13086 7684 3687 9744 
13087 824 4729 6482 
13088 5170 3046 8995 
13089 6546 2610 7577 
13090 128 127 6503 
13091 4820 570 6900 
13092 2953 6577 9019 
13093 601 5930 8118 
13094 5398 1873 9489 
13095 3350 7248 9363 
13096 2594 5240 8583 
13097 7343 1378 9009 
13098 606 4960 7698 
13099 6517 1434 8910 
13100 1315 7616 10436 
13101 4726 559 9867 
13102 1154 5526 6660 
13103 447 448 8361 
13104 3118 6681 8123 
13105 2344 6932 10478 
13106 625 4420 10389 
13107 2427 7690 8783 
13108 754 6295 10608 
13109 445 446 8096 
13110 5151 2362 9803 
13111 3254 5707 10264 
13112 4588 1444 8009 
13113 300 299 8203 
13114 2053 4973 7157 
13115 6416 2047 7517 
13116 3103 4981 9035 
13117 5201 3648 9003 
13118 8030 2069 9989 
13119 3034 4916 8037 
13120 4810 993 7892 
13121 448 449 9273 
13122 2654 4766 9268 
13123 4801 1067 10473 
13124 757 5290 10600 
13125 4230 1518 8410 
13126 1514 4714 9701 
13127 2567 4938 9475 
13128 2503 5045 8570 
13129 5471 3449 6557 
13130 5272 335 10051 
13131 326 5228 9650 
13132 1930 5160 10433 
13133 599 6549 9045 
13134 1593 4406 8298 
13135 5997 2616 7607 
13136 1813 5362 9496 
13137 2613 4823 8656 
13138 1391 7408 9059 
13139 4582 1980 9729 
13140 4212 1587 10018 
13141 4470 1629 10289 
13142 1409 7723 9935 
13143 7196 728 10396 
13144 5397 1253 7014 
13145 456 457 7873 
13146 2983 5437 9885 
13147 1631 5752 10099 
13148 5408 774 6599 
13149 5881 2575 6538 
13150 1168 4616 9029 
13151 5846 1125 7670 
13152 3164 7451 8251 
13153 2391 5241 7285 
13154 4619 954 9614 
13155 2150 6008 6249 
13156 2732 5246 6334 
13157 8437 1950 9774 
13158 4569 1865 7439 
13159 8650 4271 9604 
13160 4735 2505 8975 
13161 2437 6069 6181 
13162 4913 944 9187 
13163 2690 6496 7265 
13164 5547 2793 6579 
13165 2554 5028 9385 
13166 7533 1094 7556 
13167 2919 8371 9383 
13168 802 5152 7827 
13169 5089 1729 10255 
13170 2269 4951 9865 
13171 2907 6364 9303 
13172 5731 3042 9612 
13173 1153 6539 9609 
13174 5978 1737 7299 
13175 5549 2609 8369 
13176 146 5783 9388 
13177 5117 2582 7709 
13178 670 4680 7489 
13179 5019 2142 7096 
13180 5053 2247 7131 
13181 4372 1568 9088 
13182 7421 1292 8916 
13183 842 4348 9013 
13184 1770 5053 7131 
13185 4658 3055 8820 
13186 1817 5974 9375 
13187 5931 2096 6748 
13188 5014 2210 6630 
13189 4984 838 9948 
13190 6329 8869 9906 
13191 3147 5128 8194 
13192 3787 6968 8516 
13193 4923 1130 9311 
13194 5653 3619 10524 
13195 9455 2303 9878 
13196 4132 2398 8993 
13197 5821 1352 9100 
13198 2407 4299 8839 
13199 2499 6608 7951 
13200 4740 1997 7858 
13201 10718 6537 10722 
13202 5295 2128 9292 
13203 3215 4654 9860 
13204 5349 293 8984 
13205 5562 3416 6852 
13206 1356 6078 7011 
13207 5687 2941 10377 
13208 5446 1484 9750 
13209 629 4130 9416 
13210 3122 4356 9049 
13211 1331 7657 7837 
13212 3438 7750 8033 
13213 4849 2502 8921 
13214 505 506 10695 
13215 2709 6026 7520 
13216 5677 7055 10423 
13217 568 5790 7436 
13218 401 400 6515 
13219 5462 701 10529 
13220 4814 2287 10036 
13221 2580 4870 7680 
13222 3301 6416 10453 
13223 2223 6980 8076 
13224 1187 5844 10259 
13225 5066 820 9221 
13226 1030 4738 7967 
13227 6187 2514 6255 
13228 3871 7309 7908 
13229 5981 1172 9474 
13230 7167 570 7801 
13231 191 5001 8600 
13232 2155 5936 6167 
13233 4793 2236 9820 
13234 2874 5353 9407 
13235 4594 845 8706 
13236 8850 2776 8906 
13237 4621 2442 9688 
13238 5265 1588 10575 
13239 2442 6894 7423 
13240 2232 5465 7194 
13241 6882 883 9817 
13242 6842 2507 8676 
13243 1480 7580 8089 
13244 4905 2837 9442 
13245 4936 1488 10132 
13246 4572 2309 8971 
13247 3651 8255 8687 
13248 5067 220 8763 
13249 5740 2475 6058 
13250 4925 665 9525 
13251 9105 2465 10751 
13252 4343 7517 9883 
13253 6859 3087 7058 
13254 5676 783 6689 
13255 2656 5037 8136 
13256 6098 2549 6277 
13257 8986 2849 10062 
13258 1502 4607 9718 
13259 355 5418 8994 
13260 5946 3790 8239 
13261 221 5067 8760 
13262 2636 4901 6616 
13263 2553 5582 6884 
13264 5518 1015 10544 
13265 196 195 6547 
13266 3245 9000 9975 
13267 5944 2227 6703 
13268 2489 4504 7695 
13269 2175 5309 7127 
13270 3858 7919 8518 
13271 360 359 6504 
13272 298 5346 10690 
13273 8810 1422 9910 
13274 2834 4623 7789 
13275 4518 5360 7566 
13276 4028 2486 8749 
13277 5332 3794 9943 
13278 5423 358 8997 
13279 6278 3657 6761 
13280 5169 572 7147 
13281 5664 2984 6886 
13282 4790 980 9617 
13283 4873 2036 7413 
13284 2836 6203 7679 
13285 2112 7683 9133 
13286 4676 3421 7639 
13287 8324 910 9126 
13288 3835 711 9628 
13289 5086 1724 8837 
13290 5101 1928 9806 
13291 588 5822 9123 
13292 4713 2048 10467 
13293 7004 3860 7752 
13294 1492 6461 8821 
13295 4826 2296 8165 
13296 5881 484 9522 
13297 5677 3926 10164 
13298 459 460 6703 
13299 2814 6583 6869 
13300 761 4337 8420 
13301 5018 2893 10336 
13302 2451 7348 8705 
13303 1489 5041 8140 
13304 2272 5091 10082 
13305 570 4820 7801 
13306 5302 1069 8970 
13307 1797 5774 8119 
13308 5799 2295 8806 
13309 4363 1037 10793 
13310 7422 2187 9151 
13311 4383 1991 9975 
13312 5424 1092 5810 
13313 103 102 9506 
13314 5372 1943 6561 
13315 1763 5767 6799 
13316 1957 5631 9791 
13317 925 5698 8796 
13318 8092 1093 9821 
13319 4879 3305 9310 
13320 4593 1073 10314 
13321 4981 6640 9035 
13322 1761 4608 8352 
13323 6453 2226 7029 
13324 3619 7997 10524 
13325 7816 1033 9124 
13326 1220 8416 9704 
13327 597 4979 8677 
13328 2494 6718 6939 
13329 1129 7255 8173 
13330 2053 5211 7454 
13331 948 5155 8186 
13332 5018 1067 7918 
13333 5852 103 9506 
13334 8222 3297 8363 
13335 2538 5044 9259 
13336 6152 2261 6234 
13337 5903 1319 8914 
13338 6457 1232 7776 
13339 3324 6341 8729 
13340 5052 3816 10405 
13341 5537 2913 7075 
13342 4655 932 7171 
13343 4845 727 8254 
13344 1050 5901 7136 
13345 6388 3092 9381 
13346 4357 3116 10528 
13347 4022 1974 9285 
13348 5133 1625 7649 
13349 2120 5135 7878 
13350 6096 1812 8805 
13351 4715 2022 10233 
13352 4282 1194 8794 
13353 4675 1744 8247 
13354 5356 139 10145 
13355 7119 2382 8211 
13356 6943 1972 10000 
13357 5842 699 10500 
13358 4865 2287 8466 
13359 2572 9175 9404 
13360 147 146 9388 
13361 2797 5199 9147 
13362 6091 3270 7751 
13363 4965 2438 9742 
13364 4913 1727 10286 
13365 5603 3165 9600 
13366 1484 9596 10444 
13367 3332 7573 10152 
13368 6777 3436 7602 
13369 6451 3434 9228 
13370 4776 1764 10675 
13371 2779 5606 8093 
13372 2662 5869 6976 
13373 2627 7983 8887 
13374 7903 3218 8281 
13375 6228 3039 7929 
13376 4251 6437 10758 
13377 4827 3008 9279 
13378 3716 5542 10715 
13379 7486 3670 8866 
13380 1227 7043 8714 
13381 7237 2414 7838 
13382 6798 3098 7979 
13383 2506 4524 8257 
13384 4805 2372 7980 
13385 513 514 7128 
13386 991 4508 9497 
13387 2703 5881 6538 
13388 5143 2199 6823 
13389 8025 1059 8111 
13390 4855 7866 10030 
13391 3028 6209 7749 
13392 6299 4007 9462 
13393 5858 567 6268 
13394 5582 2553 6728 
13395 820 4978 10122 
13396 6496 1308 7265 
13397 3140 4565 9941 
13398 2676 5352 7241 
13399 2459 6689 6712 
13400 5955 2091 6144 
13401 1635 7302 10244 
13402 6996 1153 9609 
13403 6372 2729 9644 
13404 4504 2489 10679 
13405 2620 5048 7748 
13406 5293 2810 8249 
13407 6135 3652 7624 
13408 8879 3384 9703 
13409 5123 3273 10553 
13410 4358 1797 8119 
13411 2200 5153 9953 
13412 4969 1512 8622 
13413 4418 2610 9757 
13414 6255 2058 8155 
13415 4445 2808 9171 
13416 553 6260 6655 
13417 1405 4636 10020 
13418 3484 7266 7542 
13419 2978 5138 7655 
13420 4338 3381 10504 
13421 5220 598 7031 
13422 1089 7399 7968 
13423 1910 5288 7568 
13424 5565 687 8762 
13425 5234 946 7999 
13426 110 109 8287 
13427 5838 2339 10706 
13428 2292 6849 8896 
13429 2945 4211 9015 
13430 5618 1900 9607 
13431 4209 2384 8181 
13432 431 4753 7758 
13433 4042 9908 10673 
13434 2958 6551 7124 
13435 5393 2966 9826 
13436 2594 8583 9392 
13437 818 4861 6938 
13438 5138 1290 7897 
13439 3202 8074 8724 
13440 1714 4876 8208 
13441 5218 1816 9846 
13442 1139 4816 9268 
13443 5093 2589 8584 
13444 2472 4836 8482 
13445 521 522 6522 
13446 761 5731 9612 
13447 4435 7920 8855 
13448 4673 746 10260 
13449 4524 2373 10087 
13450 7039 3334 8838 
13451 4624 1289 9434 
13452 8631 1340 9458 
13453 1923 4489 9003 
13454 882 4549 8863 
13455 7051 1336 8757 
13456 2744 6006 6602 
13457 5038 1751 8611 
13458 6658 1386 10643 
13459 5642 2670 7579 
13460 6570 3308 10558 
13461 5171 2200 9959 
13462 6126 2932 7726 
13463 5702 2569 5999 
13464 6252 3743 10086 
13465 2185 5064 7256 
13466 3342 6815 9648 
13467 6082 2367 6402 
13468 6780 518 10203 
13469 4870 506 7680 
13470 5087 2506 9545 
13471 7967 2085 9492 
13472 3801 7252 7851 
13473 728 6779 10396 
13474 4893 880 8654 
13475 3463 5202 9741 
13476 6114 2279 6252 
13477 5821 2760 6928 
13478 4562 1617 10016 
13479 1681 5161 7134 
13480 4192 2671 8509 
13481 4546 687 10204 
13482 5021 2897 8495 
13483 2454 4917 6503 
13484 3181 5817 10542 
13485 1527 4390 8060 
13486 5429 3589 8443 
13487 6745 3820 9320 
13488 160 5492 9117 
13489 2600 7641 7825 
13490 497 498 6607 
13491 966 5162 8648 
13492 5526 2122 6660 
13493 8665 2830 9005 
13494 6761 4278 10313 
13495 1715 5598 10713 
13496 5081 1054 6596 
13497 3782 7141 10356 
13498 4313 1856 10216 
13499 1890 5829 7532 
13500 5346 298 9186 
13501 967 6238 10217 
13502 439 440 6871 
13503 4922 3659 7884 
13504 722 6886 7422 
13505 7192 4663 10106 
13506 4743 7891 9185 
13507 594 4963 10445 
13508 1194 6289 8794 
13509 894 4892 7121 
13510 3469 4939 8601 
13511 7064 734 8355 
13512 3896 6658 10643 
13513 5697 2384 6000 
13514 4888 716 9597 
13515 5244 3167 8394 
13516 3489 5285 8070 
13517 5836 3165 10470 
13518 4976 1863 10240 
13519 3977 5183 8366 
13520 1733 6543 7240 
13521 6371 598 7480 
13522 1835 6612 10662 
13523 4713 2390 9110 
13524 5352 1045 7389 
13525 5336 4158 9531 
13526 4953 2829 9397 
13527 2037 6462 9510 
13528 3014 6059 9232 
13529 1210 6858 7604 
13530 6851 3894 9224 
13531 4966 861 7969 
13532 5046 2509 9056 
13533 5483 2043 7089 
13534 4519 8855 10591 
13535 4221 2503 10212 
13536 8462 1367 8847 
13537 4484 987 8387 
13538 5000 1269 10270 
13539 289 288 8419 
13540 969 4750 7728 
13541 3026 4609 8568 
13542 5064 534 7642 
13543 2164 5065 6856 
13544 1047 5304 6427 
13545 719 5149 6801 
13546 3669 5401 7682 
13547 2083 4666 7933 
13548 6716 3164 8251 
13549 5854 2192 9265 
13550 5451 999 6683 
13551 6493 3211 9410 
13552 608 5505 6827 
13553 5079 2321 9642 
13554 1948 6314 7718 
13555 2151 6343 6661 
13556 5223 2312 9288 
13557 7777 3948 9082 
13558 5991 2647 6992 
13559 4429 1815 9063 
13560 5073 3182 8356 
13561 1893 5718 6564 
13562 5934 2196 9272 
13563 5446 2968 7524 
13564 2828 6986 8408 
13565 5407 3821 7042 
13566 4614 3206 10639 
13567 6142 2212 7300 
13568 2631 4204 9051 
13569 2202 5220 7031 
13570 2234 8541 8720 
13571 5128 2364 8194 
13572 419 420 6950 
13573 1993 4972 10723 
13574 5403 1782 9692 
13575 594 6039 6476 
13576 4652 1068 6536 
13577 5486 1862 7049 
13578 5566 705 9729 
13579 1268 4859 10672 
13580 4969 2980 8653 
13581 4620 2323 7411 
13582 4500 2431 9179 
13583 1950 6224 9774 
13584 5530 15 7341 
13585 4940 2038 8235 
13586 6464 3299 9357 
13587 4604 7015 9963 
13588 5483 2107 7283 
13589 1604 4528 8232 
13590 6122 1312 9159 
13591 2500 4599 8876 
13592 1787 4732 9961 
13593 728 7196 10751 
13594 970 5193 6828 
13595 5053 998 9098 
13596 7591 1007 9069 
13597 4920 3388 10676 
13598 2549 6098 7874 
13599 1465 4974 9631 
13600 3556 6052 9022 
13601 4817 641 10767 
13602 2241 5319 8523 
13603 5594 2933 6797 
13604 5546 1907 7361 
13605 7889 5858 10280 
13606 5121 1518 7965 
13607 2401 6646 7356 
13608 2995 4241 8376 
13609 4736 5551 8616 
13610 5015 3015 7759 
13611 5774 2879 8119 
13612 5358 2357 7923 
13613 4268 1026 9042 
13614 1973 5233 6574 
13615 6519 1479 7757 
13616 5844 7383 10259 
13617 5593 509 9571 
13618 3049 4568 10019 
13619 9336 5042 10305 
13620 7059 945 8202 
13621 1740 4509 9493 
13622 8955 3287 10619 
13623 101 100 8047 
13624 5241 1470 7285 
13625 8640 4117 8905 
13626 6133 1706 8906 
13627 6383 3293 9428 
13628 4973 1314 8005 
13629 260 259 6715 
13630 911 5384 6919 
13631 4490 7710 9987 
13632 6152 2458 6263 
13633 1922 5438 7176 
13634 5688 2811 8127 
13635 5181 2831 9432 
13636 8832 3001 10720 
13637 6623 1431 9997 
13638 3914 5232 9888 
13639 9054 4709 10572 
13640 2794 4366 9062 
13641 5056 1798 9829 
13642 2394 5138 7897 
13643 7717 653 9768 
13644 816 5284 10371 
13645 5314 1970 10186 
13646 6892 2763 9880 
13647 4547 7900 10622 
13648 8158 3675 8253 
13649 2397 4480 7896 
13650 1096 4919 8224 
13651 1870 5010 9589 
13652 3749 6282 9536 
13653 3454 5050 10441 
13654 7562 3308 9057 
13655 3416 5562 10344 
13656 2466 4568 8407 
13657 2733 8417 9467 
13658 2958 7124 7669 
13659 1436 4494 8239 
13660 2601 4924 8150 
13661 2323 5448 7411 
13662 5096 2265 9260 
13663 6387 4266 9097 
13664 1548 4312 8350 
13665 4569 2625 10081 
13666 1851 4418 9757 
13667 2708 5895 7872 
13668 3336 5020 8387 
13669 4967 1003 6206 
13670 1206 5236 10245 
13671 2419 5882 8385 
13672 793 5435 7522 
13673 8162 2959 9204 
13674 6769 2467 7311 
13675 1633 5688 8127 
13676 871 5012 9364 
13677 712 7267 10481 
13678 1297 5510 6502 
13679 3761 6790 8607 
13680 8562 1112 9179 
13681 9673 1424 9828 
13682 7513 1268 10672 
13683 4836 1659 8482 
13684 6008 1227 8759 
13685 5021 1496 8578 
13686 5354 2408 7231 
13687 985 4988 7786 
13688 3456 7148 9058 
13689 67 66 6686 
13690 5811 552 6541 
13691 3379 4728 9104 
13692 5114 2511 8175 
13693 7401 2399 8145 
13694 5513 1755 7329 
13695 9233 4416 9984 
13696 2325 7271 8167 
13697 2110 5654 6185 
13698 2358 5305 7557 
13699 2291 4863 8293 
13700 212 211 6993 
13701 7148 775 8919 
13702 3248 8138 9087 
13703 5829 2480 7532 
13704 8114 710 8773 
13705 6321 2434 7363 
13706 2585 5581 7174 
13707 2066 5212 10734 
13708 4411 2225 8000 
13709 556 5100 9970 
13710 5044 2538 7110 
13711 4364 1014 8670 
13712 1265 6469 7799 
13713 2869 9291 9863 
13714 5339 2280 10667 
13715 5107 2668 9776 
13716 4597 3701 10028 
13717 4750 2804 8904 
13718 6582 3513 9127 
13719 2835 4473 8754 
13720 3473 6360 8626 
13721 470 471 8082 
13722 6975 5226 8908 
13723 8508 4063 10748 
13724 4349 1617 8947 
13725 4729 1401 8713 
13726 1103 5634 6718 
13727 6962 831 7077 
13728 5035 1039 10339 
13729 744 5265 10575 
13730 648 4709 9054 
13731 6277 2549 6281 
13732 9091 732 9451 
13733 7781 3540 8843 
13734 4416 7468 9984 
13735 4843 601 7637 
13736 5469 1905 9298 
13737 3515 6962 7077 
13738 4880 1593 8298 
13739 4747 3517 10156 
13740 923 4782 7000 
13741 2577 4424 8412 
13742 2553 6060 6362 
13743 5325 826 7890 
13744 4983 1643 8211 
13745 7166 2421 8335 
13746 6824 2223 7040 
13747 5440 1586 8873 
13748 5229 1893 6564 
13749 1687 4256 10631 
13750 2491 6716 8251 
13751 4934 1218 9753 
13752 1194 6301 8985 
13753 1043 4715 7330 
13754 1518 5121 8410 
13755 6769 2687 9275 
13756 5635 309 7287 
13757 6250 5053 9713 
13758 5245 1358 9363 
13759 5750 2536 6765 
13760 3733 8053 9452 
13761 3383 4851 8221 
13762 6161 2103 6351 
13763 4683 7627 9587 
13764 8185 1042 8943 
13765 3429 4775 10486 
13766 4766 1530 9037 
13767 2303 5851 9878 
13768 5672 2969 8090 
13769 5972 3270 6300 
13770 2394 5359 9446 
13771 2602 6667 8914 
13772 6627 985 7278 
13773 2915 4886 8210 
13774 5379 2239 7697 
13775 4510 6514 8612 
13776 2893 5018 7918 
13777 6849 2292 7649 
13778 6092 3292 7107 
13779 7517 2677 9883 
13780 7804 2811 10439 
13781 5805 1099 6075 
13782 7057 3403 7856 
13783 2374 6063 6350 
13784 9634 3306 10465 
13785 4755 2603 9196 
13786 5019 2304 9611 
13787 6461 3370 8821 
13788 4601 1711 10714 
13789 6485 2864 9716 
13790 3242 5830 7356 
13791 1764 4776 10358 
13792 6473 2848 7841 
13793 5878 1498 8889 
13794 1533 8285 8749 
13795 4879 696 9779 
13796 2885 5842 6061 
13797 8796 3123 9530 
13798 928 6231 10694 
13799 4639 1648 7398 
13800 8355 3364 10557 
13801 5698 3123 8796 
13802 4910 1669 9785 
13803 1553 6140 10414 
13804 2279 4851 10105 
13805 3828 8441 10256 
13806 8924 4817 10767 
13807 7266 1136 10417 
13808 2470 7538 10080 
13809 3467 6679 9490 
13810 8048 2731 10519 
13811 5607 177 7310 
13812 4912 2222 8651 
13813 3125 5426 8296 
13814 5256 3168 6953 
13815 5966 3600 8473 
13816 2021 5403 9692 
13817 647 5223 9288 
13818 7759 3015 9391 
13819 827 8160 9478 
13820 1104 6121 7440 
13821 8105 2230 9209 
13822 2738 5573 7391 
13823 4972 1993 7904 
13824 1439 5211 8621 
13825 6315 623 9749 
13826 4733 2197 7768 
13827 5655 865 9417 
13828 5651 382 7317 
13829 3553 5467 8071 
13830 3161 5154 10607 
13831 395 5647 7293 
13832 4957 764 9090 
13833 1919 5383 6528 
13834 9908 1040 10673 
13835 5867 9308 10025 
13836 4772 689 9767 
13837 1315 5315 7616 
13838 24 23 6740 
13839 5208 2815 8998 
13840 2264 6411 6593 
13841 3898 7289 8696 
13842 804 4777 8112 
13843 5465 1282 7194 
13844 2235 4724 9143 
13845 622 4531 9253 
13846 6552 2164 9695 
13847 5240 781 8583 
13848 4432 1619 7686 
13849 5104 6182 9626 
13850 2221 6643 10595 
13851 122 5622 7340 
13852 1717 5788 6526 
13853 4460 1621 8233 
13854 5615 4181 10261 
13855 1059 5572 8111 
13856 6754 3709 9067 
13857 1548 4792 10066 
13858 7980 3973 10438 
13859 8426 2229 9638 
13860 4914 1872 9079 
13861 1249 7297 9401 
13862 1331 4740 7858 
13863 5562 1333 10344 
13864 2964 5602 6881 
13865 4576 7945 10315 
13866 1325 5256 9242 
13867 1516 4852 7651 
13868 5090 1819 9684 
13869 2199 5609 6823 
13870 1300 5963 9696 
13871 1642 4433 7838 
13872 634 8470 8686 
13873 5282 2842 10018 
13874 785 7315 9605 
13875 715 6839 8571 
13876 3460 7565 8191 
13877 5086 2720 10194 
13878 831 4558 7405 
13879 1919 8492 9249 
13880 5192 2006 10367 
13881 2683 4976 10114 
13882 609 4827 8606 
13883 133 132 6745 
13884 1012 7071 8849 
13885 5315 3966 10158 
13886 1133 5114 8175 
13887 4612 2312 10268 
13888 9056 4425 10267 
13889 2555 5906 6739 
13890 1729 5089 8791 
13891 6335 3522 7809 
13892 1413 5157 7448 
13893 6910 3036 10283 
13894 4342 2922 9246 
13895 5920 1869 9165 
13896 5520 4582 9729 
13897 3029 7228 8861 
13898 362 361 9758 
13899 868 5167 7571 
13900 2777 8618 10514 
13901 6247 672 10703 
13902 1416 4853 10168 
13903 6069 2457 6181 
13904 8618 3639 10514 
13905 1749 4666 8503 
13906 5528 3156 7480 
13907 4530 1210 9962 
13908 7027 2243 8692 
13909 443 10060 10425 
13910 2157 5365 6815 
13911 2122 5526 9219 
13912 4086 7847 9037 
13913 5396 2345 7074 
13914 6053 2491 7385 
13915 1307 5888 10223 
13916 1720 5027 8793 
13917 2681 4373 9499 
13918 2954 4482 9257 
13919 2413 7377 7513 
13920 723 5448 6741 
13921 1601 5395 6600 
13922 3108 6659 8209 
13923 2153 5984 7987 
13924 5370 2674 9322 
13925 4994 2450 9491 
13926 4655 1831 8252 
13927 5199 1721 9147 
13928 3041 4493 10564 
13929 2931 5593 9571 
13930 4011 2204 5459 
13931 526 527 7943 
13932 1871 4982 10421 
13933 1124 5581 8200 
13934 351 350 6746 
13935 4979 2663 8677 
13936 3216 4811 10354 
13937 2949 8701 9528 
13938 2570 5234 7999 
13939 1049 4297 8245 
13940 1565 6339 9184 
13941 7349 3798 9158 
13942 6421 3218 8635 
13943 5570 2963 6801 
13944 7045 763 9234 
13945 3993 2398 8462 
13946 7043 2150 8895 
13947 7013 1147 10791 
13948 2510 8038 10423 
13949 4910 2661 7844 
13950 2421 4662 7914 
13951 5072 2881 10151 
13952 2404 5307 9276 
13953 2569 5876 5999 
13954 4601 767 9163 
13955 5308 1909 9096 
13956 5111 2084 9102 
13957 871 9364 10582 
13958 2675 5839 8021 
13959 3580 5555 6965 
13960 357 356 6685 
13961 9589 1446 10327 
13962 7845 619 10509 
13963 262 261 6829 
13964 7359 2922 8642 
13965 596 7946 8217 
13966 2456 4962 7644 
13967 1726 7187 7812 
13968 1026 4268 9841 
13969 6773 2706 7934 
13970 7073 2775 7370 
13971 3931 7045 9234 
13972 1657 4589 8530 
13973 10060 4694 10425 
13974 659 4461 9663 
13975 8470 4214 8686 
13976 6759 4871 10382 
13977 705 5520 9729 
13978 5123 1531 9577 
13979 2053 5716 7062 
13980 1141 6135 7624 
13981 2271 5025 8350 
13982 4189 4840 10365 
13983 978 4645 7579 
13984 5078 2789 6858 
13985 5097 2651 7907 
13986 5667 2047 6416 
13987 9709 3155 10614 
13988 4687 1157 9176 
13989 2837 7064 8355 
13990 5253 2352 7476 
13991 5828 2905 6449 
13992 1470 5241 9764 
13993 1611 5523 6991 
13994 7883 3366 8229 
13995 1260 6753 7661 
13996 5195 2689 6819 
13997 1716 5330 10650 
13998 3163 7133 10397 
13999 4951 1072 9865 
14000 6987 3928 9451 
14001 7690 2427 8016 
14002 1017 9424 9900 
14003 4587 7780 9348 
14004 2568 4317 8290 
14005 2507 4701 10583 
14006 4891 718 7739 
14007 5002 1577 9398 
14008 6886 2984 7422 
14009 1774 5224 7783 
14010 1610 4500 10019 
14011 5435 793 10061 
14012 5634 2802 6718 
14013 2285 4706 8104 
14014 928 4522 9653 
14015 5115 4122 8844 
14016 8331 1492 10011 
14017 4851 3593 8221 
14018 6178 2368 7318 
14019 3074 5871 9402 
14020 619 4607 10509 
14021 2390 4713 7421 
14022 4680 6493 7633 
14023 1430 6960 9233 
14024 468 9093 10279 
14025 3767 7628 10435 
14026 6671 975 9294 
14027 6015 1649 10034 
14028 4464 660 7891 
14029 1932 5461 8378 
14030 7176 3226 9337 
14031 5592 526 7943 
14032 3367 7230 8301 
14033 4233 1660 9418 
14034 3580 5872 7469 
14035 1075 5079 9642 
14036 2645 4911 9746 
14037 6832 744 6928 
14038 5193 3888 9990 
14039 3732 5024 10532 
14040 374 373 7896 
14041 3199 6916 10421 
14042 5403 2021 7731 
14043 4954 2197 8022 
14044 4574 732 9091 
14045 1789 5324 10526 
14046 2914 4530 9962 
14047 6470 2558 7231 
14048 4697 2887 9202 
14049 5958 2002 9251 
14050 2643 4942 7561 
14051 7449 2903 9805 
14052 2006 6727 10367 
14053 2455 6079 6644 
14054 2132 5098 10531 
14055 5105 916 9008 
14056 2407 4624 9434 
14057 7723 3958 9935 
14058 3823 5988 7746 
14059 561 5403 7731 
14060 428 429 7113 
14061 10768 3214 10769 
14062 3296 4606 9414 
14063 76 75 6630 
14064 1256 6572 7874 
14065 7546 3630 8928 
14066 2333 5064 7642 
14067 6069 1073 6477 
14068 6659 2501 8209 
14069 4476 6784 9297 
14070 5209 2902 8146 
14071 5368 547 8321 
14072 6056 24 6740 
14073 3955 2541 6993 
14074 1487 7926 8500 
14075 7730 2875 7788 
14076 3131 4306 8484 
14077 6494 3571 9504 
14078 2120 4561 7485 
14079 6668 3769 10327 
14080 2532 4483 7098 
14081 4215 4838 9787 
14082 7940 2886 8360 
14083 4970 838 7125 
14084 4734 593 10067 
14085 6622 545 8944 
14086 3794 5058 7532 
14087 2431 4500 8979 
14088 1005 4936 6920 
14089 6406 3570 6536 
14090 4283 2750 9603 
14091 1658 4436 9239 
14092 5136 2346 7779 
14093 5053 1770 9713 
14094 8470 634 9119 
14095 4920 1142 7161 
14096 5778 3459 10509 
14097 2453 5331 5770 
14098 701 4614 7930 
14099 8160 3840 9478 
14100 5127 2170 10767 
14101 4795 1007 7129 
14102 896 6278 6761 
14103 1383 5926 9666 
14104 1881 6197 8616 
14105 8583 3641 9392 
14106 3057 4510 8612 
14107 5049 3361 7613 
14108 5277 1073 6637 
14109 5200 1344 7371 
14110 8937 3430 10159 
14111 6759 2260 9881 
14112 1825 5380 7094 
14113 5055 591 8637 
14114 6037 2545 6886 
14115 4468 565 8614 
14116 6717 3084 6831 
14117 5217 1789 8227 
14118 5091 817 10082 
14119 731 5396 7074 
14120 4400 2847 9730 
14121 9806 3697 10143 
14122 4699 5455 9992 
14123 2667 5185 8055 
14124 2699 5506 8930 
14125 3082 6451 10543 
14126 479 480 7009 
14127 18 5680 7369 
14128 2023 5736 7165 
14129 2246 5016 10693 
14130 1193 7831 8931 
14131 3897 7572 7760 
14132 681 6291 7726 
14133 5943 2095 7209 
14134 5405 676 8679 
14135 1209 6180 9939 
14136 4502 2859 9032 
14137 2562 6128 8004 
14138 4863 775 8293 
14139 2892 5252 7953 
14140 683 5595 8069 
14141 5865 1174 7988 
14142 1514 5057 9447 
14143 6387 786 8772 
14144 1472 4621 9688 
14145 1024 6082 6402 
14146 4481 2532 7098 
14147 2628 8430 9926 
14148 2754 5407 7042 
14149 5306 2106 8697 
14150 4678 9028 10716 
14151 538 5450 7574 
14152 4471 1623 8603 
14153 2194 5494 6621 
14154 2326 6968 7984 
14155 5107 2203 9672 
14156 8095 2551 9595 
14157 3193 8608 10155 
14158 2816 6740 9361 
14159 6374 2982 8746 
14160 3181 5973 6463 
14161 3037 5304 7351 
14162 7243 2801 8950 
14163 9043 2369 9235 
14164 1047 5232 7351 
14165 3440 6423 8963 
14166 5499 633 8116 
14167 3650 4478 10373 
14168 1408 6207 9281 
14169 6204 6 6719 
14170 3658 6817 9255 
14171 4762 1589 9046 
14172 2260 6495 9881 
14173 3278 7307 10285 
14174 3242 7356 7825 
14175 1036 6764 10792 
14176 1083 5019 9611 
14177 10298 1877 10596 
14178 4728 873 10211 
14179 2457 6069 6477 
14180 5156 2434 6321 
14181 4384 1659 8684 
14182 4631 851 9508 
14183 3441 6799 8087 
14184 5645 3223 6835 
14185 1176 4684 9690 
14186 1400 5219 7425 
14187 4653 1052 7780 
14188 5254 3494 10404 
14189 4432 836 10640 
14190 5205 693 10760 
14191 7226 3186 10589 
14192 5002 2766 9891 
14193 6650 3635 9910 
14194 402 401 8332 
14195 1072 4951 10660 
14196 5224 2294 7783 
14197 6785 1008 7674 
14198 3829 6940 9844 
14199 7752 5052 10405 
14200 5243 1413 7465 
14201 3139 8308 10134 
14202 7008 3183 8551 
14203 2254 4905 7038 
14204 5428 2834 7789 
14205 7279 3657 9858 
14206 7683 4088 9133 
14207 4722 1985 9888 
14208 3971 7514 9873 
14209 4085 8324 9126 
14210 5051 2293 10576 
14211 5782 1175 7778 
14212 2130 5357 9266 
14213 4721 6813 8965 
14214 4461 1630 9714 
14215 5269 2986 6847 
14216 4732 1787 7924 
14217 2606 7480 7757 
14218 2356 4878 9269 
14219 6276 1102 6725 
14220 2136 7537 10741 
14221 3029 7486 8866 
14222 2127 6822 7100 
14223 353 352 6851 
14224 2468 7161 9879 
14225 2375 4958 8765 
14226 5698 1825 7094 
14227 8177 3687 8868 
14228 3604 6589 9378 
14229 2553 6362 6728 
14230 5463 2433 5752 
14231 2330 5683 8551 
14232 5553 1989 6721 
14233 3415 5804 10520 
14234 1772 4777 10741 
14235 4113 7985 8031 
14236 1938 8487 10654 
14237 4997 1847 8445 
14238 1843 9372 10645 
14239 5426 1977 9236 
14240 2448 5194 9543 
14241 7984 3505 8958 
14242 6686 2720 10209 
14243 8666 2879 9441 
14244 745 4954 9498 
14245 4377 1622 8167 
14246 1991 6594 9526 
14247 1909 5308 9099 
14248 904 5335 8156 
14249 5203 1584 8169 
14250 3652 6788 10131 
14251 4827 6868 9882 
14252 2860 6543 9018 
14253 5042 3322 10305 
14254 5308 895 9099 
14255 253 5684 7386 
14256 5357 2130 7817 
14257 2293 4960 10576 
14258 4769 1772 10741 
14259 1160 5330 8647 
14260 6402 2367 8019 
14261 5930 1748 8732 
14262 4570 3010 9747 
14263 2745 6286 7887 
14264 5707 423 10264 
14265 2417 4879 9779 
14266 4615 8008 8496 
14267 4408 2799 9001 
14268 7480 3156 7757 
14269 7597 4289 10349 
14270 6868 3118 8123 
14271 4375 1572 9667 
14272 6333 2295 8117 
14273 5183 2704 8366 
14274 7165 542 10658 
14275 978 4894 10094 
14276 7111 5939 10383 
14277 6662 4246 10247 
14278 361 360 8671 
14279 866 4990 6981 
14280 1238 5186 9712 
14281 6753 3529 7661 
14282 3093 5445 10414 
14283 6310 3183 7008 
14284 4719 2481 7362 
14285 586 5483 7283 
14286 197 196 8927 
14287 7006 2429 8770 
14288 607 6148 9950 
14289 2629 6798 7979 
14290 4624 2407 7769 
14291 2277 6251 7174 
14292 4895 1681 6990 
14293 5152 802 10220 
14294 5371 1056 9709 
14295 693 5546 10760 
14296 6216 353 6851 
14297 6545 632 10699 
14298 1954 6404 7709 
14299 4809 2852 8477 
14300 1785 5181 9432 
14301 5954 2025 8510 
14302 5686 807 7641 
14303 2318 5315 8164 
14304 3355 7059 8202 
14305 290 5599 9380 
14306 6398 2126 9951 
14307 4812 2658 10468 
14308 5011 2477 9063 
14309 6023 3054 9482 
14310 4825 8051 9194 
14311 642 4518 7566 
14312 6251 2585 7174 
14313 2342 5642 8062 
14314 1587 4345 9403 
14315 1845 5429 8443 
14316 5032 2761 8368 
14317 5340 1709 8453 
14318 5361 7292 8372 
14319 4475 1057 9011 
14320 2128 5295 9816 
14321 5902 2127 6795 
14322 5558 2407 8839 
14323 1181 5869 6872 
14324 9187 944 10189 
14325 3941 9197 10213 
14326 9860 6673 10759 
14327 3372 6444 7070 
14328 5341 2015 10546 
14329 1547 4445 9171 
14330 8220 3112 8590 
14331 1466 4782 8473 
14332 6256 3367 8889 
14333 834 5556 7482 
14334 5284 8548 10371 
14335 663 5688 9244 
14336 3083 4731 9855 
14337 2550 7883 8229 
14338 6733 2330 7741 
14339 7519 2370 7799 
14340 5353 2874 10422 
14341 2278 6566 7239 
14342 4278 1780 9128 
14343 3603 6177 7352 
14344 1365 7526 9892 
14345 6003 1045 6571 
14346 7265 4427 9424 
14347 4978 3176 10122 
14348 6123 2098 6382 
14349 5363 2638 10431 
14350 541 5571 10532 
14351 3480 6593 10463 
14352 5906 2177 6739 
14353 5676 2459 6903 
14354 6750 2861 7511 
14355 2600 5686 7641 
14356 8361 448 9273 
14357 5669 3360 8112 
14358 4943 2651 9786 
14359 6239 3450 8439 
14360 7210 1168 10208 
14361 3536 7705 10461 
14362 2133 8280 9927 
14363 549 5107 9776 
14364 7454 3575 10410 
14365 5142 3274 8883 
14366 5988 1182 7746 
14367 3494 5254 9507 
14368 1650 4898 8694 
14369 5307 2404 7504 
14370 7847 2392 9037 
14371 7785 2712 9342 
14372 5839 2077 8021 
14373 2702 5367 8139 
14374 5621 2157 7528 
14375 922 5016 10321 
14376 6105 2193 7387 
14377 2011 5286 8547 
14378 988 6793 7155 
14379 7373 3111 9591 
14380 5581 2783 8200 
14381 2509 4425 9056 
14382 817 7349 9158 
14383 4688 1658 9239 
14384 5406 1753 7275 
14385 2257 5516 9278 
14386 637 5902 6795 
14387 2153 5941 8600 
14388 1237 6739 7956 
14389 1160 7586 8080 
14390 1144 5221 10407 
14391 2478 6555 7687 
14392 7080 2687 7311 
14393 318 317 6853 
14394 1175 5789 7778 
14395 1707 5317 10594 
14396 5561 108 9070 
14397 922 4683 9078 
14398 2661 4910 9785 
14399 2149 6313 6413 
14400 5135 1188 7878 
14401 1114 6400 10586 
14402 5013 1794 8159 
14403 3113 5681 6707 
14404 5521 2132 10531 
14405 8492 4566 9249 
14406 905 5338 8198 
14407 7900 4547 8496 
14408 889 4797 9501 
14409 7357 2539 10785 
14410 1589 5018 10336 
14411 2277 6362 9360 
14412 1101 6327 7254 
14413 2424 6418 6896 
14414 6108 1139 7772 
14415 1191 7080 7311 
14416 4949 760 9830 
14417 719 6801 7326 
14418 2058 6255 6775 
14419 653 6925 9768 
14420 8553 3167 9889 
14421 1872 5239 9079 
14422 8243 3843 9984 
14423 5480 655 9681 
14424 2375 5905 6168 
14425 162 161 6864 
14426 4711 1193 8931 
14427 2084 4620 9102 
14428 5153 1750 9953 
14429 7124 2423 7669 
14430 2657 5485 9141 
14431 5005 2439 9012 
14432 974 5913 9280 
14433 1122 5457 7152 
14434 1045 6003 9719 
14435 6877 675 7236 
14436 5716 3352 7062 
14437 7565 1359 8191 
14438 5025 2271 8943 
14439 2574 4717 8682 
14440 7176 748 10171 
14441 1417 7549 9071 
14442 5630 319 9017 
14443 6166 2636 9894 
14444 1088 6188 10362 
14445 1327 5508 8472 
14446 3518 7907 8231 
14447 194 193 6970 
14448 4544 2836 9793 
14449 842 6605 7864 
14450 1809 6101 8261 
14451 4080 8114 8773 
14452 1061 5096 9260 
14453 6593 3480 7191 
14454 5074 6742 8798 
14455 6128 2969 8004 
14456 6077 1111 10381 
14457 1393 6931 10453 
14458 403 402 9843 
14459 3145 4585 9986 
14460 5710 1067 8262 
14461 5285 3489 9002 
14462 5250 2910 8310 
14463 5640 1812 7919 
14464 1009 5823 9167 
14465 5473 1849 10359 
14466 6409 1843 10645 
14467 5155 2899 8186 
14468 1649 9231 10034 
14469 3579 5627 7158 
14470 6337 5443 10733 
14471 1358 5245 7782 
14472 1663 4683 9587 
14473 2730 5123 9577 
14474 2389 5913 6160 
14475 3989 6882 9817 
14476 2552 4825 9194 
14477 3064 5349 8984 
14478 3001 5356 10097 
14479 3909 6247 10703 
14480 2468 4908 7699 
14481 937 5022 10490 
14482 6458 2985 9216 
14483 5167 2323 7571 
14484 5345 2454 8544 
14485 6347 3141 7363 
14486 5296 549 9554 
14487 3332 6333 9444 
14488 4032 5166 9659 
14489 3065 4575 10137 
14490 5052 1501 10487 
14491 5200 2381 8391 
14492 6076 982 7602 
14493 2286 5249 7452 
14494 5393 1543 9183 
14495 880 6494 9504 
14496 5047 2661 10502 
14497 1405 5183 8938 
14498 920 5962 6894 
14499 7724 2377 8050 
14500 1 5034 7505 
14501 288 287 10365 
14502 2218 8432 10665 
14503 536 5098 8942 
14504 7014 1253 8974 
14505 5012 2814 9364 
14506 6626 5748 9698 
14507 231 230 7098 
14508 2408 6470 7231 
14509 286 285 7019 
14510 7794 2953 9019 
14511 7289 1407 8696 
14512 4136 6311 9796 
14513 3397 4856 10625 
14514 1207 8283 8683 
14515 3206 4614 8248 
14516 5268 2821 10315 
14517 6455 3053 7938 
14518 477 4910 7844 
14519 5128 3147 9274 
14520 2629 6378 7183 
14521 4459 734 9987 
14522 5380 1825 9405 
14523 9 8 7046 
14524 636 6788 8083 
14525 4854 3803 10234 
14526 7851 1998 7955 
14527 4241 2159 10108 
14528 2364 5269 6847 
14529 1400 6537 10718 
14530 1484 5446 9596 
14531 4958 633 8765 
14532 5279 29 8329 
14533 5206 1050 7136 
14534 4906 1949 7686 
14535 2669 5071 10113 
14536 985 7786 8769 
14537 488 489 7446 
14538 6543 2860 7240 
14539 3542 7138 10621 
14540 3162 6471 7931 
14541 5235 398 8638 
14542 4723 3210 8286 
14543 8376 4241 10108 
14544 4076 6153 10224 
14545 3361 7323 10211 
14546 5190 2560 9693 
14547 8563 1742 9815 
14548 5957 1135 6592 
14549 32 5289 8267 
14550 6904 3584 10266 
14551 2093 4847 7716 
14552 5969 1329 7789 
14553 2458 6152 6234 
14554 4792 1063 8728 
14555 6238 3884 10217 
14556 4473 6242 8754 
14557 3911 8996 10497 
14558 4938 1605 9475 
14559 6442 3219 10004 
14560 1496 5021 8495 
14561 6160 742 7511 
14562 4948 3025 10592 
14563 4619 3205 8306 
14564 5641 1245 7777 
14565 6314 1227 7718 
14566 1749 6004 7933 
14567 4643 2844 9502 
14568 3198 6524 7031 
14569 5082 2780 7154 
14570 4856 7410 10625 
14571 7091 3408 7616 
14572 8800 1212 9850 
14573 6086 3647 9373 
14574 4646 8562 9179 
14575 7137 1653 9940 
14576 2733 7173 8417 
14577 4845 2040 7503 
14578 8280 3711 9927 
14579 1283 5587 10197 
14580 3913 7657 10772 
14581 4999 854 9157 
14582 3730 6328 8234 
14583 1659 4384 8482 
14584 4669 1644 7596 
14585 2883 8617 9480 
14586 2646 5685 9173 
14587 5156 1184 10648 
14588 2207 5102 10655 
14589 2766 5794 9891 
14590 4627 2018 8816 
14591 5648 163 9083 
14592 2189 5397 7014 
14593 3747 9319 9766 
14594 3305 7030 8480 
14595 1743 5171 9959 
14596 4886 8666 9441 
14597 9424 4427 9900 
14598 2508 6024 6481 
14599 1074 5046 9056 
14600 5501 1410 8238 
14601 4946 2648 9182 
14602 5644 112 9664 
14603 350 349 9702 
14604 2840 5090 9684 
14605 2429 7608 8770 
14606 2805 4754 8662 
14607 3894 6746 9427 
14608 4979 597 9368 
14609 6821 2523 8040 
14610 4758 8378 10752 
14611 8404 3706 8472 
14612 5734 2319 7156 
14613 3868 6552 9695 
14614 1549 5115 10685 
14615 4387 6675 9024 
14616 6009 1828 7138 
14617 6531 713 9396 
14618 5018 1589 10080 
14619 4448 2953 9871 
14620 6475 1 7505 
14621 4978 3071 10705 
14622 4589 2696 8530 
14623 6277 1055 8625 
14624 5210 2759 10126 
14625 2690 7265 9424 
14626 8306 4250 10496 
14627 789 4946 9182 
14628 1074 9056 10267 
14629 42 41 7067 
14630 6405 2189 8661 
14631 2280 10323 10667 
14632 5506 728 7199 
14633 44 43 7068 
14634 2240 6868 8123 
14635 7491 4967 10769 
14636 454 455 7384 
14637 1390 6598 7986 
14638 2963 7168 7326 
14639 954 4619 10496 
14640 2171 6400 6751 
14641 1278 4909 8870 
14642 6594 3252 9526 
14643 337 5638 9430 
14644 2295 6333 8806 
14645 5315 2318 7616 
14646 4941 2073 9743 
14647 8681 4106 10783 
14648 1004 4665 10296 
14649 6730 2476 7796 
14650 1678 5437 7560 
14651 1516 4945 7766 
14652 5257 414 9751 
14653 3748 10236 10789 
14654 1463 8513 8588 
14655 1064 6304 6909 
14656 5504 4127 9391 
14657 2594 6022 9329 
14658 9255 2854 9340 
14659 3419 6007 8846 
14660 2580 4997 8445 
14661 4919 2542 8224 
14662 5155 1764 10358 
14663 4978 820 10657 
14664 8522 1064 8552 
14665 3299 4889 10709 
14666 1435 5221 9370 
14667 899 4814 10036 
14668 486 487 7551 
14669 7719 3845 8667 
14670 777 5190 9693 
14671 9659 1469 10044 
14672 134 133 9625 
14673 2851 5673 7279 
14674 1280 5476 7204 
14675 5170 2052 9164 
14676 3176 9832 10122 
14677 301 300 10234 
14678 1181 6090 7973 
14679 855 5553 10029 
14680 1004 5474 10554 
14681 141 5666 9630 
14682 306 5266 8511 
14683 5041 3397 9438 
14684 6059 2140 8755 
14685 2422 5922 8179 
14686 8334 3688 8406 
14687 557 5529 9516 
14688 1307 6770 9517 
14689 4754 2805 9333 
14690 1403 6810 10383 
14691 5887 2241 9575 
14692 5105 2547 7809 
14693 5177 3474 10099 
14694 8764 6129 10510 
14695 4356 6390 9049 
14696 6686 3344 10172 
14697 7718 1227 8714 
14698 3804 6490 8140 
14699 2567 5097 7845 
14700 1513 5859 6865 
14701 5344 2613 9511 
14702 3105 5109 9111 
14703 4547 822 8496 
14704 981 4994 7748 
14705 5656 342 9914 
14706 3138 5124 9207 
14707 373 6110 7896 
14708 7499 2713 8428 
14709 929 4361 8934 
14710 4960 606 9227 
14711 5238 2788 10219 
14712 5693 719 7326 
14713 111 110 10331 
14714 633 5499 8615 
14715 5538 622 9253 
14716 6032 3784 7985 
14717 8312 4448 9871 
14718 5840 2839 7439 
14719 6324 1140 10475 
14720 4589 1657 10615 
14721 5239 2334 9079 
14722 3681 5163 9080 
14723 726 5390 7719 
14724 2346 5136 9534 
14725 2760 6832 6928 
14726 6190 152 7397 
14727 2393 5629 8343 
14728 3710 6366 7380 
14729 46 45 6959 
14730 9175 3445 9404 
14731 6733 1379 8323 
14732 1912 5623 9262 
14733 1515 4646 7869 
14734 1371 5039 9305 
14735 5901 2697 7136 
14736 4385 2984 10000 
14737 2644 7903 8281 
14738 2616 5588 10098 
14739 198 197 9668 
14740 6590 2348 6977 
14741 2633 4788 10259 
14742 66 65 10194 
14743 7168 2525 7326 
14744 6345 2158 6501 
14745 6286 8524 9665 
14746 5196 1024 8745 
14747 2598 5469 9267 
14748 5657 2016 7901 
14749 643 4933 10583 
14750 2681 8158 8253 
14751 1563 4774 8960 
14752 5627 791 9606 
14753 805 5379 7697 
14754 6718 2802 6939 
14755 1901 5902 7207 
14756 376 375 7116 
14757 4816 2654 9268 
14758 1697 4802 10692 
14759 675 5563 8392 
14760 3853 6037 9861 
14761 2115 6393 7487 
14762 3200 5878 8889 
14763 7946 2820 8217 
14764 50 49 8147 
14765 4439 828 10646 
14766 6129 707 10510 
14767 617 6705 8384 
14768 3062 7843 7875 
14769 215 5678 7500 
14770 865 5120 10229 
14771 5132 2670 9784 
14772 3337 5658 9824 
14773 2843 6607 7921 
14774 2687 7353 9275 
14775 3605 7576 9288 
14776 5384 911 7736 
14777 4688 573 10210 
14778 6924 5452 9823 
14779 4436 1658 8783 
14780 4386 1527 9513 
14781 10048 3194 10091 
14782 7727 663 9244 
14783 7344 2645 10525 
14784 4963 3191 10445 
14785 1132 5077 9582 
14786 5771 1095 8915 
14787 1149 5173 10111 
14788 9257 4514 10483 
14789 6607 498 7921 
14790 153 6190 7457 
14791 5516 2257 7291 
14792 5609 1234 6823 
14793 5973 2121 6463 
14794 5079 2282 7208 
14795 2762 5245 9363 
14796 8078 3604 9378 
14797 1755 5513 8057 
14798 5619 2465 7160 
14799 6534 1260 8501 
14800 7659 2549 7874 
14801 979 5004 8807 
14802 7612 534 9116 
14803 2660 6687 9436 
14804 6027 3036 6910 
14805 3295 2204 10197 
14806 965 5677 8190 
14807 5442 898 8295 
14808 5335 2596 8156 
14809 6964 2592 6977 
14810 5064 2185 8658 
14811 2076 5280 10711 
14812 766 8046 10379 
14813 2815 5208 10537 
14814 4799 1710 7483 
14815 5673 1081 7279 
14816 5045 758 7922 
14817 5430 554 10202 
14818 6045 3994 9828 
14819 3662 6735 10143 
14820 6001 3662 9048 
14821 7657 3913 7837 
14822 3715 8085 8382 
14823 5527 4253 9754 
14824 2057 8654 10538 
14825 6038 3541 9098 
14826 5565 8762 10052 
14827 5959 1116 7796 
14828 5646 832 7599 
14829 5762 2397 8326 
14830 1539 5532 8841 
14831 3241 7618 10229 
14832 5508 2649 8472 
14833 7169 3451 10788 
14834 202 201 6946 
14835 877 5347 7703 
14836 5718 2207 6564 
14837 1841 6088 10008 
14838 4463 1117 10429 
14839 5228 3290 9650 
14840 5880 689 9476 
14841 7237 1197 7626 
14842 1178 5769 8230 
14843 2663 4979 10200 
14844 2652 5226 9907 
14845 7374 2903 9792 
14846 5121 2533 8410 
14847 5058 1890 7532 
14848 839 5455 8430 
14849 7157 4973 9321 
14850 295 5724 9030 
14851 2850 4854 8203 
14852 1366 6791 8581 
14853 2368 5474 6743 
14854 2485 5484 9759 
14855 6512 101 8047 
14856 6536 3570 9489 
14857 3583 4992 9112 
14858 1025 6473 7841 
14859 5841 581 7578 
14860 1101 4467 8337 
14861 6127 872 9731 
14862 4946 2640 9957 
14863 4915 3855 10331 
14864 188 187 7179 
14865 5733 3465 7770 
14866 2017 6411 8908 
14867 3135 4807 10681 
14868 186 185 7184 
14869 3012 5497 8075 
14870 2514 5154 9261 
14871 4258 1349 8280 
14872 964 5372 8426 
14873 1241 4815 7154 
14874 4870 8382 10585 
14875 5172 2626 7738 
14876 1006 6408 7132 
14877 1082 4829 8363 
14878 2537 5957 6592 
14879 805 8335 10039 
14880 1067 5710 10473 
14881 5743 1566 9825 
14882 4967 10768 10769 
14883 7359 1408 9281 
14884 8725 3713 10588 
14885 5088 1164 9887 
14886 519 520 7005 
14887 727 6305 8254 
14888 2175 4387 7489 
14889 5307 1003 9276 
14890 2751 5417 7622 
14891 7503 2040 10239 
14892 6548 634 8686 
14893 718 5166 9010 
14894 4090 8630 9120 
14895 3008 4827 9882 
14896 6379 1962 7193 
14897 2450 4888 9491 
14898 460 5944 6703 
14899 2439 8494 9326 
14900 2749 5021 8578 
14901 2831 5181 9625 
14902 4163 1949 10065 
14903 2711 4416 9233 
14904 2314 6012 6987 
14905 3080 4927 8591 
14906 2032 4499 9384 
14907 3750 7069 9283 
14908 6650 4649 8219 
14909 5057 3840 10017 
14910 5155 948 7668 
14911 210 209 7502 
14912 5628 1018 9140 
14913 7750 2730 8033 
14914 4573 1624 9220 
14915 3557 5279 7465 
14916 5534 2571 7828 
14917 6161 3032 9258 
14918 7876 3747 9766 
14919 2273 4726 9808 
14920 6749 2605 7767 
14921 3571 5808 8009 
14922 4085 9436 10283 
14923 3632 8810 9910 
14924 1115 5313 8452 
14925 638 4443 8787 
14926 5447 1223 7910 
14927 3066 5460 7966 
14928 2254 4574 9091 
14929 4972 3343 10723 
14930 5355 934 8429 
14931 7786 3837 8769 
14932 8226 5543 10643 
14933 5790 568 10252 
14934 5116 1715 10713 
14935 5289 3557 7448 
14936 6099 3530 9648 
14937 6768 1075 9672 
14938 4108 7266 10417 
14939 6357 711 9884 
14940 1753 7206 7275 
14941 598 5528 7480 
14942 4242 2101 9884 
14943 5402 1474 9382 
14944 6980 3412 8076 
14945 7463 2621 8972 
14946 5169 2083 7481 
14947 1247 5417 7798 
14948 2659 5535 6701 
14949 5083 994 10431 
14950 9553 1577 9563 
14951 345 344 8755 
14952 3191 4963 10375 
14953 474 475 9674 
14954 409 408 7087 
14955 5244 2548 9872 
14956 5547 737 9716 
14957 2632 5717 9752 
14958 1113 5363 7530 
14959 5800 2128 9816 
14960 6108 5033 8485 
14961 4863 2291 8727 
14962 175 174 8241 
14963 6070 2574 6844 
14964 4717 630 8682 
14965 3654 8373 8910 
14966 2476 5468 10191 
14967 6444 2109 7070 
14968 3887 6392 9682 
14969 5489 1754 7507 
14970 2348 6590 10295 
14971 5061 2186 9042 
14972 6328 780 10696 
14973 2813 7777 9082 
14974 7672 2594 9329 
14975 181 180 7189 
14976 1431 7253 9997 
14977 5719 596 8217 
14978 811 5394 8742 
14979 438 439 9549 
14980 776 5614 7143 
14981 3082 4604 10701 
14982 5654 1131 6185 
14983 5897 4012 7589 
14984 6839 3411 8571 
14985 3174 5548 9457 
14986 1969 4492 10668 
14987 1604 5248 8414 
14988 613 5005 9400 
14989 6815 1372 9648 
14990 6220 265 7553 
14991 2486 5278 8749 
14992 4739 2493 7792 
14993 5342 9081 10303 
14994 5552 1141 7624 
14995 5338 2593 8198 
14996 2873 7131 7654 
14997 1910 5047 10502 
14998 3809 6531 6840 
14999 4979 2851 9858 
15000 7047 3631 10100 
15001 5001 3751 7925 
15002 5112 574 9055 
15003 695 5309 9374 
15004 7675 2132 9694 
15005 2335 5050 9162 
15006 3045 5218 9846 
15007 2201 6383 6631 
15008 1281 5495 8668 
15009 1833 5314 10186 
15010 6080 4763 10543 
15011 7753 1420 9938 
15012 5581 2585 8080 
15013 1587 5282 10018 
15014 5508 1327 8486 
15015 5517 576 8584 
15016 1232 4882 8649 
15017 6079 724 6644 
15018 5750 579 10256 
15019 5058 957 9539 
15020 4435 8855 9693 
15021 5199 2797 9702 
15022 7088 2209 8056 
15023 1451 4664 8465 
15024 2244 6290 8533 
15025 3478 7611 7644 
15026 9174 2828 9440 
15027 5319 1162 8523 
15028 5142 2183 8965 
15029 6647 2595 7546 
15030 2242 5826 8416 
15031 1330 6588 10161 
15032 6302 3960 9094 
15033 4546 1701 10442 
15034 4840 2971 8419 
15035 2689 7298 9965 
15036 2883 6085 9464 
15037 6749 1311 7473 
15038 7399 2836 10448 
15039 5501 2205 8094 
15040 2824 4839 8063 
15041 1025 5084 7357 
15042 791 4629 10035 
15043 7343 3737 10442 
15044 151 150 7195 
15045 1488 4936 8489 
15046 33 32 8267 
15047 1737 5978 7332 
15048 639 8334 8406 
15049 7021 5363 10431 
15050 3290 5228 8521 
15051 2459 5676 6689 
15052 1439 8621 8929 
15053 4659 1663 9587 
15054 8454 1330 10161 
15055 3405 6987 9451 
15056 5506 2031 8930 
15057 6063 1178 8230 
15058 155 154 7198 
15059 2558 7012 7231 
15060 5783 146 10089 
15061 2902 5650 10035 
15062 3873 7028 9054 
15063 1804 4979 9858 
15064 5384 2419 6919 
15065 125 124 8284 
15066 1850 5601 7288 
15067 4077 8469 8804 
15068 1003 4967 9276 
15069 8124 4147 9458 
15070 2294 5386 8183 
15071 3236 6084 7147 
15072 2388 6327 6757 
15073 7093 3839 8266 
15074 7076 3378 7703 
15075 5304 3037 9470 
15076 3660 5094 10026 
15077 5380 2406 7094 
15078 6291 2515 7726 
15079 5627 1939 7158 
15080 2829 4953 10279 
15081 1727 4913 9187 
15082 5070 2226 10555 
15083 369 368 7215 
15084 5576 2233 6880 
15085 493 5273 7646 
15086 3888 7560 10190 
15087 4886 427 8210 
15088 3050 5440 8873 
15089 8633 2447 8987 
15090 5548 2332 9749 
15091 809 4865 8466 
15092 100 5109 8047 
15093 2174 5681 6884 
15094 3817 5334 10691 
15095 2884 5176 8927 
15096 6584 3097 6585 
15097 3315 6109 7814 
15098 5080 589 6550 
15099 4887 2132 7675 
15100 2106 5306 8002 
15101 2835 5251 10371 
15102 2059 4999 9157 
15103 1595 4572 8971 
15104 2752 5628 9140 
15105 5366 21 8540 
15106 3674 6485 9716 
15107 1079 5301 9074 
15108 4783 1134 9773 
15109 5136 1529 9534 
15110 826 4716 10704 
15111 528 529 9594 
15112 5745 3288 7982 
15113 3886 7250 9991 
15114 992 5070 10555 
15115 5221 1435 9039 
15116 5008 690 7982 
15117 7576 647 9288 
15118 5547 2864 10387 
15119 1069 5302 8788 
15120 2302 6257 7109 
15121 5171 1743 8149 
15122 2280 5339 7916 
15123 3561 6515 10447 
15124 1594 4948 10592 
15125 9616 4536 9753 
15126 5582 2174 6884 
15127 5448 723 7411 
15128 2179 4776 10675 
15129 5218 3045 7568 
15130 5507 2234 8720 
15131 7514 935 9873 
15132 5241 2391 9011 
15133 3322 8886 10305 
15134 5175 816 10353 
15135 429 430 10604 
15136 968 6070 6844 
15137 35 34 7245 
15138 8354 5836 10470 
15139 5846 3115 10084 
15140 8900 3076 10480 
15141 1949 4163 10663 
15142 159 158 7242 
15143 711 8084 9884 
15144 6217 1342 9129 
15145 84 83 7247 
15146 5532 1539 9218 
15147 1175 5358 7923 
15148 174 5419 8241 
15149 9304 2929 10601 
15150 875 4397 9565 
15151 5416 1322 8469 
15152 6679 1171 9490 
15153 6529 1914 7402 
15154 7810 3243 9980 
15155 29 28 8329 
15156 4636 2704 10020 
15157 5824 2428 7722 
15158 2185 5691 6771 
15159 5649 2266 8757 
15160 1873 6536 9489 
15161 307 306 8511 
15162 6543 3547 9018 
15163 3691 5303 9704 
15164 27 26 7270 
15165 3132 5116 10713 
15166 7356 1186 7825 
15167 2226 8542 10555 
15168 2682 8059 9390 
15169 6516 2548 9775 
15170 4393 5299 8131 
15171 6078 2743 7011 
15172 6572 3253 7874 
15173 4026 5142 8883 
15174 264 263 7257 
15175 5115 3194 10685 
15176 5179 2809 7893 
15177 2220 5888 7180 
15178 5267 657 10679 
15179 1234 6964 6977 
15180 1471 9245 10262 
15181 4485 7931 10650 
15182 2576 7073 7370 
15183 1779 6191 10042 
15184 3476 7569 10393 
15185 8373 2833 8910 
15186 2608 7519 7799 
15187 2127 9004 10533 
15188 3404 8092 9821 
15189 5025 1548 8350 
15190 7945 792 10315 
15191 6177 2598 7352 
15192 2779 8093 9419 
15193 2311 6793 9521 
15194 1869 5254 9165 
15195 7266 2309 7542 
15196 2383 4849 7628 
15197 2870 4891 8710 
15198 2715 6456 7939 
15199 2773 5311 10361 
15200 6354 2206 6690 
15201 5023 3499 8129 
15202 5411 125 8284 
15203 7986 4119 9781 
15204 9208 1404 9722 
15205 5914 892 7004 
15206 4682 1579 10129 
15207 2672 6496 8278 
15208 4267 8437 9774 
15209 2772 8640 8905 
15210 6327 1101 7001 
15211 1636 5504 9241 
15212 2896 4915 8287 
15213 3226 7176 10171 
15214 4483 2532 7299 
15215 309 308 7287 
15216 1912 6365 8741 
15217 3772 5112 9055 
15218 5356 1693 10097 
15219 2408 5391 8455 
15220 1227 6008 7043 
15221 2443 4819 8740 
15222 6877 2118 9741 
15223 396 395 7293 
15224 5420 952 8225 
15225 5838 1208 7244 
15226 2599 6154 6433 
15227 3123 7086 9530 
15228 5941 192 8600 
15229 1924 6303 7241 
15230 21 20 8540 
15231 6801 2963 7326 
15232 1716 7833 8647 
15233 2671 4673 8509 
15234 216 215 7500 
15235 7548 783 8228 
15236 4561 7717 9768 
15237 2271 6859 7058 
15238 398 397 8638 
15239 1483 5177 8568 
15240 335 334 10051 
15241 5612 2302 7109 
15242 3071 4978 10657 
15243 2245 6903 8912 
15244 7567 537 8442 
15245 177 176 7310 
15246 659 6073 7662 
15247 6842 1195 8317 
15248 8085 1397 8382 
15249 5885 602 7781 
15250 5158 2465 9105 
15251 1146 4929 9986 
15252 4730 2693 8632 
15253 1908 5855 7223 
15254 5871 324 9402 
15255 6558 1811 10176 
15256 2495 4984 9755 
15257 5666 3001 9796 
15258 6679 3467 10546 
15259 6310 1541 8318 
15260 3540 7781 8991 
15261 2353 5235 8638 
15262 688 5626 6852 
15263 1814 5967 6953 
15264 6798 2629 7183 
15265 5115 1549 8643 
15266 5022 4034 9601 
15267 686 4512 9139 
15268 6862 2592 6964 
15269 5183 1405 10020 
15270 857 5393 9826 
15271 3156 6519 7757 
15272 1240 7617 9737 
15273 10002 3450 10223 
15274 3585 6349 8515 
15275 1245 6066 7777 
15276 382 381 7317 
15277 8357 2363 9338 
15278 1125 7076 8885 
15279 2992 6276 6725 
15280 4912 8563 9815 
15281 5153 2200 10432 
15282 3446 4635 8321 
15283 625 4393 8131 
15284 1390 7986 9781 
15285 5343 2124 7753 
15286 6722 3120 8550 
15287 5452 1677 8665 
15288 6550 3756 8895 
15289 4657 2218 10665 
15290 3474 6329 9906 
15291 5595 4123 8069 
15292 6333 3332 8806 
15293 5792 2538 9259 
15294 6657 412 7477 
15295 7081 3169 7223 
15296 5305 2358 10253 
15297 15 14 7341 
15298 3678 6057 6994 
15299 866 9082 10471 
15300 2255 7004 7752 
15301 3537 7499 8428 
15302 2125 6310 7008 
15303 1064 6178 7318 
15304 2585 6251 6391 
15305 5671 4184 7861 
15306 952 5420 8276 
15307 91 90 7197 
15308 5260 3428 8418 
15309 2649 5595 8404 
15310 5556 3362 7482 
15311 6764 4307 10792 
15312 3238 6134 7635 
15313 258 257 7234 
15314 2146 5972 6300 
15315 2700 5991 6992 
15316 344 6059 8755 
15317 3113 6707 10436 
15318 123 122 7340 
15319 2020 5828 6449 
15320 3285 5035 10339 
15321 2212 5775 7610 
15322 5767 2640 6799 
15323 1143 6228 7929 
15324 8996 2695 10497 
15325 2444 5291 7179 
15326 2326 5777 7790 
15327 6568 3748 10789 
15328 8360 2886 9376 
15329 5096 2409 7910 
15330 4299 8728 8839 
15331 4725 3269 9546 
15332 5119 3892 9942 
15333 5347 2337 7703 
15334 2759 6529 7402 
15335 6289 3475 8794 
15336 5154 1491 9261 
15337 4500 1610 8979 
15338 6464 2911 8307 
15339 3331 4855 10030 
15340 706 8365 9769 
15341 1243 5400 8086 
15342 852 5594 6797 
15343 1027 5429 8610 
15344 5497 3012 9115 
15345 5180 546 9937 
15346 6386 599 8829 
15347 2956 4734 10067 
15348 2542 4919 7827 
15349 5031 3233 7964 
15350 7260 2436 7587 
15351 80 79 7286 
15352 6062 2065 7434 
15353 2981 6354 6690 
15354 389 388 7220 
15355 139 138 10145 
15356 6647 3148 9384 
15357 544 5600 8850 
15358 8121 1337 8163 
15359 3112 6608 8590 
15360 5566 1980 7704 
15361 2412 6279 7765 
15362 2152 5175 8007 
15363 1811 6558 7730 
15364 8091 4118 10775 
15365 2200 5171 10432 
15366 7995 3272 10322 
15367 1458 5284 9586 
15368 7665 2299 8245 
15369 103 5852 10024 
15370 4731 3083 10612 
15371 1656 4602 10725 
15372 3530 6099 10291 
15373 8469 2775 8804 
15374 671 5897 7589 
15375 5606 1183 8093 
15376 7443 1273 7583 
15377 7537 4769 10741 
15378 1150 4379 8904 
15379 116 115 7213 
15380 19 18 7369 
15381 989 5151 9803 
15382 3935 6979 10001 
15383 3636 5260 8418 
15384 8695 1328 9495 
15385 1888 5348 8050 
15386 2701 8207 8607 
15387 9525 3383 10363 
15388 378 377 7306 
15389 4724 1698 9143 
15390 2815 5105 9008 
15391 7905 1023 7912 
15392 2527 7081 7223 
15393 4692 3349 9059 
15394 2790 6086 7909 
15395 5463 1631 10683 
15396 4687 2924 9840 
15397 1508 9735 10207 
15398 2557 6722 8550 
15399 4310 1631 10574 
15400 978 5142 8965 
15401 11 10 7294 
15402 722 6037 6886 
15403 4788 3232 10140 
15404 767 5681 9163 
15405 3857 6315 9749 
15406 2704 4636 8977 
15407 7100 1299 9449 
15408 3151 6150 9916 
15409 6086 1632 7909 
15410 1861 6436 6845 
15411 411 6509 7477 
15412 3022 5430 10202 
15413 254 253 7386 
15414 2630 5442 8295 
15415 5637 1149 10111 
15416 5138 2978 7775 
15417 2702 8191 9835 
15418 5978 7299 10505 
15419 5495 2739 8668 
15420 6673 3148 7194 
15421 1094 6244 7556 
15422 5868 2248 10233 
15423 6822 2127 10533 
15424 3262 5156 10648 
15425 5642 1507 8062 
15426 233 232 7235 
15427 6231 3883 10694 
15428 1905 5469 8818 
15429 5563 2753 8699 
15430 6350 2129 10673 
15431 6727 3912 10367 
15432 3619 5653 9632 
15433 5061 1026 7472 
15434 5370 769 9421 
15435 8592 2370 8805 
15436 8069 2799 8450 
15437 2544 4973 8005 
15438 5372 2229 8426 
15439 799 7546 8928 
15440 2637 5908 8383 
15441 2369 5368 8687 
15442 8852 5842 10500 
15443 1535 5345 8544 
15444 1013 5297 8431 
15445 2952 6926 8169 
15446 5543 2597 7773 
15447 152 151 7397 
15448 771 4258 7978 
15449 7499 3537 9479 
15450 2245 5377 10085 
15451 549 5361 9554 
15452 2409 5447 7910 
15453 5249 539 7452 
15454 9256 3166 9956 
15455 1424 6464 9357 
15456 3956 6811 9813 
15457 5666 141 10720 
15458 5422 989 10726 
15459 546 4985 9937 
15460 3315 6395 6855 
15461 1474 5402 9240 
15462 4878 1200 9269 
15463 6057 1776 6994 
15464 5934 9272 10750 
15465 7623 2583 7934 
15466 6926 2153 7987 
15467 7082 1006 7132 
15468 1335 5108 7665 
15469 5606 1531 10553 
15470 1344 5200 8011 
15471 4064 6173 9312 
15472 5226 2017 8908 
15473 2302 4907 9095 
15474 1422 6650 9910 
15475 1569 5273 10780 
15476 192 191 8600 
15477 5271 1137 9627 
15478 620 6161 9258 
15479 984 6874 10711 
15480 2739 5340 8453 
15481 2126 7535 9951 
15482 5893 3682 8154 
15483 451 452 7387 
15484 5221 2825 9370 
15485 2227 5710 8262 
15486 1290 5138 9977 
15487 5963 1300 8274 
15488 5802 2464 7865 
15489 2502 4711 8931 
15490 6209 1132 7749 
15491 229 228 7308 
15492 537 5679 8286 
15493 3274 5142 10094 
15494 5664 1230 6943 
15495 2528 5320 8789 
15496 5228 2429 8521 
15497 10225 473 10360 
15498 2448 5671 7861 
15499 5554 3396 8916 
15500 5469 794 9267 
15501 2025 5954 7238 
15502 7130 3701 9238 
15503 6419 2259 7601 
15504 1711 4601 10308 
15505 7373 679 7954 
15506 6008 2150 7043 
15507 5895 1969 7872 
15508 8468 2283 10529 
15509 5834 1885 10757 
15510 793 4895 10061 
15511 6097 1288 9687 
15512 1304 5621 7528 
15513 5572 2064 8111 
15514 6258 2791 6873 
15515 4607 5778 10509 
15516 4853 3292 9420 
15517 8626 1019 10057 
15518 906 4765 8045 
15519 2768 6489 7676 
15520 4640 3114 9705 
15521 2492 5546 7361 
15522 600 6678 7342 
15523 5358 1175 10682 
15524 5273 1569 9600 
15525 5417 2466 7798 
15526 1186 5470 7825 
15527 2069 5615 10261 
15528 3554 5205 8503 
15529 135 134 9314 
15530 4717 9553 9563 
15531 2310 6793 6927 
15532 170 169 7301 
15533 4406 8986 10062 
15534 1 6475 9250 
15535 2283 5462 10529 
15536 5679 537 7305 
15537 872 6127 7145 
15538 4749 1008 10610 
15539 4230 8410 8637 
15540 3350 5013 9929 
15541 802 5906 10220 
15542 2475 5740 8546 
15543 5853 3126 7253 
15544 2189 7014 8661 
15545 4099 8109 10121 
15546 8081 1655 9614 
15547 8707 3300 9621 
15548 349 348 9191 
15549 2416 5189 10369 
15550 4347 1584 9217 
15551 7628 768 10435 
15552 1584 4347 9782 
15553 1576 4520 10351 
15554 6608 2499 8590 
15555 9294 975 9622 
15556 4396 6240 9206 
15557 4772 1640 10707 
15558 3051 5649 6834 
15559 1138 8187 9542 
15560 2357 5785 8043 
15561 1157 7648 8945 
15562 6821 3202 8724 
15563 2911 6464 9673 
15564 4503 2228 10356 
15565 3255 7575 9282 
15566 2336 5869 7973 
15567 3086 6419 9388 
15568 615 7684 9744 
15569 651 5295 9292 
15570 775 7615 8919 
15571 1446 6668 10327 
15572 5245 2614 7782 
15573 4933 2507 10583 
15574 430 431 7758 
15575 1686 4680 7633 
15576 8207 3761 8607 
15577 756 6367 8707 
15578 639 4494 9477 
15579 1041 5374 10482 
15580 5402 2688 9240 
15581 2040 7021 10239 
15582 4356 8360 9376 
15583 3788 8592 8805 
15584 1247 5072 10151 
15585 291 290 9380 
15586 1207 5244 9872 
15587 2668 6990 7134 
15588 7252 2144 10641 
15589 65 64 8756 
15590 5686 2600 9637 
15591 5545 1261 6846 
15592 6530 4219 10631 
15593 769 5370 8412 
15594 2629 5412 8346 
15595 4982 2165 8386 
15596 1827 5219 9567 
15597 154 153 7457 
15598 7472 2122 9219 
15599 2643 7561 8742 
15600 1889 6074 7212 
15601 1938 5846 10084 
15602 6367 2653 8707 
15603 8486 1327 9635 
15604 5298 2622 7435 
15605 4954 2486 9498 
15606 6477 2993 6605 
15607 3218 6421 8281 
15608 1012 8849 9791 
15609 2522 5384 7736 
15610 6271 2238 6934 
15611 3127 4952 8206 
15612 1042 5025 8943 
15613 2360 4586 7333 
15614 2793 4660 8802 
15615 3990 7295 9389 
15616 3562 6035 8709 
15617 2525 5693 7326 
15618 5391 1355 8455 
15619 930 4948 8357 
15620 492 493 7646 
15621 5881 2703 8809 
15622 7071 3645 8849 
15623 5241 3184 9764 
15624 412 411 7477 
15625 6454 3626 7631 
15626 5571 541 8739 
15627 4911 1906 9746 
15628 2250 6441 7581 
15629 2960 5272 10492 
15630 9358 1088 10362 
15631 3201 6791 10147 
15632 1553 5087 9545 
15633 298 297 9186 
15634 4151 8858 9765 
15635 7389 1045 9719 
15636 6567 3063 10374 
15637 4519 1531 9562 
15638 5285 1387 8070 
15639 6343 2151 9181 
15640 2432 7406 7417 
15641 4730 2696 7701 
15642 8085 3715 8403 
15643 5511 3453 8920 
15644 6286 2341 7887 
15645 3906 9043 9235 
15646 1977 5426 8330 
15647 5443 2512 8801 
15648 5166 2792 9010 
15649 3119 5463 10683 
15650 5408 2570 10027 
15651 7427 2647 8655 
15652 838 5813 9948 
15653 3673 7014 8974 
15654 3428 7916 8418 
15655 2623 5261 8898 
15656 5299 2289 9773 
15657 342 341 9914 
15658 2924 4687 9176 
15659 5597 1764 8704 
15660 5368 2369 9043 
15661 2615 5707 7539 
15662 3384 6895 9703 
15663 1864 5989 10636 
15664 3129 6192 8106 
15665 2194 7041 7626 
15666 661 5036 10661 
15667 2172 6047 9141 
15668 6497 2389 7511 
15669 3710 8695 9495 
15670 4942 2643 8539 
15671 5183 2800 8938 
15672 5361 3171 9554 
15673 6418 1360 6896 
15674 7687 6324 10475 
15675 5453 1771 7367 
15676 8729 694 8815 
15677 8905 4964 10042 
15678 5507 771 8144 
15679 2533 5055 8637 
15680 5211 2845 8621 
15681 6799 2640 8087 
15682 4852 1177 7755 
15683 3795 6932 8223 
15684 5266 2402 8511 
15685 2460 6491 10058 
15686 5981 3222 8532 
15687 2080 6121 9942 
15688 1256 6098 8123 
15689 8432 5148 10665 
15690 5301 3089 9074 
15691 5525 2181 7873 
15692 5595 683 8404 
15693 338 337 9430 
15694 2579 8085 8403 
15695 7012 2743 7244 
15696 3111 8876 9726 
15697 2486 4954 8840 
15698 1603 7054 9682 
15699 2512 5045 7922 
15700 3071 5603 10705 
15701 2077 4767 8021 
15702 2451 6319 7002 
15703 7550 1491 7915 
15704 218 217 7360 
15705 3295 4419 9756 
15706 5076 2621 9484 
15707 5859 2505 6865 
15708 1073 6069 10314 
15709 5701 2471 7562 
15710 3856 5440 7515 
15711 2726 4923 10605 
15712 2489 5267 10679 
15713 6508 1311 6749 
15714 5758 1990 7458 
15715 5858 2206 7640 
15716 2400 5279 8329 
15717 1235 7003 8327 
15718 5297 2544 8431 
15719 3783 8003 8180 
15720 6816 4914 9079 
15721 953 5701 7562 
15722 6046 756 7868 
15723 2693 4730 7720 
15724 5386 1648 8183 
15725 2591 5336 9058 
15726 5667 809 10329 
15727 7555 3305 8480 
15728 9100 3528 10412 
15729 5498 1792 9733 
15730 6810 4351 9386 
15731 913 5056 7636 
15732 1657 8530 9699 
15733 7931 1716 10650 
15734 8541 3634 8720 
15735 4851 665 10105 
15736 1324 4965 10443 
15737 4367 8988 9637 
15738 7044 2373 7647 
15739 990 8136 10173 
15740 1607 5458 10266 
15741 5831 3154 10231 
15742 2318 7091 7616 
15743 674 4553 9318 
15744 421 422 7756 
15745 5085 3052 8835 
15746 3860 7101 10366 
15747 883 4791 9817 
15748 6096 2370 7519 
15749 5179 1099 8826 
15750 8826 3937 8946 
15751 1104 5003 8980 
15752 3404 5646 7599 
15753 2942 6897 8297 
15754 8829 2907 9303 
15755 2523 6821 8724 
15756 6868 609 8132 
15757 5293 1558 10128 
15758 4938 1032 8090 
15759 2424 5410 8731 
15760 146 145 10089 
15761 5147 1021 9437 
15762 8441 2322 10256 
15763 1608 8177 8868 
15764 6179 2452 7080 
15765 1213 7855 8846 
15766 6142 7300 10368 
15767 265 264 7553 
15768 775 7148 8293 
15769 1847 5120 8445 
15770 5362 959 9932 
15771 4590 1671 10076 
15772 6049 1000 7327 
15773 1998 5370 9322 
15774 7666 681 7726 
15775 690 5745 7982 
15776 3047 5306 8697 
15777 5524 1079 9074 
15778 2672 5449 9523 
15779 4606 859 10455 
15780 5577 1378 10046 
15781 7090 3780 8304 
15782 2310 4642 7155 
15783 4924 769 8150 
15784 5003 1731 9397 
15785 1029 4682 8897 
15786 3121 6747 8689 
15787 645 5136 7779 
15788 4106 8681 9658 
15789 2239 5379 8125 
15790 4231 7165 10658 
15791 792 5268 10315 
15792 7187 3478 7812 
15793 5315 1909 8164 
15794 506 507 7680 
15795 4712 3310 9539 
15796 1204 5749 10758 
15797 5049 1857 7640 
15798 3207 9856 10196 
15799 9219 1702 9739 
15800 5068 2235 9143 
15801 8019 3731 10516 
15802 6717 2044 10611 
15803 1530 5762 8326 
15804 5809 2076 6874 
15805 6095 3746 8982 
15806 5475 1056 9296 
15807 3111 7373 7954 
15808 1658 4688 10511 
15809 2039 5261 9760 
15810 4967 7491 9276 
15811 1829 5666 9796 
15812 4477 9220 10493 
15813 6281 2549 10392 
15814 8542 4498 10555 
15815 9153 4166 9422 
15816 2881 4596 9201 
15817 5694 2448 7861 
15818 5100 2607 9970 
15819 2773 5499 8116 
15820 414 415 9751 
15821 872 6971 9731 
15822 569 6773 7934 
15823 7030 1212 8480 
15824 2068 4797 9325 
15825 5390 2380 7719 
15826 7510 889 9501 
15827 10201 4357 10528 
15828 3745 9589 10327 
15829 2776 5600 9072 
15830 142 141 9630 
15831 2609 6925 8369 
15832 6339 3461 9184 
15833 7455 2403 7734 
15834 3144 7807 7909 
15835 4953 467 10279 
15836 104 103 10024 
15837 3827 6372 9644 
15838 3060 4710 10656 
15839 2985 6458 10370 
15840 5099 2833 10311 
15841 8652 3415 10520 
15842 788 4869 9024 
15843 5081 1808 9065 
15844 1392 5733 7770 
15845 7049 2500 7954 
15846 2592 6590 6977 
15847 2226 4701 8542 
15848 5514 3166 9256 
15849 2969 6128 8090 
15850 2411 5552 7624 
15851 3669 7871 9221 
15852 2887 4697 9129 
15853 5787 3649 7430 
15854 4025 8245 10736 
15855 6618 2364 8344 
15856 2682 5571 8739 
15857 2618 5196 8745 
15858 7000 4782 9921 
15859 1894 5527 9715 
15860 918 6266 10056 
15861 3706 6878 8472 
15862 1287 6586 8065 
15863 2831 6745 9320 
15864 1509 5534 7828 
15865 3732 5571 10032 
15866 6196 2281 6879 
15867 6274 2410 8046 
15868 5732 2572 9193 
15869 5362 2542 9496 
15870 501 502 8898 
15871 2370 8592 8969 
15872 2802 5634 8852 
15873 2647 5991 7392 
15874 5289 2425 8267 
15875 2604 5355 8429 
15876 6014 2926 7037 
15877 2921 5405 8679 
15878 799 6647 7546 
15879 8335 5027 10039 
15880 5027 2990 10039 
15881 2373 4524 10139 
15882 6110 4086 8326 
15883 3063 7837 10374 
15884 108 107 9070 
15885 3550 5435 10061 
15886 5445 2863 8902 
15887 6747 2571 8689 
15888 603 6096 7519 
15889 3954 10149 10544 
15890 3247 7418 8025 
15891 2542 5152 9496 
15892 3302 5477 8193 
15893 6221 2190 6989 
15894 433 434 8586 
15895 5359 730 9446 
15896 2384 5682 8181 
15897 2248 5868 8753 
15898 4757 6735 8364 
15899 2410 5838 7244 
15900 4630 10225 10360 
15901 5153 1031 7450 
15902 475 5047 9674 
15903 2292 6188 7232 
15904 5683 969 8551 
15905 844 4551 9671 
15906 6319 1001 7002 
15907 5822 4084 9123 
15908 3735 6281 10392 
15909 4991 1845 8443 
15910 4701 2507 9113 
15911 5178 4003 7619 
15912 5089 2901 8791 
15913 2918 5625 10485 
15914 4952 6228 8206 
15915 7221 1269 9503 
15916 969 7008 8551 
15917 955 5640 7919 
15918 5491 4323 8602 
15919 6133 8906 9874 
15920 5685 1981 9173 
15921 1667 5238 10219 
15922 6543 5787 9814 
15923 4541 667 9528 
15924 3182 8344 8356 
15925 5513 1080 10185 
15926 1097 5248 9839 
15927 5427 1742 8563 
15928 5989 3682 10636 
15929 4867 1367 9450 
15930 5368 1682 8687 
15931 6765 1999 6915 
15932 1755 4994 9491 
15933 3611 6671 9294 
15934 1242 7996 8071 
15935 4154 7169 10788 
15936 5902 637 7207 
15937 2763 4515 7500 
15938 868 6347 7363 
15939 3391 8159 9605 
15940 1063 4792 10043 
15941 6270 4117 8640 
15942 1123 4838 7981 
15943 227 226 7701 
15944 3841 4926 10232 
15945 8314 2689 9965 
15946 914 5706 8290 
15947 5377 1421 10085 
15948 5404 1035 7478 
15949 6244 1094 7706 
15950 1271 6332 7952 
15951 4515 2763 6957 
15952 4684 1176 10762 
15953 574 5112 8373 
15954 736 6521 6814 
15955 4683 1663 9408 
15956 6372 1193 6805 
15957 6082 2069 10261 
15958 1022 4912 8651 
15959 5389 1096 8425 
15960 6822 2718 7100 
15961 6938 4861 8165 
15962 1647 4812 10468 
15963 3479 5062 9417 
15964 2858 5327 9931 
15965 5126 1579 9788 
15966 6149 2714 8949 
15967 5844 1750 7383 
15968 3492 6523 9977 
15969 1605 4943 9786 
15970 4130 6149 9416 
15971 3351 4432 10640 
15972 3177 5036 8015 
15973 4220 8331 10011 
15974 1980 5566 9729 
15975 225 224 7720 
15976 2478 6635 6830 
15977 5677 1904 8190 
15978 6410 928 10694 
15979 1266 5773 8866 
15980 5659 2343 10207 
15981 6804 2268 6805 
15982 2215 6016 7556 
15983 6819 2689 9588 
15984 5077 2862 9582 
15985 999 5511 8920 
15986 2159 8334 10108 
15987 6776 2327 8491 
15988 2850 5346 9921 
15989 4089 8357 9338 
15990 4705 2672 9523 
15991 3735 5491 8602 
15992 4114 5652 10458 
15993 5360 2586 7566 
15994 3801 7851 7955 
15995 2986 5269 8671 
15996 8842 4684 10762 
15997 498 499 7921 
15998 2652 5670 6969 
15999 4714 1514 9447 
16000 2267 8243 9984 
16001 809 5667 10634 
16002 8728 2361 10066 
16003 6213 575 10096 
16004 6333 618 9444 
16005 971 6062 7656 
16006 3063 6508 6749 
16007 7972 1421 9818 
16008 2588 4612 9541 
16009 5016 922 10693 
16010 5236 2141 7050 
16011 5229 2725 10107 
16012 7531 2797 9147 
16013 4991 592 9200 
16014 5806 1228 7419 
16015 5116 6607 9346 
16016 2954 9257 10483 
16017 200 199 7694 
16018 4867 2900 8966 
16019 564 5757 10549 
16020 3529 6899 9371 
16021 5394 1802 9819 
16022 6429 33 8267 
16023 4990 3197 9377 
16024 3928 9091 9451 
16025 5617 678 10119 
16026 4626 6700 9210 
16027 5548 623 9457 
16028 4672 1701 10053 
16029 6290 3128 8533 
16030 5993 2021 9692 
16031 6129 2732 6891 
16032 1526 8518 9254 
16033 2753 5202 8120 
16034 5532 2921 8841 
16035 7195 3934 10297 
16036 1039 10324 10339 
16037 6013 3504 7826 
16038 6897 1233 9300 
16039 7426 2349 8659 
16040 6772 941 7712 
16041 1759 5694 7861 
16042 5162 1952 9920 
16043 5905 842 9013 
16044 4962 2456 10753 
16045 6694 950 9181 
16046 5764 1171 10412 
16047 5652 1967 7940 
16048 778 8630 8822 
16049 6969 2768 7676 
16050 5777 1951 7790 
16051 645 7779 9006 
16052 7214 3713 8725 
16053 7172 1434 7572 
16054 2234 5507 8144 
16055 1239 6023 9482 
16056 3798 7349 8546 
16057 3198 8646 10243 
16058 5272 2960 8721 
16059 5048 1784 10422 
16060 2181 6143 7795 
16061 5543 3896 10643 
16062 6209 4864 8499 
16063 5254 941 9507 
16064 5571 3732 10532 
16065 2966 5393 9183 
16066 1764 5155 8704 
16067 2818 6851 9224 
16068 1836 6634 10476 
16069 5763 1060 9550 
16070 752 5920 7375 
16071 28 6424 8329 
16072 3057 7251 8317 
16073 78 6483 9327 
16074 542 5796 10658 
16075 716 5198 9597 
16076 3528 5764 10412 
16077 1529 5136 9559 
16078 4607 619 10523 
16079 5071 1641 10113 
16080 8657 1533 10724 
16081 3280 6706 6901 
16082 3818 4892 9999 
16083 5590 2455 9386 
16084 1126 5522 9336 
16085 5584 2658 9913 
16086 5836 2749 10334 
16087 7101 2167 10366 
16088 639 5660 8589 
16089 2993 5219 7864 
16090 9470 3037 9629 
16091 6197 2461 8616 
16092 6296 2586 9393 
16093 5563 675 10770 
16094 9197 3102 10213 
16095 6416 1393 10453 
16096 5306 3047 7405 
16097 3194 5115 8844 
16098 6524 2202 7031 
16099 2793 5547 8339 
16100 5004 2578 8807 
16101 5600 2776 8850 
16102 4603 818 10560 
16103 1891 4904 9551 
16104 416 417 8703 
16105 4811 1133 8175 
16106 1007 5643 8802 
16107 1799 5502 9926 
16108 2649 8404 8472 
16109 6150 1257 9916 
16110 407 6492 9347 
16111 9153 4154 10788 
16112 5375 829 10002 
16113 2317 6258 6873 
16114 7050 2141 10063 
16115 1592 4944 7802 
16116 2518 4578 7558 
16117 5796 542 8260 
16118 5576 1059 8025 
16119 5734 1097 9839 
16120 2908 4741 9160 
16121 6770 3890 9517 
16122 6022 2705 9329 
16123 8078 3866 9439 
16124 6560 1109 8529 
16125 2446 5613 8771 
16126 5723 2986 9519 
16127 4939 3436 8601 
16128 5095 1035 9578 
16129 7524 3789 10074 
16130 5440 1219 7515 
16131 1096 5879 8425 
16132 5830 2401 7356 
16133 7291 1083 7725 
16134 5460 1797 7966 
16135 2648 5977 8639 
16136 5979 2145 6912 
16137 2846 8263 8859 
16138 600 7342 9634 
16139 6327 2461 6757 
16140 3948 5618 10471 
16141 5550 2663 10200 
16142 8513 3135 10681 
16143 8858 2588 9765 
16144 5304 1047 7351 
16145 2144 6268 8825 
16146 5900 2358 8954 
16147 6735 1428 10143 
16148 7907 2651 8231 
16149 6257 752 7109 
16150 4633 9798 9833 
16151 6488 404 10146 
16152 4840 1611 10652 
16153 7434 6352 10671 
16154 1134 5299 9773 
16155 2615 4969 8622 
16156 5128 362 9758 
16157 5425 2211 8514 
16158 2461 6327 7001 
16159 4556 2930 9154 
16160 2674 5370 9421 
16161 5786 894 8799 
16162 5823 1009 9969 
16163 1784 5353 10422 
16164 7346 2675 8021 
16165 4057 5930 7747 
16166 6509 410 9353 
16167 1131 5654 9312 
16168 5738 752 7375 
16169 2535 6403 7939 
16170 2750 8124 9458 
16171 5444 1902 8166 
16172 909 5825 7496 
16173 5114 1133 10181 
16174 654 6446 9420 
16175 2818 6216 6851 
16176 530 531 7819 
16177 2522 6560 7024 
16178 2303 5302 8970 
16179 6009 2617 7339 
16180 2331 5592 7943 
16181 2308 5055 8358 
16182 2620 7748 8057 
16183 999 5515 10765 
16184 417 5616 8703 
16185 4864 3187 8499 
16186 8630 2714 9120 
16187 4982 6482 10421 
16188 7920 2497 8855 
16189 7781 602 8991 
16190 699 5519 10500 
16191 5410 1556 8731 
16192 3785 7510 9501 
16193 1614 6929 9066 
16194 1089 7968 8056 
16195 3075 5237 8659 
16196 7316 974 9280 
16197 5145 1794 10748 
16198 5777 2326 8958 
16199 4996 2478 10475 
16200 2974 5827 10273 
16201 4295 7399 10448 
16202 5663 1029 9797 
16203 4891 7739 10698 
16204 9224 3894 9427 
16205 1235 8327 8595 
16206 2539 6185 9026 
16207 5982 2237 7892 
16208 2604 5187 10174 
16209 950 5802 7865 
16210 4680 1686 9068 
16211 4766 1139 9268 
16212 4507 6967 10790 
16213 1205 7995 9726 
16214 1909 5753 9096 
16215 6707 3134 10214 
16216 5911 1612 9923 
16217 3763 7374 9792 
16218 1831 6077 8252 
16219 1865 5840 7439 
16220 1981 5685 7702 
16221 6127 2559 7145 
16222 4249 7137 9940 
16223 693 6466 8493 
16224 6085 808 9464 
16225 677 5812 8212 
16226 4894 3274 10094 
16227 4297 7665 8245 
16228 6366 753 7380 
16229 6755 2765 8205 
16230 2447 5633 8987 
16231 2933 5594 10725 
16232 5194 1151 9543 
16233 6167 2684 8480 
16234 6844 2574 6984 
16235 151 7195 7397 
16236 5038 2192 9898 
16237 5250 1294 9389 
16238 1372 6099 9648 
16239 6960 2711 9233 
16240 2343 6024 10207 
16241 1016 5746 10433 
16242 2044 4889 8307 
16243 2301 7302 8270 
16244 3533 6581 10328 
16245 4792 1548 10050 
16246 1322 7370 8469 
16247 3836 7393 9939 
16248 2639 8842 10762 
16249 5875 887 10752 
16250 5880 2381 7371 
16251 2565 6003 6571 
16252 5208 1677 10537 
16253 2862 4881 9582 
16254 5117 1017 9900 
16255 3957 7727 9244 
16256 3527 8628 10452 
16257 6515 400 10447 
16258 1549 5110 8643 
16259 5188 3065 10488 
16260 3026 5422 10726 
16261 5350 1075 9642 
16262 6456 2535 7939 
16263 6275 2182 9922 
16264 4960 1745 10576 
16265 2519 7112 7338 
16266 2129 6063 8230 
16267 5198 2432 9597 
16268 9720 5052 10487 
16269 5272 1680 10492 
16270 5499 2871 8615 
16271 476 477 7844 
16272 1020 5011 10165 
16273 6062 2680 7656 
16274 6592 1135 9863 
16275 1934 5514 9256 
16276 6383 592 6631 
16277 5479 2482 9365 
16278 5799 1286 8184 
16279 6899 604 9371 
16280 9218 1539 9520 
16281 4041 8135 9646 
16282 5584 1647 10468 
16283 2213 7188 9771 
16284 910 5410 9126 
16285 5411 2557 9060 
16286 5446 3185 9596 
16287 4023 5864 8176 
16288 3195 5094 9649 
16289 5641 4428 9529 
16290 491 492 9979 
16291 6512 3094 9506 
16292 4912 1022 8341 
16293 5587 1283 7203 
16294 2157 5450 7528 
16295 2820 6961 8217 
16296 5744 2680 9356 
16297 5113 2517 8173 
16298 2548 8353 9775 
16299 6255 2514 6775 
16300 4077 5416 8469 
16301 7526 3979 9892 
16302 2889 4860 9355 
16303 7092 1354 10006 
16304 5373 3458 8531 
16305 7198 154 7457 
16306 1812 5640 10430 
16307 2372 5735 10141 
16308 2667 7840 10586 
16309 6815 3342 7574 
16310 5066 1739 10357 
16311 8513 4403 8588 
16312 5275 2039 9760 
16313 8410 2533 8637 
16314 2492 7856 10760 
16315 924 5585 8138 
16316 2126 6003 7535 
16317 7384 2256 8476 
16318 3016 7260 7587 
16319 5094 1334 9649 
16320 7917 2607 9134 
16321 3538 7402 9627 
16322 5443 924 10733 
16323 9062 4672 10053 
16324 6000 2949 9528 
16325 5468 540 10191 
16326 6591 1278 8870 
16327 6055 2214 7706 
16328 1304 7528 8645 
16329 8621 4536 8929 
16330 5737 2627 8887 
16331 3354 6518 7711 
16332 2398 4132 8001 
16333 1728 5344 9511 
16334 7855 3419 8846 
16335 5330 6391 10650 
16336 1790 5810 7463 
16337 5200 2575 8011 
16338 6493 2289 7633 
16339 2729 6372 6805 
16340 5579 1126 8886 
16341 6698 2583 7623 
16342 6436 2938 6845 
16343 2047 6479 7517 
16344 729 6947 10118 
16345 2337 7076 7703 
16346 1745 5051 10576 
16347 6365 1912 9262 
16348 8487 4288 10654 
16349 832 5456 8105 
16350 7693 2725 7881 
16351 7473 1311 8758 
16352 7968 3362 8056 
16353 6992 2647 7427 
16354 7916 631 8418 
16355 6919 2419 8385 
16356 850 5662 8244 
16357 4740 1331 10786 
16358 1016 7534 9700 
16359 725 5954 8510 
16360 6134 1230 7635 
16361 3277 5358 10682 
16362 5511 999 10765 
16363 5817 2262 7592 
16364 2816 6056 6740 
16365 7431 583 10687 
16366 2685 6695 7870 
16367 1208 7012 7244 
16368 2718 4822 8274 
16369 5526 1702 9219 
16370 2617 6009 7138 
16371 7110 4077 10479 
16372 3917 7198 10401 
16373 2658 5584 10468 
16374 2471 5719 8217 
16375 5706 2568 8290 
16376 5284 3419 8548 
16377 5633 2447 9284 
16378 2291 8293 10103 
16379 397 6527 8638 
16380 2597 4908 9527 
16381 6563 307 8511 
16382 6573 2751 8282 
16383 5749 1962 9036 
16384 4369 5407 8882 
16385 7400 3131 9341 
16386 8023 3481 9982 
16387 5327 1216 9931 
16388 5891 557 9516 
16389 5157 1413 10551 
16390 5261 2623 9760 
16391 2848 5779 7841 
16392 2996 5180 9937 
16393 5215 607 9950 
16394 5743 2249 10534 
16395 3183 6310 8318 
16396 1201 5824 7722 
16397 5234 2570 10580 
16398 756 8707 9621 
16399 5516 1281 9278 
16400 7248 605 8881 
16401 2636 6616 10313 
16402 2450 6539 7219 
16403 6066 3120 9995 
16404 1373 7259 9657 
16405 9994 6981 10639 
16406 6700 3133 9210 
16407 3279 7222 9236 
16408 7799 2370 8969 
16409 3245 8645 9000 
16410 6175 1981 7702 
16411 1230 6364 7635 
16412 2333 7714 9166 
16413 2809 8826 8946 
16414 2614 5245 8915 
16415 2876 6008 8759 
16416 5336 1485 9058 
16417 7570 2924 10251 
16418 2707 6046 7868 
16419 2379 6162 8660 
16420 1056 5475 9709 
16421 2566 5935 8549 
16422 5657 2440 9130 
16423 5882 1799 8385 
16424 5797 1830 8579 
16425 3845 8424 9293 
16426 1064 7318 8552 
16427 5261 501 8898 
16428 1836 6374 8746 
16429 6449 749 7445 
16430 443 444 10060 
16431 4193 7252 10641 
16432 7831 4259 8931 
16433 6390 735 9049 
16434 2571 5419 7828 
16435 547 5368 9043 
16436 6047 2657 9141 
16437 5855 2527 7223 
16438 2452 5617 10119 
16439 6646 1186 7356 
16440 3309 7195 10297 
16441 6121 2786 7440 
16442 4583 8829 9303 
16443 1197 6064 7626 
16444 1822 9152 10756 
16445 2119 5791 7805 
16446 1068 6406 6536 
16447 2548 4897 9872 
16448 4812 1647 9548 
16449 5147 2742 7956 
16450 5529 2135 9516 
16451 2924 9466 10251 
16452 2128 8444 9292 
16453 5519 1762 9351 
16454 748 5629 8748 
16455 6495 3373 10477 
16456 4788 2633 10160 
16457 6380 2290 8594 
16458 1803 5540 10277 
16459 1071 8708 9695 
16460 646 6026 8722 
16461 3259 7237 7626 
16462 5470 2600 7825 
16463 4865 809 10634 
16464 2143 5400 8232 
16465 3272 7995 9488 
16466 5407 2754 8882 
16467 6246 4809 10416 
16468 2474 6827 7521 
16469 7320 2329 9681 
16470 8855 777 9693 
16471 2828 9174 10406 
16472 552 5006 10739 
16473 5946 3195 9897 
16474 2962 5039 8875 
16475 4095 6162 8405 
16476 6034 2744 8240 
16477 6685 356 8994 
16478 4907 1043 9946 
16479 3765 8250 10088 
16480 7276 3851 8077 
16481 2674 8901 9322 
16482 2468 5399 9103 
16483 2295 5117 9900 
16484 7115 2387 8277 
16485 357 6685 8997 
16486 6201 2081 10569 
16487 7996 3553 8071 
16488 1745 4960 10684 
16489 7225 3758 10554 
16490 4026 9915 10548 
16491 7771 2311 9521 
16492 3382 6548 8686 
16493 5713 2187 8715 
16494 1185 7518 8294 
16495 7206 3235 7275 
16496 667 6000 9528 
16497 3145 4929 9230 
16498 7594 2866 8182 
16499 5477 796 8824 
16500 1874 5367 9854 
16501 6747 175 8241 
16502 2813 5641 7777 
16503 391 390 7899 
16504 5629 748 8343 
16505 887 5875 8013 
16506 7439 2839 9234 
16507 1260 7661 8501 
16508 7334 2225 7382 
16509 3518 6905 9807 
16510 5522 1809 8261 
16511 539 7378 7432 
16512 5569 3027 7516 
16513 5039 2962 9305 
16514 7054 3887 9682 
16515 4494 1436 9223 
16516 1696 5376 9014 
16517 2118 6494 9741 
16518 5280 3608 9066 
16519 2991 5786 8799 
16520 7112 2519 8483 
16521 5548 3174 9412 
16522 5984 3097 7987 
16523 1531 5606 9562 
16524 3568 4837 10226 
16525 2491 5366 8540 
16526 4823 846 8998 
16527 5356 3001 8832 
16528 3263 8936 10078 
16529 5346 1853 9921 
16530 5785 811 8043 
16531 2610 6546 6732 
16532 3831 8862 9040 
16533 2264 6593 7191 
16534 1378 5577 9009 
16535 4908 2468 9103 
16536 989 5422 9350 
16537 7704 4283 9603 
16538 7112 3330 7338 
16539 637 6795 6807 
16540 2089 6780 10203 
16541 1346 6101 7466 
16542 4854 2850 9936 
16543 6306 4238 10653 
16544 7586 2877 7615 
16545 6135 1141 8812 
16546 8641 2413 10157 
16547 7575 3976 8507 
16548 3567 8030 9989 
16549 414 5257 10677 
16550 2474 6669 10041 
16551 707 6129 6891 
16552 1385 8481 9633 
16553 5033 3144 8485 
16554 845 6933 8706 
16555 5205 1749 8503 
16556 5369 1137 9198 
16557 264 7257 7553 
16558 5311 1730 10361 
16559 2129 9047 10673 
16560 5672 3607 9745 
16561 2680 6062 7434 
16562 446 5540 8096 
16563 1169 4898 9881 
16564 5847 806 7667 
16565 4834 3435 9848 
16566 1844 5723 9519 
16567 6248 2131 7880 
16568 124 6722 8284 
16569 1436 4709 8939 
16570 4806 1107 9913 
16571 5831 3916 7617 
16572 2679 7082 7132 
16573 6244 2215 7556 
16574 4943 1605 10123 
16575 5945 1087 9561 
16576 689 6089 8797 
16577 5160 1187 10140 
16578 2783 7586 7615 
16579 1165 9153 10788 
16580 2563 6862 6964 
16581 2156 5186 8573 
16582 2971 4840 10652 
16583 7634 3498 10480 
16584 3395 7652 7808 
16585 1191 6179 7080 
16586 1087 5144 9561 
16587 5320 847 8804 
16588 884 5590 9386 
16589 948 6009 7339 
16590 2791 5204 9721 
16591 7267 3633 7834 
16592 2657 6047 8448 
16593 9937 4985 10503 
16594 2404 5660 7504 
16595 7391 3286 9867 
16596 3307 4923 9311 
16597 5553 3312 10029 
16598 6002 2216 7739 
16599 1200 4878 9204 
16600 1493 5556 9636 
16601 67 6686 10172 
16602 2282 6624 7303 
16603 4337 5444 8420 
16604 8086 2143 10451 
16605 5760 2107 8537 
16606 5353 782 9407 
16607 7804 3127 8127 
16608 1978 6476 9509 
16609 7144 2211 9007 
16610 6409 915 7914 
16611 3056 5088 9887 
16612 5571 4360 10032 
16613 2332 5548 7495 
16614 6145 1342 8534 
16615 7151 2729 9869 
16616 5764 2608 9490 
16617 5673 2851 10493 
16618 5636 3143 8502 
16619 3872 6077 10381 
16620 5012 2346 9534 
16621 4767 2077 9849 
16622 6327 2388 7254 
16623 3067 6628 8716 
16624 8575 1511 9615 
16625 2115 5490 10568 
16626 6378 2855 7183 
16627 1589 6143 10080 
16628 5061 9219 9739 
16629 2531 9548 10267 
16630 2716 7461 7677 
16631 5489 2733 9467 
16632 822 5946 9897 
16633 6494 3463 9741 
16634 7113 2915 8210 
16635 8543 2927 10517 
16636 1218 9616 9753 
16637 4726 1765 9808 
16638 2704 5183 10020 
16639 3625 7905 7912 
16640 2327 5604 9123 
16641 677 8212 8348 
16642 6329 2518 8869 
16643 5352 2676 10083 
16644 3489 8070 8799 
16645 2364 6847 8344 
16646 2276 5538 9253 
16647 1989 5507 8720 
16648 483 5881 8809 
16649 2570 5408 10580 
16650 1954 5699 9514 
16651 3286 4726 9867 
16652 5011 9063 10527 
16653 2900 4867 9450 
16654 1548 5025 10055 
16655 1843 5418 9372 
16656 3150 6730 7796 
16657 2263 6963 8256 
16658 1728 5517 7974 
16659 6388 3346 7407 
16660 2462 5851 8962 
16661 5288 1910 10502 
16662 1754 5489 9467 
16663 7871 2697 9221 
16664 2653 5475 9296 
16665 5801 677 8348 
16666 6222 1089 8056 
16667 2515 6126 7726 
16668 3993 8462 8847 
16669 1163 8209 8636 
16670 1142 4920 9595 
16671 5724 2944 9030 
16672 8494 3551 9326 
16673 2638 5083 10431 
16674 1772 4769 10180 
16675 3182 6618 8344 
16676 992 6798 7183 
16677 3790 6163 10572 
16678 20 6716 8540 
16679 1336 5649 8757 
16680 5087 697 10138 
16681 971 7656 9876 
16682 6305 3152 8254 
16683 1130 5978 10505 
16684 6155 814 9540 
16685 6908 4359 9483 
16686 8245 2299 10736 
16687 3150 5850 7890 
16688 5503 1478 10071 
16689 4833 2613 8656 
16690 2975 8364 9198 
16691 1067 7538 8262 
16692 2759 8195 10126 
16693 6352 3229 10702 
16694 3046 5170 9164 
16695 6178 1064 6909 
16696 1572 5860 9667 
16697 1719 4663 9706 
16698 715 6345 6501 
16699 3362 7088 8056 
16700 3430 7550 7915 
16701 1413 5243 10587 
16702 4918 1728 9511 
16703 675 5202 10770 
16704 8988 1645 9637 
16705 1961 4846 10098 
16706 8728 1063 8839 
16707 6715 259 9981 
16708 2387 6672 8277 
16709 6073 2788 7662 
16710 3118 6868 8132 
16711 3238 7635 9045 
16712 5191 2508 9767 
16713 545 6622 10548 
16714 4998 692 10004 
16715 4888 1755 9491 
16716 7817 2130 9537 
16717 8135 3035 9646 
16718 2601 8605 8768 
16719 5071 992 10776 
16720 5379 805 10039 
16721 3368 8926 9950 
16722 7363 2434 9804 
16723 6674 973 6935 
16724 8015 1224 8427 
16725 4787 885 9486 
16726 5930 601 7747 
16727 4648 1754 9467 
16728 3303 8719 8814 
16729 2839 5221 9039 
16730 2713 5115 8643 
16731 1399 7597 10349 
16732 4984 1762 9755 
16733 7406 2955 7417 
16734 6083 3850 9225 
16735 8324 4085 10283 
16736 4122 5567 8446 
16737 5449 823 9523 
16738 6173 1131 9312 
16739 7737 2701 8607 
16740 5879 3314 8425 
16741 2590 5427 8563 
16742 3572 5621 8961 
16743 316 6001 9048 
16744 3532 5074 8798 
16745 235 234 8063 
16746 7043 4146 8714 
16747 3438 5637 10111 
16748 9470 1685 10721 
16749 1543 5393 9761 
16750 3448 7283 8784 
16751 5889 1040 9908 
16752 8630 4090 8822 
16753 7198 3333 10401 
16754 7611 2456 7644 
16755 5182 572 7927 
16756 534 7612 7642 
16757 851 4631 8448 
16758 4990 866 10471 
16759 5933 2361 7264 
16760 5625 2918 10510 
16761 611 5472 10370 
16762 3096 6170 10031 
16763 2279 6127 9731 
16764 5753 1909 10158 
16765 1699 4946 9957 
16766 5418 6216 9372 
16767 4897 1207 9872 
16768 9707 1713 9748 
16769 6539 2935 7219 
16770 5050 1757 9162 
16771 5567 3431 8446 
16772 5585 2515 8138 
16773 5869 1181 7973 
16774 6546 673 6732 
16775 4899 1603 10403 
16776 5496 1679 10689 
16777 2358 5900 8359 
16778 2904 6772 7712 
16779 6636 2758 6930 
16780 318 6853 9017 
16781 6194 2381 10707 
16782 4121 6166 9894 
16783 5995 1737 7332 
16784 5633 1830 9190 
16785 6051 1041 10482 
16786 10411 3978 10696 
16787 6163 2123 10572 
16788 5476 1280 9229 
16789 2916 5333 8192 
16790 7671 967 10217 
16791 3319 5790 10252 
16792 1364 6120 7645 
16793 6624 740 7303 
16794 5643 2793 8802 
16795 3130 5513 10185 
16796 2892 6626 8582 
16797 3645 7126 9613 
16798 3347 5493 9581 
16799 6853 317 9048 
16800 452 6105 7387 
16801 8121 2546 10691 
16802 2335 5796 8260 
16803 1533 8749 10724 
16804 5660 639 9477 
16805 6558 3190 7730 
16806 5827 1697 10273 
16807 5502 2628 9926 
16808 2334 5779 10257 
16809 5662 2581 8244 
16810 847 5044 10479 
16811 4615 3195 9649 
16812 707 5625 10510 
16813 5550 1517 9352 
16814 7868 3461 8338 
16815 846 5208 8998 
16816 661 6020 9515 
16817 5682 1861 8181 
16818 6930 2758 7876 
16819 5937 1520 8505 
16820 3063 6749 7767 
16821 3546 7567 8442 
16822 3620 5017 10167 
16823 3609 6877 7236 
16824 7090 2556 9892 
16825 1282 6673 7194 
16826 566 6027 6910 
16827 9798 3027 9833 
16828 5570 1783 9832 
16829 2227 5944 7857 
16830 7253 3126 9997 
16831 2605 6202 10786 
16832 6371 4307 8646 
16833 5540 447 8361 
16834 1109 7162 8529 
16835 2480 5967 9943 
16836 3881 8633 8987 
16837 6064 2194 7626 
16838 4709 648 10418 
16839 7105 1125 8885 
16840 1857 5858 7640 
16841 4826 664 9795 
16842 1137 5382 8036 
16843 5625 1599 10485 
16844 3187 7976 8271 
16845 5484 997 9759 
16846 5897 671 9138 
16847 5646 1503 10187 
16848 1408 7359 8642 
16849 2664 8396 10017 
16850 2795 6175 7702 
16851 6678 2131 8371 
16852 6389 1296 8269 
16853 4780 1276 10754 
16854 1117 5560 9337 
16855 6040 2411 10131 
16856 1089 6222 8884 
16857 5452 573 9823 
16858 5240 3044 8250 
16859 7750 1912 8741 
16860 6393 4054 7487 
16861 10324 4900 10339 
16862 595 5479 9365 
16863 9220 1624 10493 
16864 1763 4779 10601 
16865 5924 4597 10028 
16866 2479 6405 8973 
16867 5191 689 8797 
16868 5609 2227 7857 
16869 7239 5613 10469 
16870 314 313 8130 
16871 3231 5303 9456 
16872 7228 926 8861 
16873 8536 3562 8750 
16874 2339 6425 10700 
16875 4003 7050 10063 
16876 6019 2672 8278 
16877 5855 1908 9222 
16878 618 8635 9444 
16879 262 6829 10033 
16880 8076 3412 8390 
16881 5608 1085 10346 
16882 2851 4979 9368 
16883 1456 8078 9439 
16884 5591 2570 10010 
16885 6577 790 8471 
16886 6335 1274 9302 
16887 3021 5532 9218 
16888 5770 1540 9277 
16889 4027 8803 10090 
16890 7041 3259 7626 
16891 1350 6280 7509 
16892 3981 6641 7998 
16893 4979 1804 10200 
16894 8003 2554 8180 
16895 3059 7455 7734 
16896 4347 6970 9782 
16897 5920 2328 7375 
16898 2853 5695 8766 
16899 8187 4411 9542 
16900 4452 8729 8815 
16901 162 6864 9083 
16902 3240 5002 10464 
16903 9623 5610 9976 
16904 6961 2471 8217 
16905 1149 5637 9092 
16906 3066 4976 10240 
16907 6864 161 9117 
16908 7178 3495 10292 
16909 2346 5980 7779 
16910 5455 839 9992 
16911 4915 2896 10132 
16912 6980 3266 9212 
16913 2582 5799 8184 
16914 3141 6321 7363 
16915 6788 4038 8083 
16916 8605 3365 8768 
16917 3921 5182 7927 
16918 7251 3339 8317 
16919 6037 4555 9861 
16920 6258 1185 8294 
16921 1900 6066 9995 
16922 5872 1913 7469 
16923 3343 4972 9922 
16924 1142 6225 9879 
16925 1954 5563 8699 
16926 2836 7679 10448 
16927 1053 8076 8390 
16928 1048 6019 8278 
16929 2498 6680 7211 
16930 3631 7917 9134 
16931 3395 7808 8613 
16932 2942 5409 8944 
16933 6793 2311 6927 
16934 270 269 8172 
16935 4929 3145 9986 
16936 6560 2564 7024 
16937 93 92 8168 
16938 626 6633 8162 
16939 2558 7011 7012 
16940 7595 4055 10653 
16941 5735 1179 10141 
16942 7180 727 10014 
16943 445 8096 10424 
16944 6878 1327 8472 
16945 1624 5673 10493 
16946 5610 1105 8854 
16947 333 332 8178 
16948 3270 6091 10466 
16949 5757 3369 10549 
16950 5299 2632 8131 
16951 2293 5983 7698 
16952 1254 5458 7881 
16953 5922 2422 8520 
16954 2049 6414 7884 
16955 5629 2736 8748 
16956 6426 2379 8660 
16957 1105 5610 9623 
16958 1149 7911 8777 
16959 2034 5865 7988 
16960 1218 4934 9618 
16961 3060 5067 8763 
16962 7329 2432 7417 
16963 2631 6676 10781 
16964 6782 694 9492 
16965 2363 6636 6930 
16966 1475 7481 10343 
16967 3053 6455 10265 
16968 9063 1815 10527 
16969 2661 5288 10502 
16970 5863 3555 8109 
16971 3300 7443 7583 
16972 5743 3510 9271 
16973 5036 3177 10661 
16974 1436 5848 9223 
16975 5493 1521 9736 
16976 2194 6621 7041 
16977 2481 6358 9318 
16978 5696 770 9487 
16979 5277 1827 9567 
16980 5309 2175 9068 
16981 2847 5834 10757 
16982 2466 5417 8985 
16983 1039 5262 10324 
16984 7092 4000 9925 
16985 6390 4322 8587 
16986 6596 1054 10438 
16987 1037 5238 8459 
16988 5324 2244 8533 
16989 7257 3983 10727 
16990 3441 8087 8948 
16991 3558 8477 8717 
16992 5613 1173 8771 
16993 573 5943 10210 
16994 1266 6378 8346 
16995 6628 1634 8716 
16996 5421 2926 9993 
16997 5998 8783 10009 
16998 5433 754 9328 
16999 4101 7409 8674 
17000 2744 6034 8683 
17001 6593 1412 10463 
17002 2858 5508 8486 
17003 7481 4093 10343 
17004 2664 7323 8396 
17005 8052 2837 10557 
17006 3785 6837 7510 
17007 5067 3070 8760 
17008 5594 1656 10725 
17009 1193 6804 6805 
17010 472 473 10225 
17011 5836 491 9979 
17012 427 428 8210 
17013 5628 4310 10574 
17014 6365 678 8741 
17015 5016 5399 10321 
17016 6995 1032 10457 
17017 1956 5421 9993 
17018 2557 5411 8284 
17019 774 5408 10027 
17020 3116 6376 10528 
17021 137 136 8242 
17022 1801 5270 9263 
17023 8145 2399 10023 
17024 3207 9400 9856 
17025 684 7494 9555 
17026 2749 5836 8354 
17027 4133 7991 8949 
17028 5606 2779 9562 
17029 7409 780 8674 
17030 988 3711 8299 
17031 8460 1370 9568 
17032 7026 3731 8019 
17033 5540 1803 9662 
17034 8762 3737 9009 
17035 9152 5189 10756 
17036 689 5191 9767 
17037 2684 7555 8480 
17038 276 275 8258 
17039 5917 1180 10742 
17040 3912 7145 10367 
17041 2441 5597 8704 
17042 2665 7632 8974 
17043 8529 3816 8702 
17044 2742 5147 9437 
17045 6010 1547 9171 
17046 7527 1395 8446 
17047 1419 5794 8907 
17048 970 6031 9811 
17049 6211 1692 8555 
17050 5518 2029 8389 
17051 2596 5335 10662 
17052 4532 6561 9033 
17053 5768 1286 10152 
17054 6003 2565 7535 
17055 2606 5549 10792 
17056 6005 1801 9263 
17057 1756 8437 9583 
17058 6508 2219 10457 
17059 5472 2985 10370 
17060 2809 5179 8826 
17061 6114 1495 9463 
17062 1595 5831 10231 
17063 1531 5123 10553 
17064 1427 6149 8949 
17065 8681 3205 9658 
17066 9686 1161 10623 
17067 1822 6322 9152 
17068 8331 1943 8652 
17069 376 7116 9362 
17070 5699 1954 8699 
17071 8440 1747 10001 
17072 6935 973 9777 
17073 865 5655 8403 
17074 819 7524 10074 
17075 5527 1062 8672 
17076 2699 8536 8750 
17077 5613 1940 10469 
17078 1170 6498 8356 
17079 3431 7527 8446 
17080 3059 7944 8115 
17081 5771 2762 10593 
17082 6571 4386 9513 
17083 5769 3677 8230 
17084 5239 1025 7841 
17085 8301 1425 9334 
17086 2786 6865 7440 
17087 1240 5831 7617 
17088 5741 2347 7713 
17089 1268 6388 7407 
17090 4049 7334 7382 
17091 5523 2416 10369 
17092 3430 7915 10159 
17093 6047 851 8448 
17094 2705 5468 8580 
17095 5055 2533 9286 
17096 286 7019 10364 
17097 5633 596 8987 
17098 2612 5748 9178 
17099 8005 3998 8431 
17100 5260 2528 8789 
17101 7107 1416 10205 
17102 2077 5839 7813 
17103 5140 2967 9308 
17104 5848 1436 8939 
17105 5467 912 8709 
17106 7296 2922 7359 
17107 2005 6668 9167 
17108 2737 5577 10791 
17109 1606 5339 10667 
17110 1212 6167 8480 
17111 6531 2188 6840 
17112 2141 8035 10063 
17113 6182 1158 9626 
17114 692 6442 10004 
17115 2275 6950 10276 
17116 2753 5563 10770 
17117 6116 2421 7914 
17118 717 6755 8205 
17119 956 7061 8325 
17120 3243 7950 9980 
17121 8314 3949 9588 
17122 8070 2991 8799 
17123 5419 2571 8241 
17124 1026 5061 9042 
17125 5667 3301 10634 
17126 5521 958 9694 
17127 1816 5704 9846 
17128 44 7068 10428 
17129 5851 1442 8962 
17130 2536 5937 8505 
17131 2875 5188 10278 
17132 3200 8151 9827 
17133 1317 7490 8953 
17134 6746 2797 9427 
17135 3636 6525 8912 
17136 2593 5614 9909 
17137 5951 2151 10150 
17138 3241 5610 8854 
17139 8032 2276 9253 
17140 5781 4747 10156 
17141 9128 2636 10313 
17142 5267 2489 9046 
17143 4314 7300 7610 
17144 3087 9720 10487 
17145 4821 837 10735 
17146 1107 5584 9913 
17147 5894 2328 8599 
17148 1829 6311 10722 
17149 3339 6842 8317 
17150 1303 6270 8640 
17151 3073 10076 10618 
17152 5980 2346 9722 
17153 1100 8257 10087 
17154 9718 3518 9807 
17155 5732 9193 10685 
17156 4895 6990 10061 
17157 5681 3113 9163 
17158 2575 5200 10388 
17159 7852 2720 8837 
17160 6152 1275 8892 
17161 5853 2111 10068 
17162 5022 1936 9199 
17163 3167 7324 9889 
17164 6378 2629 8346 
17165 6170 1929 10031 
17166 2248 7330 10233 
17167 6599 4110 10539 
17168 5202 2753 10770 
17169 8682 3874 9697 
17170 7863 4867 8966 
17171 2995 5125 9354 
17172 788 6675 7771 
17173 1813 5152 8479 
17174 6525 2245 8912 
17175 2739 5495 9116 
17176 7807 2790 7909 
17177 8792 1220 9704 
17178 10294 3963 10729 
17179 4951 6033 10660 
17180 968 6844 7022 
17181 7725 1083 9611 
17182 5429 2966 8610 
17183 6959 45 10428 
17184 4881 1132 9582 
17185 46 6959 10440 
17186 5125 2995 9395 
17187 5091 2272 9560 
17188 9335 1703 9911 
17189 3407 6225 7627 
17190 5634 2030 8852 
17191 7685 4019 10459 
17192 7545 3511 10512 
17193 2609 9660 9768 
17194 1588 5076 10575 
17195 590 7842 9524 
17196 7347 1031 8449 
17197 6290 2244 8228 
17198 3083 8879 9703 
17199 2214 6244 7706 
17200 2754 7042 7442 
17201 2359 7267 7834 
17202 6946 201 10192 
17203 1679 5496 8957 
17204 5772 1837 8926 
17205 758 5512 10149 
17206 6633 2959 8162 
17207 8383 1361 9689 
17208 1018 4780 9140 
17209 7184 185 9810 
17210 5454 1074 10267 
17211 1895 5924 10028 
17212 980 6583 9617 
17213 6793 2310 7155 
17214 6303 2676 7241 
17215 241 240 8388 
17216 5376 1087 8864 
17217 3475 6289 7484 
17218 6332 2439 9326 
17219 1962 6379 9036 
17220 2689 8314 9588 
17221 4792 8728 10066 
17222 9368 4477 10493 
17223 2381 6194 8391 
17224 2651 5097 9786 
17225 5151 989 9350 
17226 8762 2737 10052 
17227 7120 2490 7902 
17228 3401 8023 8811 
17229 2346 5690 9722 
17230 854 4999 9271 
17231 5749 3630 10758 
17232 3513 6651 8205 
17233 1486 5037 9912 
17234 3379 6627 7278 
17235 1444 9224 9427 
17236 6074 2584 7212 
17237 3456 5874 10103 
17238 9 7046 9864 
17239 2586 5360 9631 
17240 604 6573 8282 
17241 2842 6211 8555 
17242 6618 1298 8194 
17243 6706 683 6901 
17244 7087 408 9347 
17245 5686 9637 10624 
17246 5157 2880 8951 
17247 820 5066 10657 
17248 2926 5421 10424 
17249 5025 1042 10545 
17250 5773 3029 8866 
17251 1811 4998 10176 
17252 409 7087 9353 
17253 6239 4754 9333 
17254 6279 1127 7765 
17255 2452 6890 7080 
17256 4168 757 8289 
17257 5944 3757 7857 
17258 2861 6497 7511 
17259 6725 1102 9038 
17260 2031 6907 8930 
17261 5812 2535 8212 
17262 5616 2770 8703 
17263 4420 625 9443 
17264 1298 5591 10010 
17265 5360 1465 9631 
17266 1786 10278 10488 
17267 3400 7105 8885 
17268 4744 5696 9487 
17269 5524 2487 8718 
17270 3852 7745 8150 
17271 8477 2852 8717 
17272 2520 4944 6731 
17273 5860 2929 9667 
17274 769 4924 9421 
17275 3230 6155 9540 
17276 5262 2483 10324 
17277 1893 5229 10107 
17278 5105 2815 10537 
17279 4157 7650 10440 
17280 2520 5926 10348 
17281 3306 6592 9863 
17282 5748 1119 9178 
17283 6555 1805 7687 
17284 897 4825 9564 
17285 2319 5734 9839 
17286 5660 2404 8589 
17287 5253 930 9610 
17288 709 6883 10730 
17289 2937 9153 9422 
17290 6052 2538 8102 
17291 5704 470 8082 
17292 1808 6120 9065 
17293 5907 2393 8309 
17294 3357 5577 10046 
17295 5629 2393 7815 
17296 5176 2884 10286 
17297 7148 3456 8293 
17298 593 6930 7876 
17299 6667 2602 9214 
17300 5142 978 10094 
17301 7214 2513 8959 
17302 5726 1284 10474 
17303 4983 2415 9877 
17304 5490 679 9125 
17305 3921 7927 10215 
17306 4134 7108 7866 
17307 2298 5559 7826 
17308 1461 9472 9904 
17309 249 248 8464 
17310 5577 2737 9009 
17311 6958 808 10744 
17312 915 6116 7914 
17313 7315 3391 9605 
17314 2389 6160 7511 
17315 5600 1962 9072 
17316 2480 5829 10166 
17317 1009 9160 9969 
17318 3977 8366 9612 
17319 4161 6272 7678 
17320 5886 1218 8058 
17321 5987 1671 9801 
17322 1150 5828 10100 
17323 1474 5281 9382 
17324 1286 5799 8806 
17325 6136 2048 9001 
17326 2396 7859 10056 
17327 4608 927 8352 
17328 5097 2567 9475 
17329 8901 4430 9322 
17330 5159 3454 10441 
17331 2205 5929 8094 
17332 4974 1077 9393 
17333 7208 1158 8275 
17334 840 6866 9282 
17335 1055 6481 8034 
17336 3779 7531 9147 
17337 3389 5963 7445 
17338 5549 1036 10792 
17339 2688 6484 8803 
17340 2879 6150 8119 
17341 6955 2342 8062 
17342 589 5341 9905 
17343 3386 7257 10727 
17344 3356 6591 8870 
17345 7353 1312 9189 
17346 8323 1379 9053 
17347 2323 6157 7571 
17348 9046 2489 10617 
17349 6888 1088 9917 
17350 6330 2521 7862 
17351 1502 7704 9603 
17352 8151 4029 9827 
17353 3272 7452 8664 
17354 5655 1696 9014 
17355 4521 9661 10222 
17356 3862 6577 8471 
17357 1090 5922 8520 
17358 4161 7671 10217 
17359 5721 2567 7845 
17360 5355 2604 10174 
17361 4502 8216 10563 
17362 6661 1155 7498 
17363 2261 6152 8892 
17364 1947 6412 8135 
17365 7995 4374 9726 
17366 8518 4399 9254 
17367 1471 7595 10653 
17368 7195 150 10686 
17369 3279 6657 7477 
17370 932 4655 8252 
17371 6142 1453 7994 
17372 1823 5555 9954 
17373 7883 2550 8434 
17374 868 7363 9804 
17375 2596 5793 10206 
17376 8776 1002 10655 
17377 9039 3931 9234 
17378 155 7198 10669 
17379 5470 3303 8814 
17380 6088 1117 9337 
17381 1874 5900 8954 
17382 2131 6248 8371 
17383 6141 302 9558 
17384 6316 1449 8833 
17385 713 5026 9396 
17386 5588 1961 10098 
17387 2913 5175 10353 
17388 2675 6345 8571 
17389 7259 2108 10729 
17390 6186 1936 8764 
17391 6299 1574 7917 
17392 5923 2269 9865 
17393 5112 2833 8373 
17394 5210 1595 10231 
17395 6231 928 9653 
17396 63 62 8545 
17397 5794 2766 8907 
17398 6049 2181 7795 
17399 7306 377 9362 
17400 1647 5454 9548 
17401 2691 6164 9180 
17402 2570 5591 10027 
17403 7213 4899 10403 
17404 2230 5801 8348 
17405 2579 5655 9014 
17406 2593 5857 10183 
17407 6791 1366 10147 
17408 6431 654 9420 
17409 1560 5618 9607 
17410 1049 5657 9130 
17411 7286 79 9327 
17412 2458 5856 8322 
17413 2840 9109 9998 
17414 7959 2433 9443 
17415 6999 3305 7555 
17416 1377 6322 7639 
17417 3670 6782 10779 
17418 1805 6324 7687 
17419 5655 2579 8403 
17420 6063 2374 8843 
17421 7449 725 7848 
17422 2007 6169 8263 
17423 2698 6389 8269 
17424 5938 530 7819 
17425 729 5843 7607 
17426 6750 2438 7600 
17427 6952 545 10548 
17428 3786 8333 8383 
17429 712 6363 7354 
17430 2421 6116 8793 
17431 6778 3900 8557 
17432 6890 1312 7353 
17433 7202 2936 9145 
17434 1085 5466 10346 
17435 8862 3069 9040 
17436 1375 6042 10612 
17437 1202 7201 7202 
17438 6866 840 7227 
17439 482 483 8809 
17440 5598 2963 10415 
17441 7842 3775 9524 
17442 8116 3157 8328 
17443 6771 4354 8658 
17444 5286 3006 8547 
17445 5645 2035 9031 
17446 436 437 8766 
17447 4584 1773 8896 
17448 1437 6968 8899 
17449 6668 3296 9167 
17450 3340 7111 10383 
17451 787 6553 7944 
17452 415 5385 9751 
17453 5213 1295 9192 
17454 1111 8972 10381 
17455 3345 5911 9923 
17456 6332 2121 7952 
17457 3786 8383 9689 
17458 1830 5633 9284 
17459 2655 5886 8058 
17460 5423 1844 9519 
17461 1338 6399 10081 
17462 1796 7992 10489 
17463 5760 1151 8784 
17464 2996 9937 10503 
17465 6916 882 8863 
17466 6098 2240 8123 
17467 3274 4894 10338 
17468 1311 5721 8758 
17469 6088 3226 10008 
17470 6413 2967 9423 
17471 6138 3841 8489 
17472 547 6370 8875 
17473 168 167 8609 
17474 640 7557 8526 
17475 5695 436 8766 
17476 6013 1905 8818 
17477 5118 9707 9748 
17478 6515 2728 8332 
17479 5399 1545 9103 
17480 595 6271 6934 
17481 6268 567 8825 
17482 5219 2993 9567 
17483 3884 5519 9222 
17484 5569 2179 9833 
17485 3101 7172 7572 
17486 2128 5465 8444 
17487 5010 3439 9639 
17488 7808 1338 8613 
17489 3247 8025 8111 
17490 8202 945 9289 
17491 2411 8827 9638 
17492 5970 885 9762 
17493 5367 2702 9854 
17494 3865 6410 10694 
17495 2266 7479 8129 
17496 1883 6458 9216 
17497 6813 978 8965 
17498 5444 3338 8420 
17499 6865 2505 7440 
17500 5654 2043 9312 
17501 1216 5327 9252 
17502 6521 2766 6814 
17503 5968 2506 10189 
17504 5616 1894 9715 
17505 2880 5157 10551 
17506 4967 6206 10768 
17507 6098 1256 7874 
17508 6132 782 10385 
17509 2577 6511 7981 
17510 5511 2566 8549 
17511 9331 3124 9551 
17512 3227 7269 10335 
17513 7257 263 10033 
17514 5726 2630 9844 
17515 6476 3358 9509 
17516 2564 8529 8702 
17517 10153 3954 10544 
17518 2833 5112 10311 
17519 7768 745 10160 
17520 7791 2291 10103 
17521 6027 1772 10180 
17522 711 6516 9628 
17523 1675 5636 8502 
17524 5956 2250 9077 
17525 5785 2357 8680 
17526 5886 2599 9616 
17527 1342 6145 9129 
17528 2967 5140 9423 
17529 2992 7213 10403 
17530 6095 1343 9210 
17531 3813 10026 10340 
17532 5152 1813 9496 
17533 4758 1932 8378 
17534 1135 5957 10750 
17535 3631 6299 7917 
17536 6083 1934 9256 
17537 6971 872 9112 
17538 2614 6689 7548 
17539 3768 8190 10047 
17540 6395 2258 6855 
17541 8827 4227 9638 
17542 574 8373 8874 
17543 6225 2224 7627 
17544 2920 5243 9044 
17545 2090 6092 7953 
17546 7982 3288 10527 
17547 7332 2726 7442 
17548 3803 6141 9558 
17549 5825 2536 7496 
17550 5634 1103 9853 
17551 5668 2443 8740 
17552 5850 1116 8596 
17553 7154 2780 7630 
17554 6651 717 8205 
17555 5756 893 10249 
17556 2290 5913 8594 
17557 6882 3989 7312 
17558 4905 2254 10218 
17559 6386 2007 8263 
17560 1458 5984 7925 
17561 4844 1688 9875 
17562 1127 6279 10022 
17563 5765 995 9000 
17564 2948 6103 10577 
17565 3770 7092 10006 
17566 5791 2119 8871 
17567 1351 6669 10416 
17568 2269 5923 7794 
17569 1962 5749 9072 
17570 716 5870 7902 
17571 1688 4844 9598 
17572 3612 7509 8739 
17573 1481 9196 10626 
17574 2028 5662 8434 
17575 6103 4071 10577 
17576 1981 5223 9173 
17577 5381 2880 10551 
17578 5701 953 9174 
17579 1631 4310 10683 
17580 7866 2405 10030 
17581 5933 2564 8702 
17582 6547 4347 9217 
17583 840 7575 8507 
17584 2243 5364 8692 
17585 5781 1768 9991 
17586 6275 3805 9177 
17587 6022 2594 9392 
17588 3255 5875 10752 
17589 2845 5211 8976 
17590 5830 3242 10498 
17591 2280 7916 9945 
17592 5942 2889 9919 
17593 8110 3149 8871 
17594 3197 6576 9377 
17595 6678 2919 7342 
17596 57 56 8738 
17597 6433 3739 8929 
17598 5846 1938 10654 
17599 2857 6844 6984 
17600 5779 1098 10257 
17601 5189 1070 10369 
17602 7803 1359 9394 
17603 7203 962 9949 
17604 1152 5326 9732 
17605 5917 2890 6731 
17606 5952 2630 10484 
17607 5874 2949 10241 
17608 6026 2961 8722 
17609 258 7234 9981 
17610 7575 840 9282 
17611 2696 4730 8632 
17612 3531 7692 9996 
17613 347 346 8751 
17614 6203 2351 7679 
17615 6504 5423 9519 
17616 444 5421 10060 
17617 7295 972 8737 
17618 5650 791 10035 
17619 5940 2070 7867 
17620 3755 8468 10529 
17621 5956 1506 10557 
17622 7452 539 8664 
17623 6370 2962 8875 
17624 1051 5121 10781 
17625 6566 1173 7239 
17626 2499 6091 7751 
17627 3220 7820 10070 
17628 1366 8581 9852 
17629 4026 8883 9915 
17630 1255 5598 10415 
17631 2557 6562 9060 
17632 1686 7633 10389 
17633 3036 6027 10180 
17634 1284 5726 9844 
17635 5614 776 9909 
17636 6323 1046 8099 
17637 3098 7763 7979 
17638 6068 3007 8779 
17639 2772 8905 10042 
17640 3158 6534 8501 
17641 3242 5687 10498 
17642 9081 4016 9370 
17643 4869 2694 9024 
17644 2920 5381 10587 
17645 4964 1779 10042 
17646 8201 3289 10170 
17647 6756 3594 9252 
17648 2770 5616 9715 
17649 5631 1958 10680 
17650 1031 5153 10432 
17651 7042 1159 7442 
17652 1224 6421 7829 
17653 2706 7623 7934 
17654 3908 9187 10189 
17655 7758 2485 10604 
17656 3198 6371 8646 
17657 222 221 8760 
17658 220 219 8763 
17659 4502 9032 9951 
17660 7294 10 9864 
17661 1443 6992 7427 
17662 7006 1329 8521 
17663 2720 6686 10194 
17664 6404 1954 9514 
17665 2290 6380 9542 
17666 9548 5454 10267 
17667 7378 2722 7432 
17668 473 4 10360 
17669 4 474 10360 
17670 1426 5260 8789 
17671 6460 2307 8182 
17672 1555 6698 7623 
17673 7140 1082 8363 
17674 1035 6215 9578 
17675 7157 759 8976 
17676 2639 5756 10249 
17677 3699 8800 9850 
17678 781 6610 9051 
17679 6681 3539 8305 
17680 2289 6493 9410 
17681 2031 5619 9754 
17682 7259 3814 9657 
17683 762 6052 8102 
17684 6128 2562 10123 
17685 2679 7121 10045 
17686 1033 6165 9124 
17687 5333 2298 8566 
17688 6188 1088 7232 
17689 2544 8005 8431 
17690 5131 1302 9016 
17691 6162 183 8660 
17692 5187 1997 10174 
17693 3125 10731 10742 
17694 720 7685 10459 
17695 8504 1482 8952 
17696 923 7000 9840 
17697 1005 6920 8539 
17698 7011 2743 7012 
17699 5536 3045 10332 
17700 641 5127 10767 
17701 5976 3486 8155 
17702 8909 4414 10397 
17703 782 5353 10385 
17704 2956 6748 9576 
17705 2026 6134 9789 
17706 1309 6456 7835 
17707 7371 1344 8989 
17708 1523 7740 8836 
17709 7855 1213 8497 
17710 6869 1718 7331 
17711 5171 1031 10432 
17712 2945 5889 9908 
17713 5713 1382 10112 
17714 6302 1761 8352 
17715 8272 3527 10452 
17716 5051 1745 10406 
17717 1084 5732 10048 
17718 6174 3002 8065 
17719 5975 3069 7629 
17720 7694 199 10647 
17721 5778 2750 9458 
17722 2015 6679 10546 
17723 2515 6291 9087 
17724 1293 6641 10212 
17725 6108 3004 10177 
17726 2567 5721 9620 
17727 2062 6627 9104 
17728 9081 2825 10303 
17729 2030 5842 8852 
17730 9164 3896 9413 
17731 1272 6999 7555 
17732 2355 8684 10248 
17733 2663 6323 8099 
17734 6837 2340 7510 
17735 770 9455 9487 
17736 74 73 8880 
17737 6003 2126 9719 
17738 4054 5700 9873 
17739 763 7045 9246 
17740 183 182 8660 
17741 2839 5840 10407 
17742 3510 5743 10534 
17743 7938 801 10620 
17744 8808 1419 8907 
17745 5656 3014 9232 
17746 3 443 10425 
17747 442 3 10425 
17748 3669 6902 7871 
17749 2754 7442 7497 
17750 7105 2353 7670 
17751 5359 2394 7897 
17752 6511 1123 7981 
17753 2249 5743 9825 
17754 3171 5361 8372 
17755 1171 5764 9490 
17756 2051 6361 10272 
17757 495 496 9901 
17758 8749 5278 10724 
17759 4594 8575 9615 
17760 6597 2145 9038 
17761 2581 6572 8305 
17762 943 6405 8661 
17763 6602 2350 8240 
17764 8964 2951 9339 
17765 1062 6071 8672 
17766 917 5940 7886 
17767 2464 5905 9013 
17768 428 7113 8210 
17769 9032 1225 9951 
17770 5649 1336 9934 
17771 1242 7256 7996 
17772 7141 4503 10356 
17773 4271 5981 8532 
17774 1658 6267 10009 
17775 9660 4561 9768 
17776 1847 5593 9976 
17777 6487 1168 7688 
17778 2804 5683 8323 
17779 1460 5819 9661 
17780 8588 4403 10372 
17781 8456 1305 9697 
17782 807 5686 9941 
17783 2791 6258 8294 
17784 6301 2466 8985 
17785 200 7694 10192 
17786 7673 2426 8644 
17787 4785 6857 9432 
17788 5243 2920 10587 
17789 6411 2264 8908 
17790 10140 1187 10259 
17791 2605 6749 7473 
17792 3283 9805 10518 
17793 624 5955 10402 
17794 8917 3337 9824 
17795 5934 2657 8448 
17796 7965 2631 10781 
17797 2744 6602 8240 
17798 2861 6750 7600 
17799 3608 8690 9066 
17800 2134 6273 8795 
17801 3126 5853 10068 
17802 736 6867 7949 
17803 5204 2362 7961 
17804 3212 7967 9492 
17805 766 6274 8046 
17806 6990 1681 7134 
17807 6564 2207 10655 
17808 5977 1153 8639 
17809 3632 6685 8994 
17810 2439 6332 9445 
17811 7800 3080 8315 
17812 293 292 8984 
17813 6022 1152 9732 
17814 5823 2005 9167 
17815 6109 2523 7814 
17816 7974 5517 8584 
17817 356 355 8994 
17818 6252 2279 10105 
17819 358 357 8997 
17820 6685 3635 8997 
17821 7927 3268 10215 
17822 5815 939 9471 
17823 1193 6372 7831 
17824 6225 3407 9879 
17825 2799 6136 9001 
17826 8117 2295 10495 
17827 6800 1339 7711 
17828 7130 1097 10079 
17829 2811 7804 8127 
17830 7770 3465 9635 
17831 6364 2907 7635 
17832 3924 7103 8962 
17833 5401 820 10122 
17834 926 7625 7962 
17835 5971 1745 10684 
17836 1379 6223 9053 
17837 5882 2419 8215 
17838 9661 2940 10222 
17839 5780 1105 9623 
17840 6640 1834 9035 
17841 6527 2353 8638 
17842 7302 3353 8270 
17843 5876 962 8918 
17844 3104 5763 9550 
17845 986 7178 10292 
17846 5104 3230 9540 
17847 5593 2931 9976 
17848 2775 5320 8804 
17849 3941 7725 9611 
17850 509 510 9571 
17851 319 318 9017 
17852 5552 2411 9638 
17853 2173 8780 10602 
17854 1326 6259 7745 
17855 2072 5500 9599 
17856 7733 2280 9945 
17857 1795 5234 10580 
17858 9861 4555 10169 
17859 296 295 9030 
17860 5623 834 8368 
17861 5125 755 9354 
17862 6188 1773 10362 
17863 3274 7583 8883 
17864 7476 1477 9505 
17865 8437 4267 9583 
17866 3662 6853 9048 
17867 1770 5771 10593 
17868 2931 9623 9976 
17869 7503 3667 10507 
17870 700 5817 7592 
17871 6594 725 8510 
17872 6230 2737 10791 
17873 828 5716 10410 
17874 3610 6135 8812 
17875 5388 1877 10298 
17876 7490 3583 8953 
17877 1031 5171 8449 
17878 7379 3464 9772 
17879 2756 5888 9517 
17880 317 316 9048 
17881 7412 3782 7926 
17882 6028 1627 8862 
17883 5900 937 8359 
17884 1521 6107 9736 
17885 6695 1182 7830 
17886 2893 5267 10336 
17887 6795 2716 6807 
17888 718 6002 7739 
17889 6253 3848 10692 
17890 4762 9046 10617 
17891 8366 761 9612 
17892 6020 3208 9515 
17893 5710 2199 10473 
17894 2469 6076 7602 
17895 10589 3186 10780 
17896 5273 10589 10780 
17897 5955 3005 10402 
17898 6088 3228 10429 
17899 2852 6246 9478 
17900 6748 1278 9576 
17901 6641 1293 7998 
17902 1195 6842 8676 
17903 2550 6094 8434 
17904 1936 6129 8764 
17905 3141 7115 8277 
17906 1340 5778 9458 
17907 4902 9335 9911 
17908 1786 5063 10278 
17909 3230 5104 9626 
17910 855 6236 8141 
17911 5574 2941 8636 
17912 5551 789 9182 
17913 6283 5355 10771 
17914 4599 8440 10001 
17915 7198 3917 10669 
17916 5914 1907 9317 
17917 6364 2545 8292 
17918 2356 6794 7580 
17919 2324 6287 7650 
17920 6723 3978 10411 
17921 7612 3102 7642 
17922 7400 3541 9383 
17923 859 6050 10455 
17924 6481 2343 8034 
17925 5675 1048 8278 
17926 6482 4729 8713 
17927 3804 8504 8952 
17928 6831 3749 9332 
17929 656 6413 9423 
17930 5780 1995 9530 
17931 5185 1893 10107 
17932 6518 2822 7711 
17933 2575 6384 8011 
17934 1369 6352 10702 
17935 6131 1017 9409 
17936 99 98 9111 
17937 8937 3017 9862 
17938 3934 7195 10686 
17939 2402 7111 7836 
17940 6349 1615 8515 
17941 89 88 9114 
17942 163 162 9083 
17943 6591 2550 8229 
17944 5978 2726 7332 
17945 5094 821 10026 
17946 1727 5176 10286 
17947 6763 2072 9599 
17948 2388 6757 7493 
17949 3800 6796 9685 
17950 3468 5759 8227 
17951 2062 5942 9919 
17952 8146 2902 10035 
17953 623 5548 9749 
17954 7195 3309 7397 
17955 2326 7790 8899 
17956 6376 1630 10528 
17957 563 6342 8438 
17958 1835 5335 10439 
17959 1051 6011 8977 
17960 1141 7156 8812 
17961 6794 3656 7580 
17962 7865 2464 9369 
17963 490 491 10334 
17964 7159 1129 10519 
17965 3422 7495 10443 
17966 1076 5894 8599 
17967 161 160 9117 
17968 5344 1728 9685 
17969 3227 6763 9599 
17970 2990 5379 10039 
17971 5544 800 9265 
17972 3395 8613 9281 
17973 8082 471 10332 
17974 3009 6201 10569 
17975 8502 3143 10613 
17976 8023 1402 8811 
17977 5793 1302 10206 
17978 1117 6088 10429 
17979 1705 5125 9395 
17980 423 424 10264 
17981 3621 7496 8505 
17982 6192 4238 8106 
17983 1091 5569 10162 
17984 7652 2531 7808 
17985 6345 715 8571 
17986 3686 7099 7285 
17987 3022 7791 8170 
17988 6712 2614 8915 
17989 2922 7282 8642 
17990 6280 2540 8059 
17991 3328 6283 10771 
17992 1780 8051 9894 
17993 3831 6028 8862 
17994 1173 5777 8958 
17995 8132 3397 9886 
17996 623 6315 9015 
17997 1212 7030 9850 
17998 942 6255 8155 
17999 4963 6465 10375 
18000 5868 1072 8753 
18001 5973 700 9202 
18002 5876 2169 5999 
18003 8087 789 8948 
18004 2440 5657 7901 
18005 40 39 9207 
18006 2655 8058 8948 
18007 3333 7198 7457 
18008 7378 2602 7559 
18009 5280 2735 8524 
18010 1110 5874 10241 
18011 6844 2857 7022 
18012 6280 2682 7509 
18013 5166 3246 9659 
18014 1387 6106 9355 
18015 1448 5792 9259 
18016 6073 659 9663 
18017 944 5968 10189 
18018 1090 5432 10517 
18019 6626 3117 8582 
18020 1069 7525 10299 
18021 6188 2292 8896 
18022 6259 1945 8605 
18023 2677 5916 9883 
18024 6236 3496 8141 
18025 3761 8207 9615 
18026 6635 2622 6830 
18027 6586 2087 8065 
18028 5975 1398 9040 
18029 3195 4615 9897 
18030 6736 4198 8049 
18031 6643 2221 7178 
18032 4226 7102 10573 
18033 930 7742 9610 
18034 6795 2127 9449 
18035 6933 3410 8706 
18036 6424 2400 8329 
18037 2251 5663 9797 
18038 6689 783 7548 
18039 2707 7868 8338 
18040 1233 7250 9300 
18041 1513 6094 9345 
18042 3039 6228 10306 
18043 2829 6439 8980 
18044 7308 228 10491 
18045 8780 4171 10602 
18046 3363 7989 10559 
18047 5283 1684 10177 
18048 364 363 9274 
18049 566 6154 9177 
18050 7734 2403 8108 
18051 3919 6972 7420 
18052 5960 1501 9538 
18053 5856 540 8322 
18054 2463 5921 10777 
18055 3443 5336 9531 
18056 3255 5461 7575 
18057 9447 5057 10427 
18058 3019 6045 9828 
18059 2949 5874 8701 
18060 9895 1016 10433 
18061 3979 7090 9892 
18062 7534 3861 9700 
18063 1256 6681 8305 
18064 2918 6186 8764 
18065 6207 3395 9281 
18066 3943 8331 8652 
18067 2341 7065 7512 
18068 5796 3582 10658 
18069 5537 3021 9218 
18070 555 5933 8702 
18071 1506 5956 9077 
18072 6145 2887 9129 
18073 6514 709 8612 
18074 6990 3550 10061 
18075 6355 691 9309 
18076 1211 5596 8711 
18077 8000 742 9711 
18078 5574 1497 10377 
18079 3370 6606 8474 
18080 6102 2764 9089 
18081 10278 5188 10488 
18082 1105 5751 8854 
18083 9128 1780 9894 
18084 3193 10155 10538 
18085 6209 3028 10450 
18086 3745 6864 9117 
18087 8975 830 10524 
18088 4631 5934 8448 
18089 5986 3623 9289 
18090 3711 988 9927 
18091 218 7360 10376 
18092 4437 8249 10144 
18093 2276 5671 8567 
18094 4227 8827 10666 
18095 3079 7044 7647 
18096 6479 2677 7517 
18097 1929 6170 10716 
18098 5864 1198 8176 
18099 5408 1795 10580 
18100 6484 2003 8803 
18101 1685 5150 10721 
18102 6265 2983 9885 
18103 666 5863 9590 
18104 3175 5608 10346 
18105 749 6449 9822 
18106 6110 2397 7896 
18107 2244 5763 8228 
18108 3159 7606 9974 
18109 1621 8909 10397 
18110 6315 2945 9015 
18111 6180 1209 10525 
18112 1645 8161 10624 
18113 818 6938 10560 
18114 5806 2882 10775 
18115 3623 8202 9289 
18116 738 5882 8215 
18117 7791 1110 8170 
18118 2087 6174 8065 
18119 6902 2054 7871 
18120 6744 1071 9695 
18121 7885 1069 10299 
18122 2806 5788 9831 
18123 6724 3959 9912 
18124 5551 1881 8616 
18125 5888 1307 9517 
18126 3701 7130 10079 
18127 5653 3597 9632 
18128 79 78 9327 
18129 5673 1624 9836 
18130 2624 6304 8522 
18131 4904 9331 9551 
18132 6550 589 9905 
18133 5461 3255 8378 
18134 9109 3694 9998 
18135 1968 5949 9057 
18136 5534 1509 10310 
18137 6553 2784 7944 
18138 2874 8060 9579 
18139 1166 5907 8309 
18140 6202 4740 10786 
18141 5410 2424 9126 
18142 6171 2936 10627 
18143 6853 3697 9017 
18144 1145 6330 7862 
18145 2574 8682 9697 
18146 6119 1162 8491 
18147 7432 2722 7488 
18148 5788 1717 9831 
18149 5175 2913 9520 
18150 3149 5781 9991 
18151 5251 2913 10353 
18152 377 376 9362 
18153 5536 472 10225 
18154 7045 4342 9246 
18155 6071 2770 8672 
18156 408 407 9347 
18157 6556 2296 7960 
18158 3232 5160 10140 
18159 6890 2687 7080 
18160 6673 2032 9384 
18161 6606 611 8474 
18162 324 323 9402 
18163 3420 6153 9431 
18164 410 409 9353 
18165 5700 3971 9873 
18166 539 7432 10135 
18167 5888 2220 10223 
18168 593 5931 10067 
18169 2022 5868 10233 
18170 5603 1221 10470 
18171 7736 3403 9790 
18172 5964 3085 9564 
18173 856 5887 9575 
18174 2312 5892 10268 
18175 5936 912 9226 
18176 8088 2646 9173 
18177 2493 6665 7473 
18178 2851 9368 10493 
18179 6272 1222 7678 
18180 5857 1295 10183 
18181 6719 1 9250 
18182 2505 5859 8975 
18183 1586 8019 10516 
18184 7976 2895 8271 
18185 6089 2611 9483 
18186 5620 1019 8554 
18187 5160 3232 9895 
18188 2687 6890 7353 
18189 5712 1308 8423 
18190 8684 4472 10248 
18191 7485 4561 9660 
18192 532 533 10630 
18193 5623 8368 9262 
18194 6156 2375 8765 
18195 5909 2639 10762 
18196 6051 2099 9342 
18197 6050 2382 10455 
18198 6094 2028 8434 
18199 3091 5726 10474 
18200 2684 5936 9226 
18201 974 7316 9800 
18202 2517 5575 8365 
18203 2575 5881 9522 
18204 6560 2522 9790 
18205 599 6386 8351 
18206 5819 2940 9661 
18207 2425 6429 8267 
18208 2642 8029 8423 
18209 3032 6145 8534 
18210 5538 3952 8690 
18211 533 2 10677 
18212 2 414 10677 
18213 6490 1489 8140 
18214 3148 6673 9384 
18215 704 6445 9845 
18216 3587 7353 9189 
18217 6474 2463 10777 
18218 2364 6618 8194 
18219 3814 7259 10729 
18220 2737 8762 9009 
18221 1684 6108 10177 
18222 1208 5838 10706 
18223 770 5696 10486 
18224 1498 5878 9301 
18225 6778 2853 8766 
18226 3599 9455 9878 
18227 7300 2212 7610 
18228 6149 3388 9416 
18229 1863 6420 10240 
18230 8344 1170 8356 
18231 5783 3086 9388 
18232 5824 1201 10387 
18233 5259 1672 10450 
18234 700 5973 10542 
18235 3145 8039 8555 
18236 6449 2905 9822 
18237 2381 9476 10707 
18238 8250 1547 10088 
18239 1018 5628 9906 
18240 5782 5213 9192 
18241 7423 1226 8935 
18242 7139 1368 8917 
18243 2510 6629 8006 
18244 6223 2905 9053 
18245 3137 5971 10684 
18246 2650 7540 7541 
18247 2794 9062 10053 
18248 6653 4139 8260 
18249 7297 1249 7655 
18250 2079 7842 10522 
18251 2403 6099 8108 
18252 2581 5985 8830 
18253 7656 4058 9876 
18254 6974 1318 7638 
18255 1275 6693 8892 
18256 1070 5189 10102 
18257 6684 1590 7860 
18258 2856 6104 8481 
18259 6675 2311 7771 
18260 5057 1246 10427 
18261 8101 4248 9964 
18262 5957 2657 10750 
18263 7370 2775 8469 
18264 5709 1493 9636 
18265 7806 1524 8447 
18266 6045 3019 9298 
18267 6793 988 9521 
18268 2394 7297 7655 
18269 5959 2904 8752 
18270 2963 5570 10415 
18271 2572 6414 9175 
18272 7667 2556 8304 
18273 618 6333 8117 
18274 5827 2974 10372 
18275 5807 848 9533 
18276 7053 3930 9857 
18277 5586 1238 9212 
18278 582 8553 9889 
18279 182 6426 8660 
18280 542 6653 8260 
18281 6615 1356 8597 
18282 302 301 9558 
18283 227 7701 10491 
18284 6186 3402 9199 
18285 2402 6563 8511 
18286 5811 2955 10674 
18287 1418 9632 10163 
18288 3423 5325 10262 
18289 5746 1930 10433 
18290 5221 2839 10407 
18291 1169 6495 10477 
18292 2603 6172 9196 
18293 3184 5241 10603 
18294 7162 2255 10405 
18295 5257 10630 10677 
18296 5835 5131 9016 
18297 1164 5972 9887 
18298 3146 6005 9263 
18299 6576 2191 9377 
18300 7270 4844 9875 
18301 6421 1224 8281 
18302 7136 2697 7871 
18303 6289 1194 8913 
18304 6695 2736 7870 
18305 6583 3449 9617 
18306 3704 7797 8519 
18307 2736 6695 7830 
18308 3136 8361 9273 
18309 2805 6770 9333 
18310 6976 1161 7415 
18311 1343 6095 8982 
18312 7362 2481 9318 
18313 7944 2784 8115 
18314 1691 5312 10306 
18315 6031 3321 9811 
18316 630 5611 9544 
18317 5943 3261 10210 
18318 7365 932 10420 
18319 833 5557 9794 
18320 754 5433 9896 
18321 6513 2638 8691 
18322 2903 7449 7848 
18323 1414 7284 9848 
18324 10630 533 10677 
18325 7742 3766 9610 
18326 327 326 9650 
18327 2591 7148 8919 
18328 2464 5802 8669 
18329 3408 7948 10436 
18330 1437 8899 10375 
18331 8530 3660 9699 
18332 6847 1170 8344 
18333 1404 5980 9722 
18334 2810 5797 10144 
18335 5464 990 10173 
18336 1161 6976 10623 
18337 502 7290 8898 
18338 7720 224 10106 
18339 6959 4157 10440 
18340 2652 6969 7676 
18341 1563 9861 10169 
18342 5967 1814 9943 
18343 2577 8412 9121 
18344 6276 2992 10403 
18345 1269 6137 10270 
18346 7583 1273 8883 
18347 2236 6882 7312 
18348 1079 5524 8718 
18349 1564 6831 9332 
18350 6640 967 7671 
18351 835 5916 8650 
18352 9455 3599 9487 
18353 2601 6259 8605 
18354 1605 6128 10123 
18355 3902 7850 8850 
18356 6257 2302 9095 
18357 8412 5370 9121 
18358 1690 5316 10347 
18359 2240 6277 8625 
18360 7257 3386 7553 
18361 4609 3026 10726 
18362 7540 760 7543 
18363 7494 3893 9555 
18364 5840 1144 10407 
18365 112 111 9664 
18366 3442 5244 8394 
18367 3196 5770 9277 
18368 3136 9029 10277 
18369 2547 6335 7809 
18370 2839 9039 9234 
18371 2815 8467 8998 
18372 2371 6512 8047 
18373 2890 8620 9666 
18374 6456 2715 7835 
18375 2827 6578 9264 
18376 5916 2677 9920 
18377 783 6290 8228 
18378 1112 6556 7960 
18379 5454 1647 10774 
18380 6864 3769 9083 
18381 7060 3741 7733 
18382 560 7654 9341 
18383 8052 4171 9442 
18384 7559 1319 7941 
18385 7261 621 7262 
18386 1017 6131 9424 
18387 1739 6067 10357 
18388 9393 2586 9631 
18389 8613 1338 10081 
18390 5709 3024 8777 
18391 2446 8771 10395 
18392 5436 1259 10621 
18393 7175 567 7889 
18394 6029 1567 10110 
18395 1534 8725 10588 
18396 1178 6063 8843 
18397 2330 6625 7741 
18398 7423 2838 7937 
18399 3760 7261 7262 
18400 8381 3283 10518 
18401 2573 5848 8939 
18402 6153 3420 10224 
18403 8663 3151 9916 
18404 1909 5315 10158 
18405 1406 7573 8867 
18406 2004 5823 9969 
18407 7313 1330 8454 
18408 8283 2744 8683 
18409 5112 1769 10311 
18410 3984 6958 10744 
18411 8293 3456 10103 
18412 3754 7313 8454 
18413 6065 1854 9745 
18414 6638 2757 9678 
18415 535 8937 10159 
18416 2566 5511 10765 
18417 5546 2492 10760 
18418 6348 1688 8413 
18419 2994 6192 10379 
18420 1192 6226 10464 
18421 3046 9164 9413 
18422 3042 6316 8833 
18423 6548 2572 9404 
18424 6473 1025 10785 
18425 791 5650 9606 
18426 2270 6241 9468 
18427 5519 9351 10500 
18428 387 386 9812 
18429 2483 7638 7936 
18430 8139 3460 8191 
18431 1429 8669 9654 
18432 4172 6959 10428 
18433 3376 8342 8349 
18434 6622 4026 10548 
18435 4391 7938 10620 
18436 5335 1835 10662 
18437 1120 9541 10268 
18438 2248 8753 10393 
18439 1435 8956 9039 
18440 6897 2634 8297 
18441 2638 6060 8691 
18442 5370 1998 9121 
18443 3653 5641 9529 
18444 2075 6071 8531 
18445 1008 6785 10610 
18446 4996 2480 10166 
18447 5892 1120 10268 
18448 2645 7344 10743 
18449 5522 8261 9336 
18450 7323 3361 8396 
18451 7520 2708 7585 
18452 119 118 9813 
18453 6261 2546 8121 
18454 2264 7191 9401 
18455 6520 625 8131 
18456 4892 5786 9999 
18457 3846 7286 9327 
18458 3664 7852 8837 
18459 1600 6435 8900 
18460 2255 7752 10405 
18461 6731 2890 9666 
18462 5570 1255 10415 
18463 668 6205 9169 
18464 6665 2605 7473 
18465 6263 2458 8322 
18466 8212 3545 8348 
18467 6741 3058 8451 
18468 3830 7107 10205 
18469 185 184 9810 
18470 7030 2417 9850 
18471 6304 1064 8522 
18472 5102 8776 10655 
18473 3836 7867 10481 
18474 2734 5940 7867 
18475 401 6515 8332 
18476 2013 5413 10452 
18477 2558 6470 9968 
18478 7216 2044 8307 
18479 6876 1639 8271 
18480 7051 2014 8853 
18481 6295 2298 10608 
18482 5721 1311 9620 
18483 3562 8709 10325 
18484 975 5314 9622 
18485 2774 7432 7488 
18486 2662 6976 7415 
18487 2139 6582 9127 
18488 2877 7345 8919 
18489 2185 6771 8658 
18490 2895 6876 8271 
18491 3690 6888 9917 
18492 3192 5438 9633 
18493 1152 6022 9392 
18494 3292 6431 9420 
18495 6757 1248 7493 
18496 2965 5960 9538 
18497 6279 8747 10022 
18498 5066 10357 10657 
18499 2310 6927 10629 
18500 2209 6222 8056 
18501 1218 5886 9616 
18502 2625 7296 7359 
18503 3277 5782 9192 
18504 2397 6110 8326 
18505 6109 3315 10521 
18506 3354 6180 10525 
18507 6259 2601 7745 
18508 5924 1895 9376 
18509 1257 6150 8666 
18510 700 7592 7993 
18511 2551 7025 9595 
18512 800 7304 10109 
18513 10 9 9864 
18514 6104 1166 8309 
18515 1154 6660 7971 
18516 2769 6661 7498 
18517 8424 1490 9293 
18518 3736 6836 9717 
18519 3177 8015 8427 
18520 3165 5836 9979 
18521 3197 6597 9038 
18522 8868 2679 10045 
18523 3094 5852 9506 
18524 3756 6550 9905 
18525 3400 8885 9151 
18526 5940 2734 7886 
18527 340 339 10073 
18528 5621 4353 8961 
18529 7099 2391 7285 
18530 282 281 9978 
18531 8006 574 8874 
18532 1945 6259 9856 
18533 2783 7615 8214 
18534 4954 8022 8840 
18535 2273 6231 9653 
18536 9265 800 10109 
18537 3027 5569 9833 
18538 6459 3027 9798 
18539 3353 6486 8201 
18540 911 6919 10632 
18541 3864 7306 9362 
18542 4576 7358 7945 
18543 5466 3175 10346 
18544 7456 2310 10629 
18545 4937 6828 10304 
18546 2953 7794 9871 
18547 6228 1691 10306 
18548 2771 5660 9477 
18549 1162 6776 8491 
18550 2535 6456 9944 
18551 5309 3119 9374 
18552 6025 3538 8036 
18553 7705 2149 10461 
18554 5537 649 10269 
18555 3837 7904 8769 
18556 7374 1472 9805 
18557 2823 6866 7227 
18558 3228 5987 9801 
18559 1278 6591 8229 
18560 2896 5561 10069 
18561 6485 1157 8945 
18562 4825 5964 9564 
18563 7392 1740 9493 
18564 9193 1549 10685 
18565 5187 704 9845 
18566 672 6247 8941 
18567 8560 1320 9021 
18568 568 6251 10252 
18569 5771 1770 9433 
18570 2814 6869 7331 
18571 6279 1860 8747 
18572 259 258 9981 
18573 2951 8098 9339 
18574 1086 6538 10388 
18575 7055 2510 10423 
18576 7660 1528 9136 
18577 6534 3158 9071 
18578 7596 5476 9229 
18579 6572 1256 8305 
18580 8200 2783 8214 
18581 2643 6632 8539 
18582 4788 10140 10259 
18583 6919 3640 10632 
18584 6169 881 10190 
18585 3854 7087 9347 
18586 404 403 10146 
18587 1115 7582 9084 
18588 6464 1424 9673 
18589 8825 567 10514 
18590 68 67 10172 
18591 1371 7379 9772 
18592 1070 5523 10369 
18593 6056 2816 9598 
18594 5216 1266 10779 
18595 263 262 10033 
18596 6883 4104 10730 
18597 7462 781 9051 
18598 2216 6002 10787 
18599 1636 6171 10627 
18600 1738 9285 10597 
18601 5399 3407 10321 
18602 6107 2414 9736 
18603 2048 6136 10467 
18604 636 6040 10131 
18605 2870 7963 7977 
18606 5973 3181 10542 
18607 5848 2771 9223 
18608 780 10411 10696 
18609 6361 3523 10272 
18610 6443 2939 9972 
18611 9169 2827 9935 
18612 2169 5876 7322 
18613 6669 3693 10416 
18614 7087 3870 9353 
18615 2894 7416 10766 
18616 6134 3238 9789 
18617 6226 3240 10464 
18618 1461 8279 9472 
18619 1093 7222 9821 
18620 3522 6335 9302 
18621 144 143 10237 
18622 6325 1447 8856 
18623 6412 3035 8135 
18624 7385 2491 8251 
18625 4909 6254 8870 
18626 3337 7410 9266 
18627 782 6132 10563 
18628 1319 7559 8914 
18629 8333 2637 8383 
18630 1226 7423 7937 
18631 8328 3157 8786 
18632 6845 2938 8747 
18633 1210 6058 9962 
18634 3423 6615 8597 
18635 1176 5909 10762 
18636 6097 1637 9154 
18637 4286 6348 8413 
18638 772 5952 10484 
18639 5455 1799 9926 
18640 3199 6482 8713 
18641 5307 7504 10302 
18642 6131 2690 9424 
18643 2634 6978 8297 
18644 2705 6022 9732 
18645 666 9590 9784 
18646 3185 6090 9596 
18647 1672 6209 10450 
18648 4735 8975 10524 
18649 6903 2459 8176 
18650 1773 6188 8896 
18651 2540 6280 10449 
18652 5905 2375 8347 
18653 1307 6239 9333 
18654 2849 7074 10062 
18655 7226 3132 8188 
18656 2042 6772 8288 
18657 6676 2631 9834 
18658 5875 3255 9282 
18659 7103 2462 8962 
18660 866 6981 9994 
18661 1160 8647 9367 
18662 6478 1038 8888 
18663 7268 1463 8588 
18664 2527 6125 8619 
18665 8439 3450 10002 
18666 6362 1113 9360 
18667 1037 6863 10793 
18668 7445 749 8311 
18669 2911 7216 8307 
18670 45 44 10428 
18671 4728 6415 9104 
18672 47 46 10440 
18673 400 399 10447 
18674 3206 9994 10639 
18675 6611 2139 9127 
18676 742 6160 9711 
18677 31 30 10419 
18678 287 286 10364 
18679 1512 6941 8622 
18680 2822 6800 7711 
18681 6294 2445 9676 
18682 7763 591 7979 
18683 2630 5726 10484 
18684 6311 1829 9796 
18685 6168 2464 8669 
18686 2539 9026 10093 
18687 2029 5518 10544 
18688 704 5589 9629 
18689 1842 5338 10326 
18690 7996 2333 9166 
18691 1602 6236 10466 
18692 5714 1569 10780 
18693 9308 2967 10025 
18694 6162 2379 8405 
18695 6215 3217 9578 
18696 1327 8158 9635 
18697 8956 3931 9039 
18698 5796 2335 9162 
18699 7540 2650 8313 
18700 3032 6351 10606 
18701 6632 2643 9819 
18702 2870 7977 8171 
18703 7565 3460 8573 
18704 207 206 9756 
18705 6004 1749 10281 
18706 3496 8644 8792 
18707 8558 3401 8811 
18708 6421 2841 7829 
18709 2825 9081 9370 
18710 9915 2806 10548 
18711 3465 8486 9635 
18712 8091 1481 10626 
18713 5437 1678 9885 
18714 8035 4632 10063 
18715 6972 605 7420 
18716 6325 2832 10208 
18717 9855 765 9947 
18718 6878 3675 8158 
18719 7187 1726 10271 
18720 2510 8006 8038 
18721 305 304 10678 
18722 6428 2683 9097 
18723 2099 6051 10482 
18724 2705 8580 9329 
18725 6285 2803 8991 
18726 2717 7328 7946 
18727 6058 2914 9962 
18728 7426 3733 9452 
18729 6702 1868 8037 
18730 6516 3304 9628 
18731 5753 2412 9096 
18732 6590 2592 9572 
18733 437 6778 8766 
18734 2941 5574 10377 
18735 3303 7501 8719 
18736 2373 6600 10087 
18737 654 6431 10547 
18738 299 298 10690 
18739 5638 2960 10462 
18740 996 7863 8966 
18741 2777 7175 8066 
18742 2808 8367 8597 
18743 2776 9072 9874 
18744 1482 7368 8952 
18745 2809 7848 7893 
18746 2634 6897 9300 
18747 1721 8608 9147 
18748 3059 7734 7944 
18749 2008 6089 9483 
18750 5610 1847 9976 
18751 7826 3504 10608 
18752 3447 8522 8552 
18753 4494 9223 9477 
18754 5599 2971 10494 
18755 8827 1838 10666 
18756 5674 2051 10272 
18757 7725 3941 10213 
18758 7695 4504 8851 
18759 6501 4657 10665 
18760 1997 5355 10174 
18761 141 140 10720 
18762 5916 835 9883 
18763 5732 3194 10048 
18764 2617 6958 9624 
18765 2846 6386 8263 
18766 3226 6088 9337 
18767 454 7384 8476 
18768 7156 2319 8812 
18769 5379 2990 10228 
18770 2773 8116 8328 
18771 201 200 10192 
18772 3364 5956 10557 
18773 2287 6282 8466 
18774 1768 5781 10156 
18775 150 149 10686 
18776 1800 5822 10335 
18777 6408 1006 8950 
18778 156 155 10669 
18779 5554 2972 9930 
18780 4132 6786 8001 
18781 8644 1220 8792 
18782 7461 3233 7677 
18783 6070 4125 9553 
18784 2980 6093 8653 
18785 3983 7257 10033 
18786 6999 2304 9310 
18787 5400 3393 10642 
18788 5658 3337 9266 
18789 2238 6271 10230 
18790 6958 2617 10293 
18791 7635 2907 9045 
18792 5706 3016 8631 
18793 3133 6095 9210 
18794 2642 7097 10341 
18795 6310 2125 9988 
18796 9074 3089 9714 
18797 4859 6789 10672 
18798 3401 7660 9136 
18799 5448 1729 10307 
18800 2121 6332 9326 
18801 5931 2956 10067 
18802 6687 828 10410 
18803 7443 3300 8707 
18804 2127 7100 9449 
18805 1567 6208 10566 
18806 9572 2592 10163 
18807 1840 5342 10303 
18808 3353 8201 10170 
18809 5241 9011 10603 
18810 6068 1036 8369 
18811 7234 4137 9981 
18812 8367 3423 8597 
18813 1278 8229 9576 
18814 1455 6443 9972 
18815 199 198 10647 
18816 8395 3533 9323 
18817 7159 2731 7544 
18818 6867 2662 7949 
18819 5578 887 8012 
18820 7214 773 10235 
18821 4411 8000 9711 
18822 5222 3796 10409 
18823 1214 7400 9383 
18824 6405 943 8973 
18825 1139 6108 8485 
18826 3048 6898 10300 
18827 7526 4363 10793 
18828 224 223 10106 
18829 1199 7060 7733 
18830 2158 6345 10394 
18831 8373 3654 8874 
18832 7879 1320 8560 
18833 2328 5920 9165 
18834 5598 3132 10713 
18835 834 7482 9076 
18836 7862 3800 9518 
18837 6369 3548 8711 
18838 10236 3247 10789 
18839 6557 1529 9559 
18840 3262 5835 9016 
18841 3297 7140 8363 
18842 1818 5371 10614 
18843 6205 2827 9169 
18844 2296 6938 8165 
18845 3958 9169 9935 
18846 848 5924 9533 
18847 1795 5408 10539 
18848 5622 1900 9995 
18849 8002 3843 8776 
18850 794 5636 9267 
18851 2866 6460 8182 
18852 7638 3738 7936 
18853 602 6285 8991 
18854 6094 2550 9345 
18855 6024 1508 10207 
18856 6328 2576 8674 
18857 2532 6353 10505 
18858 6632 1005 8539 
18859 3095 6355 9309 
18860 697 7506 10064 
18861 6106 2889 9355 
18862 1618 7947 8048 
18863 6745 2831 9625 
18864 8257 4524 10087 
18865 2712 6051 9342 
18866 1844 6650 8219 
18867 2117 7078 8576 
18868 6247 2832 8941 
18869 6233 2301 8270 
18870 6241 1544 9468 
18871 2797 6746 9702 
18872 9890 3160 10245 
18873 912 5936 10325 
18874 6227 1835 10439 
18875 7418 3247 10236 
18876 10377 1497 10498 
18877 2825 6199 10303 
18878 6171 1636 9241 
18879 5984 1458 9586 
18880 2722 7559 7941 
18881 5561 1867 10069 
18882 6291 1741 9087 
18883 8883 1273 9915 
18884 5804 888 10520 
18885 6403 1215 7939 
18886 615 6769 9275 
18887 5985 1478 8830 
18888 6439 1104 8980 
18889 2449 7412 7926 
18890 2373 7044 10628 
18891 951 6102 9089 
18892 2807 7159 7544 
18893 2534 7424 7811 
18894 7057 2492 10333 
18895 7966 4358 9958 
18896 6705 2299 8384 
18897 3166 8105 9209 
18898 1241 7154 7630 
18899 5921 1034 10777 
18900 8114 4080 8657 
18901 5824 2864 8945 
18902 3927 9750 9893 
18903 995 5471 10075 
18904 1045 5352 10083 
18905 360 6504 8671 
18906 846 6796 8834 
18907 1603 6276 10403 
18908 6662 758 10149 
18909 2381 5880 9476 
18910 6672 1184 8277 
18911 1147 6524 10243 
18912 8708 3868 9695 
18913 3665 5950 9031 
18914 3378 5846 10654 
18915 7001 1101 8337 
18916 8664 539 10135 
18917 228 227 10491 
18918 6874 2076 10711 
18919 2260 6759 10382 
18920 3021 5537 10269 
18921 2196 6520 9752 
18922 7308 4589 10615 
18923 6684 2899 9566 
18924 6267 3352 10009 
18925 3670 7486 8815 
18926 4549 6443 8863 
18927 2520 6731 9666 
18928 2719 7800 8315 
18929 6716 2491 8540 
18930 3252 6594 8510 
18931 7504 1494 10302 
18932 5015 1821 10755 
18933 9272 1135 10750 
18934 3485 6916 8863 
18935 2632 6520 8131 
18936 5996 1063 10043 
18937 3594 7187 10271 
18938 5499 2773 10361 
18939 6629 574 8006 
18940 9541 4612 10268 
18941 8857 3719 9602 
18942 7028 648 9054 
18943 7251 3057 9778 
18944 2522 7736 9790 
18945 3165 5603 10470 
18946 3089 6073 9663 
18947 1501 5960 10487 
18948 5635 7287 10031 
18949 657 6459 9798 
18950 1157 6485 9176 
18951 7913 3777 8029 
18952 4087 8064 9231 
18953 6743 1004 10296 
18954 5422 2988 9350 
18955 8226 1386 9724 
18956 1627 8574 8862 
18957 7263 647 9877 
18958 2307 6825 8182 
18959 7078 1362 8925 
18960 5671 2448 9543 
18961 7304 4254 10109 
18962 558 6975 9135 
18963 6342 2484 8375 
18964 1548 6081 10050 
18965 1125 7105 7670 
18966 6020 661 10661 
18967 6238 2495 9755 
18968 570 7167 9454 
18969 6679 3910 8256 
18970 7573 3332 8867 
18971 4889 6464 8307 
18972 2324 6918 9084 
18973 6489 2768 10755 
18974 7632 3673 8974 
18975 7594 1241 7630 
18976 6284 1288 10005 
18977 2709 7520 7585 
18978 6158 1026 9841 
18979 3121 6940 10125 
18980 6243 2785 9085 
18981 219 218 10376 
18982 3264 10718 10722 
18983 2367 7026 8019 
18984 6280 1350 10449 
18985 2541 3955 10116 
18986 2367 6082 10261 
18987 725 6594 7893 
18988 4129 7294 9864 
18989 5651 7317 10101 
18990 6414 2049 9175 
18991 6862 1418 10163 
18992 6770 1307 9333 
18993 6090 1181 8512 
18994 2804 6781 8904 
18995 2961 8327 8722 
18996 6627 3379 9104 
18997 8719 798 8814 
18998 1305 6984 9697 
18999 770 6292 9455 
19000 3824 6467 8579 
19001 6058 2475 8379 
19002 8393 3406 9156 
19003 2411 6040 8827 
19004 6578 1217 9264 
19005 7293 5647 10084 
19006 7410 2130 9266 
19007 2737 6230 10052 
19008 8763 219 10376 
19009 6006 2744 8283 
19010 934 6283 8996 
19011 8496 822 9897 
19012 7418 1381 10199 
19013 8690 1614 9066 
19014 2170 5290 8924 
19015 5829 730 10166 
19016 5810 1092 7463 
19017 7849 2698 8269 
19018 2087 6587 9132 
19019 2801 6408 8950 
19020 7992 4520 10489 
19021 2611 6908 9483 
19022 6267 1658 10511 
19023 7328 2820 7946 
19024 10353 816 10371 
19025 8380 2942 8561 
19026 6117 2248 10393 
19027 9239 2190 10287 
19028 8174 2329 8400 
19029 6231 2273 9808 
19030 8457 1391 10719 
19031 2681 7770 9635 
19032 1500 7545 10512 
19033 2893 7918 9670 
19034 1936 6186 9199 
19035 4199 6955 8062 
19036 6779 2699 8750 
19037 1931 5638 10462 
19038 2914 7175 7889 
19039 9271 3510 10038 
19040 2455 6810 9386 
19041 7182 977 9287 
19042 2967 6313 10025 
19043 3076 7662 7735 
19044 1118 6233 8270 
19045 6489 1189 7676 
19046 6330 2791 8294 
19047 6081 1548 10055 
19048 7745 3852 10391 
19049 2589 7190 9518 
19050 7630 2780 8163 
19051 7192 222 8760 
19052 6354 2981 10427 
19053 5916 1952 8878 
19054 8923 2999 9359 
19055 6242 815 9109 
19056 3184 6505 9139 
19057 864 7229 9531 
19058 7578 4134 8697 
19059 6306 2987 10221 
19060 3428 6510 9945 
19061 860 6467 9452 
19062 6479 966 8648 
19063 5138 7775 9977 
19064 1228 5806 10775 
19065 3234 7625 8933 
19066 6254 3356 8870 
19067 7175 2777 10514 
19068 3816 7162 10405 
19069 6475 2999 9250 
19070 5355 1997 10771 
19071 7011 2558 10649 
19072 6787 2881 9201 
19073 6165 3048 9124 
19074 2587 7053 9857 
19075 581 5841 8705 
19076 679 7373 9125 
19077 5735 2057 10538 
19078 8058 3441 8948 
19079 695 9374 10761 
19080 3430 8937 9862 
19081 7111 1136 7836 
19082 4256 6530 10631 
19083 3850 7835 8817 
19084 6430 2376 7895 
19085 2641 6478 8888 
19086 2832 6325 8856 
19087 994 7021 10431 
19088 2897 6355 8495 
19089 7424 3680 7811 
19090 5631 1012 9791 
19091 1867 6920 10069 
19092 6228 1143 8206 
19093 4335 6946 10192 
19094 9862 1316 10221 
19095 7908 2894 10766 
19096 1833 5530 10567 
19097 6802 1189 8775 
19098 8310 2430 8981 
19099 8780 2173 10579 
19100 1920 5599 10494 
19101 7822 4176 8199 
19102 3117 6626 9698 
19103 5686 3140 9941 
19104 3354 7711 10059 
19105 2064 6568 10789 
19106 1447 6325 9211 
19107 1337 8623 9619 
19108 5950 2105 10609 
19109 6680 2569 7211 
19110 2677 6479 8648 
19111 196 6547 8927 
19112 1116 6611 8596 
19113 7175 2914 8066 
19114 979 7123 10282 
19115 1479 7485 9660 
19116 6565 1029 8897 
19117 7774 3726 9997 
19118 687 6074 10204 
19119 10357 3071 10657 
19120 1233 6897 8380 
19121 2426 6645 8644 
19122 6932 2344 8223 
19123 7625 3234 7962 
19124 4014 8791 9724 
19125 6374 1836 9366 
19126 2334 6816 9079 
19127 6331 2723 9613 
19128 3186 5714 10780 
19129 5851 2462 9878 
19130 2309 6609 8971 
19131 553 6303 9426 
19132 3126 7774 9997 
19133 2722 7378 7559 
19134 4268 8411 9841 
19135 6645 2242 8416 
19136 2875 7730 8316 
19137 6313 1277 10025 
19138 6150 2879 8666 
19139 6859 555 9720 
19140 1079 8718 10558 
19141 2429 7006 8521 
19142 3793 6015 10034 
19143 7074 2345 10062 
19144 3253 7659 7874 
19145 2943 7718 8714 
19146 5909 1176 10040 
19147 2151 6661 10150 
19148 6208 3152 10566 
19149 9223 2771 9477 
19150 6093 690 10222 
19151 6735 1855 8364 
19152 7594 2891 8409 
19153 2305 6475 7505 
19154 1158 6182 8275 
19155 4402 7388 9825 
19156 7613 3361 10211 
19157 6812 3131 8484 
19158 6358 674 9318 
19159 3305 6999 9310 
19160 2899 6684 7860 
19161 6103 2948 9947 
19162 1661 6347 10637 
19163 3496 7673 8644 
19164 6132 2859 10563 
19165 1537 6294 9676 
19166 6002 3110 10787 
19167 7307 1081 10285 
19168 3294 6146 9557 
19169 7340 5622 9995 
19170 3832 8430 10161 
19171 6547 2884 8927 
19172 7521 3621 8433 
19173 7072 3250 8148 
19174 5508 2858 9931 
19175 4798 9855 9947 
19176 6342 2917 8438 
19177 6873 2791 9721 
19178 3181 7051 8853 
19179 6307 2453 8836 
19180 5607 7310 10125 
19181 6293 2769 9849 
19182 5786 1999 9999 
19183 4531 8032 9253 
19184 1081 5673 9086 
19185 7441 2041 9453 
19186 7734 787 7944 
19187 1929 5635 10031 
19188 6395 1190 9747 
19189 6785 2253 10610 
19190 6470 669 9968 
19191 2487 6570 8718 
19192 2492 7361 10333 
19193 6602 610 10573 
19194 2853 6778 8557 
19195 3837 9771 10659 
19196 6351 1271 10606 
19197 1057 6298 10603 
19198 7890 826 10704 
19199 1911 5565 10052 
19200 7003 2297 8327 
19201 6407 2597 8226 
19202 3767 7803 9394 
19203 3087 6859 9720 
19204 7582 1115 8452 
19205 2102 6901 8450 
19206 1019 5620 10057 
19207 7762 4255 8989 
19208 2961 8370 8595 
19209 6970 2952 9782 
19210 5408 6599 10539 
19211 7595 1471 10262 
19212 1359 7565 9394 
19213 1200 5861 9269 
19214 9703 1375 10612 
19215 2322 5750 10256 
19216 3585 8515 10012 
19217 6720 616 9651 
19218 8382 1397 10585 
19219 2861 7600 8891 
19220 7842 4174 10522 
19221 3061 7879 9735 
19222 3320 6264 9405 
19223 7215 5283 10177 
19224 2811 6227 10439 
19225 4512 6374 9366 
19226 7592 3822 7993 
19227 2155 6779 8750 
19228 6580 1257 9593 
19229 785 6638 9678 
19230 2556 7090 8304 
19231 7442 2726 7497 
19232 6611 1116 8752 
19233 3091 5534 10310 
19234 6375 2661 9785 
19235 6655 3281 10530 
19236 6500 3581 10609 
19237 3024 5709 9636 
19238 2380 5390 9225 
19239 5074 6998 10216 
19240 3069 5975 9040 
19241 1326 7745 10391 
19242 836 6307 10640 
19243 5726 3091 10710 
19244 3796 9686 10623 
19245 2749 8978 10334 
19246 1310 6736 8049 
19247 1184 5835 10648 
19248 7189 5259 10450 
19249 3766 7139 9610 
19250 7077 831 9415 
19251 4669 7596 8865 
19252 6506 1454 8678 
19253 3436 6777 8238 
19254 2676 6303 9680 
19255 1513 6865 9691 
19256 5647 1938 10084 
19257 7082 2679 8967 
19258 616 6518 9651 
19259 1318 6974 9857 
19260 7201 2936 7202 
19261 2222 6507 8651 
19262 7104 5159 10441 
19263 648 6854 10418 
19264 2034 7988 10577 
19265 780 7409 10411 
19266 3084 6717 10611 
19267 7354 2060 9080 
19268 3313 7879 8560 
19269 9374 4310 10761 
19270 8570 1293 10212 
19271 4191 5986 9289 
19272 2974 7268 8588 
19273 6729 1747 8440 
19274 10323 4272 10667 
19275 6170 3484 10716 
19276 7025 2551 8819 
19277 5913 2389 9280 
19278 6611 2765 8596 
19279 5044 7110 10479 
19280 5027 8335 8793 
19281 3789 7524 8925 
19282 6069 2437 10314 
19283 5534 3091 10474 
19284 6458 4725 9546 
19285 4001 8235 10322 
19286 8235 2038 10322 
19287 1333 8488 10344 
19288 6384 2575 9522 
19289 1762 6939 9351 
19290 2695 6283 10130 
19291 3369 9453 10549 
19292 5527 8672 9715 
19293 2985 7066 9686 
19294 6853 3662 10143 
19295 6445 3225 9845 
19296 5858 1857 10280 
19297 1320 7488 9021 
19298 6658 3058 9985 
19299 6366 1969 10668 
19300 3323 7817 9537 
19301 3466 6264 9983 
19302 1395 7527 9319 
19303 6495 1169 9881 
19304 2281 6036 8955 
19305 2987 8857 9602 
19306 4443 7056 8787 
19307 1429 6168 8669 
19308 5717 1135 9272 
19309 2127 5902 9004 
19310 7369 5680 10319 
19311 6835 3223 10148 
19312 723 6741 8451 
19313 7459 1134 8340 
19314 6791 2251 8581 
19315 2958 7669 8786 
19316 1915 5607 10125 
19317 1327 6878 8158 
19318 491 5836 10334 
19319 3186 7226 8188 
19320 6950 420 10276 
19321 7100 2718 9679 
19322 7767 1331 7837 
19323 6456 1309 9944 
19324 1017 6404 9409 
19325 6292 2303 9455 
19326 6305 2756 10110 
19327 6940 1915 10125 
19328 8286 3210 8442 
19329 8486 3465 9247 
19330 7349 2475 8546 
19331 7361 3999 10333 
19332 5728 2669 10113 
19333 3601 8615 8744 
19334 669 6470 10345 
19335 1832 6428 9097 
19336 1498 9301 9500 
19337 7358 2313 7945 
19338 2078 5298 10745 
19339 3387 6557 9559 
19340 8837 1724 8936 
19341 1030 7967 8068 
19342 3495 6029 10292 
19343 6189 1521 10077 
19344 2231 7177 9821 
19345 6722 2557 8284 
19346 2864 6485 8945 
19347 7108 2405 7866 
19348 8039 2842 8555 
19349 1854 5672 9745 
19350 8699 2753 9933 
19351 6386 2846 8351 
19352 1175 5782 10682 
19353 3693 6246 10416 
19354 8608 3779 9147 
19355 3553 7996 9166 
19356 7785 3128 8767 
19357 10044 2877 10747 
19358 6685 3632 9910 
19359 6044 3987 9426 
19360 1116 5959 8752 
19361 2085 6782 9492 
19362 3635 6685 9910 
19363 6589 646 8722 
19364 2884 6547 9217 
19365 1777 6080 10543 
19366 5924 2886 9533 
19367 3311 7806 8447 
19368 5312 7245 10306 
19369 7848 2809 7888 
19370 5736 2023 9835 
19371 7832 3589 10571 
19372 7651 4852 7755 
19373 2709 6087 10400 
19374 1494 6249 10302 
19375 9052 612 9643 
19376 7330 4715 10233 
19377 2719 6312 10326 
19378 2678 6551 9654 
19379 3788 8805 10430 
19380 1328 7585 9495 
19381 6348 900 9230 
19382 7784 3487 9317 
19383 634 6548 9404 
19384 2211 5890 9007 
19385 5316 7247 10347 
19386 2562 7460 10123 
19387 647 7263 8088 
19388 2493 7473 8758 
19389 7859 4392 8578 
19390 2506 5968 9545 
19391 8265 2648 8639 
19392 8885 4244 9151 
19393 7942 3177 8427 
19394 7824 2958 8786 
19395 6562 1535 9060 
19396 9011 1057 10603 
19397 2782 8393 9156 
19398 1870 5492 9763 
19399 4118 8091 10626 
19400 2101 6357 9884 
19401 2968 7078 8925 
19402 1503 6055 10187 
19403 8107 3017 8422 
19404 3349 8593 8785 
19405 6524 3198 10243 
19406 6572 2581 8830 
19407 7097 4181 10341 
19408 5797 860 10144 
19409 7495 1324 10443 
19410 5755 3587 9189 
19411 5776 1215 10047 
19412 3203 6169 10190 
19413 2822 6189 10077 
19414 3030 9067 9208 
19415 6002 718 9010 
19416 10731 5917 10742 
19417 1965 5651 10101 
19418 735 6390 8587 
19419 780 6328 8674 
19420 6160 2290 9711 
19421 4654 7707 9860 
19422 1006 6191 8950 
19423 1640 6194 10707 
19424 6445 704 9629 
19425 7290 2623 8898 
19426 5650 1889 10578 
19427 7714 3102 9197 
19428 2926 6014 9993 
19429 5670 2652 9907 
19430 6140 3093 10414 
19431 6504 2986 8671 
19432 2841 6421 8635 
19433 6283 2695 8996 
19434 7482 3362 7968 
19435 6486 1635 10521 
19436 1312 6890 10664 
19437 3327 8200 8214 
19438 1344 7762 8989 
19439 7540 2976 7541 
19440 7113 4237 8460 
19441 7596 2965 8865 
19442 7527 3291 9319 
19443 3041 6257 9095 
19444 893 6835 10148 
19445 6487 2888 9656 
19446 3497 8054 10582 
19447 7368 3366 8952 
19448 2885 6580 9568 
19449 1414 8556 9569 
19450 3057 8612 10730 
19451 8613 2625 9281 
19452 1132 6209 8499 
19453 1450 6642 9131 
19454 6587 2724 9836 
19455 7345 2591 8919 
19456 6206 1673 10768 
19457 6727 1317 8953 
19458 2915 7113 8460 
19459 2919 6678 8371 
19460 6693 4143 8892 
19461 6783 1931 10462 
19462 6199 1840 10303 
19463 7172 3654 8910 
19464 6505 686 9139 
19465 2571 6747 8241 
19466 7133 1621 10397 
19467 7337 1322 8246 
19468 2869 8340 9290 
19469 829 5827 10372 
19470 7916 3428 9945 
19471 4802 6253 10692 
19472 8342 2819 8349 
19473 9285 4935 10597 
19474 5557 1914 10127 
19475 3893 7493 8478 
19476 6379 2666 9036 
19477 10551 1413 10587 
19478 1246 6354 10427 
19479 6298 3184 10603 
19480 886 5918 10137 
19481 6742 3578 9932 
19482 6781 1150 8904 
19483 9067 3709 9208 
19484 821 6767 10340 
19485 1653 7137 8315 
19486 771 7978 8144 
19487 2019 5587 9949 
19488 8791 2901 9724 
19489 2151 6694 9181 
19490 6817 1441 9255 
19491 3640 6919 8385 
19492 2702 8139 8191 
19493 2976 7540 7543 
19494 2077 6293 9849 
19495 6137 3325 10270 
19496 1599 6667 9214 
19497 4055 6306 10653 
19498 2905 6223 9822 
19499 7719 2380 8424 
19500 3689 6947 8716 
19501 5747 1179 10155 
19502 6283 3328 10130 
19503 6907 3812 8930 
19504 1876 6828 9990 
19505 2280 7733 10323 
19506 5748 2059 9698 
19507 6967 2246 10790 
19508 1952 5916 9920 
19509 6705 2711 10736 
19510 6332 1271 9445 
19511 6222 2210 8884 
19512 7388 2249 9825 
19513 3687 8177 9744 
19514 2564 6560 8529 
19515 3070 7900 9706 
19516 3129 8107 8422 
19517 5787 682 9814 
19518 2930 6284 10005 
19519 3697 6853 10143 
19520 1394 6787 9201 
19521 3129 8422 10178 
19522 2886 5924 9376 
19523 6192 766 10379 
19524 5769 1178 9933 
19525 2329 7320 8400 
19526 7137 2719 8315 
19527 7790 3191 8899 
19528 8916 3396 9737 
19529 2642 7913 8029 
19530 4029 8151 10179 
19531 1312 6122 9189 
19532 1098 6177 10257 
19533 2685 7870 9925 
19534 5906 2555 10220 
19535 6373 630 9544 
19536 3927 8576 9750 
19537 5236 9890 10245 
19538 6325 2888 9211 
19539 6588 3832 10161 
19540 7386 5684 10552 
19541 6431 3440 10547 
19542 2695 6818 10497 
19543 6078 2994 10379 
19544 2868 6081 10055 
19545 7273 996 8128 
19546 537 8286 8442 
19547 6963 1171 8256 
19548 9632 3597 10163 
19549 2973 6158 9841 
19550 7272 2430 8310 
19551 9287 4075 10284 
19552 6312 1842 10326 
19553 3574 7849 8269 
19554 3352 5998 10009 
19555 8430 2628 10161 
19556 2940 6093 10222 
19557 6805 2268 9869 
19558 2640 6410 9957 
19559 5813 2494 9948 
19560 3007 7212 8779 
19561 3209 7182 9287 
19562 6230 1911 10052 
19563 6033 3476 10660 
19564 1449 6316 10503 
19565 4306 7048 8484 
19566 2774 7488 9027 
19567 3457 8380 8561 
19568 2981 9447 10427 
19569 6767 3307 10340 
19570 4113 6142 10368 
19571 1058 6926 7987 
19572 1325 8394 9349 
19573 9460 3061 9735 
19574 1224 7829 8427 
19575 7543 2867 8525 
19576 1008 5958 9251 
19577 5492 7242 9763 
19578 4624 7769 8215 
19579 7066 1161 9686 
19580 2939 8395 9323 
19581 2840 6242 9109 
19582 4227 8426 9638 
19583 6081 3068 10050 
19584 4974 9393 9631 
19585 3261 6267 10511 
19586 767 6513 8691 
19587 7325 1410 8415 
19588 3013 7582 8452 
19589 6491 1619 10058 
19590 9778 3057 10730 
19591 4596 7464 9201 
19592 1340 8631 10175 
19593 2211 7144 8514 
19594 5987 878 10618 
19595 3837 7786 9771 
19596 3079 7647 10064 
19597 7525 1069 8788 
19598 6667 3031 8914 
19599 6143 2470 10080 
19600 3177 6020 10661 
19601 3840 8160 10017 
19602 8302 3563 10456 
19603 6727 4469 10178 
19604 8593 3038 8785 
19605 9180 749 9822 
19606 8079 1304 9270 
19607 6857 1785 9432 
19608 6435 3076 8900 
19609 1335 8328 8786 
19610 849 6822 10533 
19611 6072 2009 9480 
19612 2977 8006 8874 
19613 7963 1353 7977 
19614 2869 7459 8340 
19615 1095 6712 8915 
19616 10043 4792 10050 
19617 1195 7033 8894 
19618 8279 2774 9027 
19619 8106 1316 8107 
19620 9637 1645 10624 
19621 6864 3745 10327 
19622 4017 8526 9101 
19623 2268 6541 9869 
19624 6303 553 9680 
19625 6539 1153 9847 
19626 7775 3492 9977 
19627 3651 7438 8255 
19628 6968 2326 8899 
19629 6607 2843 9346 
19630 5251 10353 10371 
19631 3196 6273 8614 
19632 5857 2593 9909 
19633 1374 7672 9329 
19634 7615 775 8214 
19635 7488 2722 9021 
19636 6601 2050 9552 
19637 7898 3223 9482 
19638 1773 8189 10362 
19639 3624 5866 10199 
19640 3079 10064 10508 
19641 6688 929 8934 
19642 3068 5996 10043 
19643 2195 7255 10556 
19644 3194 5732 10685 
19645 6897 2942 8380 
19646 2670 7218 9784 
19647 7977 3246 8171 
19648 3564 6473 10785 
19649 1821 6489 10755 
19650 10026 821 10340 
19651 2349 7525 8659 
19652 6772 2904 8288 
19653 2252 6991 9023 
19654 975 6671 9422 
19655 2796 6802 8775 
19656 3622 9669 10003 
19657 9410 4783 9773 
19658 5960 3087 10487 
19659 3575 6687 10410 
19660 3028 7189 10450 
19661 7123 4622 10282 
19662 7633 4393 10389 
19663 5680 1970 10319 
19664 1296 6389 9557 
19665 3172 7221 8790 
19666 8409 2891 8471 
19667 1317 6727 10178 
19668 2572 6548 9193 
19669 5687 10377 10498 
19670 1198 6903 8176 
19671 6683 999 8920 
19672 6430 1415 10472 
19673 7033 3410 8894 
19674 2757 6688 8934 
19675 1038 6590 9572 
19676 6399 4569 10081 
19677 6213 4962 10753 
19678 7913 2642 10341 
19679 3217 6215 9463 
19680 7129 1920 10494 
19681 9122 4821 10735 
19682 5849 706 9769 
19683 3140 5686 10624 
19684 7460 4943 10123 
19685 3404 7599 8092 
19686 6486 869 8201 
19687 7269 1363 8946 
19688 1135 5717 9863 
19689 2935 6539 9847 
19690 7221 4021 8790 
19691 6951 1090 10517 
19692 1624 6587 9836 
19693 7848 725 7893 
19694 2665 7072 8148 
19695 8339 5547 10387 
19696 7541 2976 8831 
19697 1542 8097 9574 
19698 4430 7955 9322 
19699 8157 2405 9787 
19700 2513 7214 8725 
19701 6185 1131 9026 
19702 4844 6056 9598 
19703 8044 2524 10598 
19704 1165 7385 8251 
19705 7192 3070 9706 
19706 6978 1229 8297 
19707 8128 4918 9511 
19708 8599 2328 10404 
19709 2662 7415 7949 
19710 3547 6543 9814 
19711 7659 784 10392 
19712 1168 6487 9656 
19713 2106 7578 8697 
19714 2827 6682 9935 
19715 8569 3117 10142 
19716 2352 7139 8917 
19717 3445 7337 8246 
19718 8561 545 9168 
19719 2645 6720 9651 
19720 2306 7082 8967 
19721 1420 7753 9122 
19722 7622 3257 8282 
19723 6947 3067 8716 
19724 3424 6809 9671 
19725 8341 2590 8563 
19726 7931 4485 10595 
19727 4520 6453 10351 
19728 2603 6542 8733 
19729 3004 7215 10177 
19730 6927 695 10629 
19731 6051 2712 10570 
19732 4116 1790 9880 
19733 1877 8029 10596 
19734 760 7540 8313 
19735 6491 2460 8302 
19736 8712 1534 10588 
19737 2474 7521 8433 
19738 9052 3201 9343 
19739 647 7576 9877 
19740 4097 7490 9108 
19741 1381 7418 10236 
19742 7162 3816 8529 
19743 7346 3975 10394 
19744 7438 1014 8255 
19745 5722 1167 10078 
19746 4185 8780 10579 
19747 6391 4485 10650 
19748 8151 3200 9334 
19749 7078 2968 8576 
19750 8415 3899 10342 
19751 7409 3659 10411 
19752 7415 2872 7949 
19753 2516 7276 8077 
19754 6039 594 10445 
19755 3985 7675 9694 
19756 6868 2240 9882 
19757 6973 4159 8694 
19758 118 6912 9813 
19759 2864 5824 10387 
19760 7764 1977 8330 
19761 6905 3482 9807 
19762 6404 2803 9409 
19763 8623 3862 9619 
19764 3117 9698 10142 
19765 2550 6591 9345 
19766 7662 2788 7735 
19767 2710 7130 9238 
19768 7155 2133 9927 
19769 2099 6102 9342 
19770 6249 2876 10302 
19771 2145 6725 9038 
19772 2888 6325 9656 
19773 4944 2520 7802 
19774 3472 6323 9352 
19775 2899 7860 8186 
19776 7518 1185 9005 
19777 4688 9239 10287 
19778 7148 2591 9058 
19779 4400 9730 10680 
19780 2444 7032 8846 
19781 6415 2062 9104 
19782 1652 6760 10254 
19783 8400 2989 8782 
19784 831 7405 8421 
19785 7282 2951 8642 
19786 2891 7594 7630 
19787 6786 1276 8001 
19788 2803 6404 9514 
19789 2320 6812 8484 
19790 1042 6447 10545 
19791 9311 3813 10340 
19792 6828 5193 9990 
19793 3263 7523 10778 
19794 3926 5677 10423 
19795 6669 1351 10041 
19796 6514 1818 10614 
19797 7167 3314 9454 
19798 6026 2709 10400 
19799 2679 8868 8967 
19800 3085 8218 9564 
19801 6104 2856 10782 
19802 1277 5867 10025 
19803 6042 4731 10612 
19804 6443 3485 8863 
19805 3097 5984 9586 
19806 2866 7594 8409 
19807 2765 6611 9127 
19808 862 8142 8565 
19809 5061 7472 9219 
19810 7096 696 8197 
19811 6266 2396 10056 
19812 4492 6117 10668 
19813 1257 6061 9916 
19814 7886 3949 8314 
19815 8732 1748 8872 
19816 844 6451 10701 
19817 1013 7150 8735 
19818 4589 7308 10491 
19819 8662 4233 9418 
19820 4187 7620 8890 
19821 8012 887 8013 
19822 6093 2940 10120 
19823 7699 629 9416 
19824 3713 7214 10235 
19825 7745 2601 8150 
19826 6377 558 9135 
19827 1316 6306 10221 
19828 3558 8717 9701 
19829 3339 7251 8577 
19830 8218 3085 9144 
19831 2836 7399 9793 
19832 3769 6864 10327 
19833 2657 5934 10750 
19834 2336 6988 10409 
19835 3369 7441 9453 
19836 6149 1427 10676 
19837 637 6807 9584 
19838 2722 7941 9021 
19839 6180 3354 10059 
19840 7373 3341 9125 
19841 7245 3039 10306 
19842 2253 7063 10610 
19843 1189 6489 8775 
19844 873 7613 10211 
19845 8488 4042 10344 
19846 3387 7603 10075 
19847 6425 594 10700 
19848 3874 8456 9697 
19849 2712 7785 8767 
19850 7119 3296 9414 
19851 5530 7341 10567 
19852 8648 5162 9920 
19853 7247 3043 10347 
19854 7661 2188 8501 
19855 7850 4094 10380 
19856 6590 1038 10295 
19857 8567 5671 9543 
19858 4620 7411 9102 
19859 773 7214 8959 
19860 6538 2575 10388 
19861 6183 2074 10714 
19862 3796 9216 9686 
19863 4588 6409 10645 
19864 7901 3515 9783 
19865 4303 7316 9280 
19866 3569 8604 10746 
19867 2766 6521 8907 
19868 7456 2752 10754 
19869 1414 8014 8556 
19870 6174 2087 9132 
19871 2928 8558 8811 
19872 6890 2452 10664 
19873 6641 4221 10212 
19874 1647 6450 10774 
19875 8197 4879 9310 
19876 737 8253 10317 
19877 2203 6768 9672 
19878 7769 738 8215 
19879 6828 1876 10304 
19880 4296 7621 10071 
19881 1420 9381 9938 
19882 6933 845 9705 
19883 2674 6326 8901 
19884 2865 8732 9302 
19885 6818 1156 10497 
19886 2868 10055 10545 
19887 2876 5307 10302 
19888 3937 7269 8946 
19889 7770 2681 9499 
19890 4929 6348 9230 
19891 8246 3052 9119 
19892 3388 7699 9416 
19893 2573 8939 10418 
19894 2746 6565 8897 
19895 7860 3516 8186 
19896 4526 7196 10396 
19897 6539 2450 9609 
19898 6034 1206 10245 
19899 7056 3214 8787 
19900 8663 3239 8772 
19901 2230 8348 9209 
19902 6687 2660 10646 
19903 2868 6634 10644 
19904 6682 2827 9264 
19905 6387 2683 10114 
19906 7029 1576 10351 
19907 2858 8486 9247 
19908 7632 2665 8148 
19909 1582 6341 10540 
19910 6316 2996 10503 
19911 3100 8218 9144 
19912 6583 2814 10037 
19913 6557 3387 10075 
19914 5684 1975 10552 
19915 6447 2868 10545 
19916 133 6745 9625 
19917 7947 3124 8048 
19918 7405 3047 8421 
19919 801 9566 10620 
19920 8370 3486 8595 
19921 8327 2961 8595 
19922 6918 3106 9084 
19923 2735 7065 9665 
19924 3664 8837 8936 
19925 1497 5830 10498 
19926 8039 3145 9230 
19927 1318 7822 8199 
19928 1040 6350 10673 
19929 3260 8174 8400 
19930 1736 7251 9778 
19931 6720 2645 9746 
19932 7634 1365 9892 
19933 6087 1752 10400 
19934 4562 6213 10753 
19935 7230 2619 8301 
19936 6475 2305 9359 
19937 8259 1511 8575 
19938 8906 2776 9874 
19939 6610 2631 9051 
19940 1354 7092 9925 
19941 1515 7025 8819 
19942 6846 2721 8149 
19943 8579 1830 9284 
19944 6346 2588 8858 
19945 7318 3180 8552 
19946 2686 8114 8657 
19947 9407 782 10460 
19948 6634 2868 10476 
19949 6273 3196 8795 
19950 7868 756 9621 
19951 1496 7859 8578 
19952 7190 1145 9518 
19953 2219 6567 9343 
19954 7037 2926 9662 
19955 1622 7832 10571 
19956 2786 6885 9738 
19957 2150 6550 8895 
19958 6682 1409 9935 
19959 2881 6787 10151 
19960 8097 3704 9574 
19961 2922 7296 9246 
19962 2999 6475 9359 
19963 2164 6744 9695 
19964 1386 6658 9985 
19965 6883 709 10635 
19966 3003 8560 9021 
19967 7677 1432 8932 
19968 2613 8128 9511 
19969 3129 8106 8107 
19970 2647 7392 9493 
19971 3954 6662 10149 
19972 6677 2695 10130 
19973 2847 7071 9730 
19974 917 7886 8314 
19975 3281 8265 8639 
19976 6898 551 10300 
19977 574 6629 9055 
19978 7821 3018 9357 
19979 7608 1211 8770 
19980 9469 3398 10117 
19981 6216 2818 9372 
19982 6975 2997 9135 
19983 6671 2937 9422 
19984 3063 7767 7837 
19985 6612 2596 10662 
19986 1153 5977 9847 
19987 7733 3741 10323 
19988 8526 2747 9101 
19989 2903 7848 7888 
19990 2138 6213 10096 
19991 2751 7622 8282 
19992 2415 7263 9877 
19993 747 6873 9721 
19994 2105 6500 10609 
19995 1204 6133 9874 
19996 3252 8079 9270 
19997 8141 3496 8792 
19998 7538 3661 8262 
19999 5770 3196 10193 
20000 6746 350 9702 
20001 8771 3505 10395 
20002 6895 1375 9703 
20003 7955 1998 9322 
20004 2997 8688 9135 
20005 6893 3130 10185 
20006 3209 9287 10284 
20007 3040 6807 8932 
20008 2709 7585 10316 
20009 2788 6073 10219 
20010 3520 8389 9762 
20011 7061 2787 8325 
20012 9591 4374 10773 
20013 4128 8457 10719 
20014 1858 8053 10092 
20015 8394 3167 9349 
20016 7048 2320 8484 
20017 3445 8246 9119 
20018 1853 7000 9921 
20019 2994 6615 9245 
20020 3075 7525 8788 
20021 2442 7423 8935 
20022 8320 3680 9826 
20023 3143 8581 10613 
20024 3155 6514 10614 
20025 5471 6557 10075 
20026 1370 8619 9568 
20027 941 6772 9507 
20028 3114 6933 9705 
20029 4615 8496 9897 
20030 4014 9724 9985 
20031 4032 10044 10747 
20032 3260 8400 8782 
20033 4147 8124 8675 
20034 7490 1317 9108 
20035 7014 3673 8661 
20036 9484 744 10575 
20037 6900 2552 9194 
20038 831 8421 9415 
20039 6146 1296 9557 
20040 6769 615 9744 
20041 6055 3173 10187 
20042 3988 6250 9713 
20043 7390 2972 10246 
20044 8574 3069 8862 
20045 3326 8145 9772 
20046 9138 671 10274 
20047 7410 1368 10625 
20048 7229 3443 9531 
20049 9906 5628 10574 
20050 1457 9428 10408 
20051 8556 3772 9569 
20052 611 6458 9546 
20053 3304 6516 9775 
20054 2143 6165 10451 
20055 7650 47 10440 
20056 5817 700 10542 
20057 2440 7901 9783 
20058 6912 3956 9813 
20059 7496 2536 8505 
20060 4811 8175 10354 
20061 1272 7714 9197 
20062 5026 7818 9396 
20063 3389 7445 8311 
20064 7284 4834 9848 
20065 2998 7482 7968 
20066 9291 3306 9863 
20067 7079 3254 10264 
20068 7600 1324 8891 
20069 4200 8712 10588 
20070 3318 7077 9415 
20071 7320 2989 8400 
20072 8253 3675 10317 
20073 3018 8585 9357 
20074 5155 7668 8704 
20075 8054 871 10582 
20076 3157 7824 8786 
20077 1166 6104 10782 
20078 6754 1166 10782 
20079 7603 995 10075 
20080 7950 1534 8712 
20081 992 7183 10776 
20082 3597 9572 10163 
20083 4898 6759 9881 
20084 8471 2891 9619 
20085 8831 2976 9330 
20086 8222 3179 9967 
20087 1616 7408 10384 
20088 3196 8614 10193 
20089 2529 7651 7755 
20090 5939 1403 10383 
20091 2563 8538 9149 
20092 2628 8454 10161 
20093 3903 8502 10613 
20094 4373 6937 9499 
20095 8280 1349 8922 
20096 1299 7100 9679 
20097 5918 1786 10488 
20098 7261 1960 9924 
20099 7524 2968 8925 
20100 6885 652 9738 
20101 3504 6614 9328 
20102 10137 5918 10488 
20103 7506 3618 10064 
20104 9723 3927 9893 
20105 7360 4710 10376 
20106 2274 6655 10530 
20107 9381 4092 9938 
20108 828 6687 10646 
20109 7032 1213 8846 
20110 4481 7308 10615 
20111 893 6808 10249 
20112 2219 6995 10457 
20113 1264 7810 9980 
20114 7730 3190 8316 
20115 7451 3164 10319 
20116 5438 7007 9633 
20117 7711 1339 10059 
20118 2653 7443 8707 
20119 1977 5034 10242 
20120 8340 3040 9290 
20121 6246 827 9478 
20122 3178 7942 8427 
20123 2976 7543 8525 
20124 6344 4141 10254 
20125 3017 8107 9862 
20126 7912 3009 10569 
20127 7292 1348 8372 
20128 8408 3924 9440 
20129 6865 2786 9691 
20130 612 6567 10374 
20131 5782 3277 10682 
20132 5034 6657 10242 
20133 987 8237 8387 
20134 2830 7518 9005 
20135 6686 66 10194 
20136 3160 6034 10245 
20137 2551 7727 8819 
20138 9436 1712 10283 
20139 8164 1909 9099 
20140 6741 5448 10307 
20141 4206 9052 9643 
20142 3224 6883 10635 
20143 7191 1249 9401 
20144 3627 7281 9497 
20145 7151 552 10739 
20146 7835 2715 8817 
20147 4619 8306 10496 
20148 8029 3777 10596 
20149 2816 8413 9598 
20150 7501 2654 8719 
20151 8453 4228 8668 
20152 3150 7890 10704 
20153 7573 1406 10228 
20154 2341 6286 9665 
20155 5445 8902 10414 
20156 6905 1294 8981 
20157 1363 7888 8946 
20158 6787 1394 9740 
20159 2438 7806 9742 
20160 6642 4138 10195 
20161 6981 4990 9377 
20162 7773 2597 9527 
20163 2910 7272 8310 
20164 786 6387 10114 
20165 8625 3008 9882 
20166 5381 10551 10587 
20167 8474 3269 8821 
20168 6947 3689 10118 
20169 8732 3522 9302 
20170 6081 2868 10644 
20171 7296 763 9246 
20172 8742 5394 9819 
20173 3068 10043 10050 
20174 8160 2664 10017 
20175 6932 536 10478 
20176 7408 3477 10384 
20177 3054 6373 9544 
20178 6961 1079 10558 
20179 7879 3061 9195 
20180 6779 2155 10396 
20181 7177 3404 9821 
20182 733 6171 10561 
20183 2140 6596 10438 
20184 7212 2584 8779 
20185 7724 4099 10121 
20186 6850 2954 10483 
20187 5835 3262 10648 
20188 3912 6727 8953 
20189 8650 5916 8878 
20190 4912 8341 8563 
20191 7545 4593 10314 
20192 8899 3191 10375 
20193 1171 6679 8256 
20194 6397 532 10630 
20195 3258 7006 8770 
20196 882 6916 10258 
20197 7333 4168 8289 
20198 7615 2877 8919 
20199 4039 7428 9188 
20200 4345 7277 9403 
20201 7250 3886 9300 
20202 8391 1086 10388 
20203 2905 6781 9053 
20204 6879 2281 9411 
20205 8615 2871 8744 
20206 2592 6862 10163 
20207 3804 8952 10651 
20208 6553 2934 9500 
20209 2358 8359 10253 
20210 2390 7421 8916 
20211 9216 2985 9686 
20212 1331 7767 10786 
20213 7523 858 10778 
20214 2777 8066 8982 
20215 6451 3082 10701 
20216 6881 1070 10102 
20217 7173 2733 9237 
20218 1136 7111 10417 
20219 2631 6610 9834 
20220 1386 8226 10643 
20221 3833 9727 10054 
20222 9390 1169 10477 
20223 8524 2735 9665 
20224 6979 2286 9488 
20225 3264 9369 10718 
20226 3446 10023 10565 
20227 8442 3210 10444 
20228 2298 7826 10608 
20229 6676 1051 10781 
20230 2499 7751 8590 
20231 7071 1012 9730 
20232 6307 3351 10640 
20233 8597 1356 9461 
20234 3210 9723 9893 
20235 3053 7325 8415 
20236 7064 4905 10218 
20237 6465 1437 10375 
20238 2111 6285 10068 
20239 642 7271 10499 
20240 1612 9591 10773 
20241 7922 758 10247 
20242 3390 8397 10453 
20243 3043 9092 10347 
20244 2336 10409 10623 
20245 2315 7526 10793 
20246 7646 3165 9979 
20247 3435 8100 9465 
20248 7554 2746 10129 
20249 5587 7203 9949 
20250 8006 2977 8038 
20251 3037 6445 9629 
20252 959 6742 9932 
20253 2924 7570 9840 
20254 7488 1320 9027 
20255 439 6871 9549 
20256 9472 3723 9904 
20257 7620 3020 8890 
20258 3377 10196 10390 
20259 9734 2974 10273 
20260 6459 2893 9670 
20261 3062 7270 9875 
20262 6918 1661 10637 
20263 2915 6580 9593 
20264 1111 6892 8972 
20265 7954 2500 8876 
20266 7582 2324 9084 
20267 2252 7591 9069 
20268 592 8030 9200 
20269 7452 3272 9488 
20270 6889 2079 10522 
20271 4289 9594 10349 
20272 7529 2884 9217 
20273 1375 6895 10121 
20274 7322 5876 8918 
20275 7829 3178 8427 
20276 3659 6723 10411 
20277 6916 3199 10258 
20278 8023 3401 9136 
20279 6834 5649 9934 
20280 765 6103 9947 
20281 6809 844 9671 
20282 8124 797 8675 
20283 6742 959 8798 
20284 2160 7268 9734 
20285 4870 10585 10695 
20286 7144 2916 8514 
20287 6775 2514 9261 
20288 8873 3549 9025 
20289 7033 1195 8676 
20290 7903 1406 8867 
20291 3419 7855 8548 
20292 9833 2179 10675 
20293 2986 6504 9519 
20294 6634 853 10644 
20295 8142 3204 8565 
20296 702 7036 9824 
20297 8203 299 10690 
20298 8654 3193 10538 
20299 1509 7063 10310 
20300 7599 3055 8092 
20301 7625 2800 8933 
20302 10585 3642 10695 
20303 768 7628 8921 
20304 6854 2573 10418 
20305 8617 2883 9464 
20306 2964 6881 10102 
20307 2891 7630 8163 
20308 3346 9122 10735 
20309 6592 3306 9634 
20310 4908 9103 9527 
20311 9594 3614 10349 
20312 6974 2587 9857 
20313 577 6200 10709 
20314 10055 5025 10545 
20315 2191 6981 9377 
20316 7509 2682 8739 
20317 6976 2336 10623 
20318 7727 3957 8819 
20319 1147 6230 10791 
20320 3799 6438 10128 
20321 2723 8849 9613 
20322 2125 6620 9988 
20323 6939 2802 9351 
20324 7377 650 9859 
20325 3901 6814 9398 
20326 7367 2560 8903 
20327 8771 1173 8958 
20328 2286 7452 9488 
20329 1970 7451 10319 
20330 1180 7764 8330 
20331 2254 8089 10218 
20332 6230 1147 10243 
20333 3092 7377 9859 
20334 2746 7554 8435 
20335 1277 7695 8851 
20336 6903 1198 8912 
20337 8805 1812 10430 
20338 628 6850 10483 
20339 7149 2595 9106 
20340 3002 6889 10522 
20341 1196 7541 8831 
20342 7565 2383 9394 
20343 1792 8535 9733 
20344 1434 7172 8910 
20345 8335 2421 8793 
20346 7628 4849 8921 
20347 5717 9272 9752 
20348 2805 8662 9418 
20349 1516 7651 9002 
20350 6998 4313 10216 
20351 6645 1220 8644 
20352 782 8216 10460 
20353 7654 2247 9341 
20354 4204 7462 9051 
20355 2490 7120 8700 
20356 3817 6337 10733 
20357 7050 582 9890 
20358 4361 7846 10182 
20359 7271 3357 10499 
20360 3018 8362 8585 
20361 3551 6834 9934 
20362 7554 2745 8435 
20363 1356 7011 10649 
20364 6800 2822 10077 
20365 655 7320 9681 
20366 7021 994 10239 
20367 2851 7279 9858 
20368 6363 712 10481 
20369 6347 868 9918 
20370 3925 8273 9419 
20371 2434 8893 9804 
20372 3542 8617 9464 
20373 3559 8279 9027 
20374 7663 4591 10250 
20375 6300 855 10029 
20376 2610 6732 9757 
20377 7710 4459 9987 
20378 559 7391 9867 
20379 7814 2523 8724 
20380 3848 9734 10273 
20381 2868 6447 10476 
20382 9160 4741 9969 
20383 7464 1394 9201 
20384 2752 9140 10754 
20385 7972 2712 8767 
20386 1287 7173 9237 
20387 2807 7544 8959 
20388 1220 6645 8416 
20389 8542 4701 9113 
20390 1770 7131 9433 
20391 3873 7365 10420 
20392 7688 1168 9029 
20393 6336 720 10459 
20394 4360 9390 10477 
20395 3061 9161 9195 
20396 2890 5917 8667 
20397 7967 3212 8068 
20398 544 7850 10380 
20399 6353 1130 10505 
20400 4397 7089 9565 
20401 2378 7689 9870 
20402 2299 6705 10736 
20403 7069 1177 9283 
20404 8864 2579 9014 
20405 8298 4406 10062 
20406 6352 1369 10671 
20407 8804 847 10479 
20408 3624 8726 10434 
20409 7341 3112 10567 
20410 6242 2840 9684 
20411 5704 8082 9846 
20412 9047 3416 10344 
20413 808 6958 10293 
20414 3136 7688 9029 
20415 6807 3040 9584 
20416 5037 6724 9912 
20417 1425 8151 9334 
20418 6145 3032 10606 
20419 7525 3075 8659 
20420 6863 2315 10793 
20421 1790 6892 9880 
20422 5171 8149 8449 
20423 1803 7037 9662 
20424 3756 8795 9277 
20425 7226 495 9901 
20426 7111 3340 10417 
20427 5097 9475 9786 
20428 8515 3100 10012 
20429 3043 7911 9092 
20430 9319 3747 10091 
20431 9771 3360 10659 
20432 3388 6149 10676 
20433 900 8039 9230 
20434 8086 3260 8782 
20435 3269 8474 9546 
20436 567 7175 10514 
20437 2730 7750 8741 
20438 8053 3733 10092 
20439 3534 6797 10188 
20440 8014 1414 9848 
20441 1225 6398 9951 
20442 2464 9013 9369 
20443 3000 7771 9521 
20444 7718 2943 9770 
20445 7007 1385 9633 
20446 4553 7362 9318 
20447 6986 2828 10406 
20448 9462 3774 10263 
20449 1745 6986 10406 
20450 7339 2617 9624 
20451 2498 7211 9952 
20452 7806 3311 9742 
20453 3151 8663 8772 
20454 6482 3199 10421 
20455 6091 1602 10466 
20456 7121 4892 10045 
20457 9319 3291 9766 
20458 1176 7338 10040 
20459 9369 4348 10718 
20460 3435 8014 9848 
20461 1609 9142 9585 
20462 1265 7799 8969 
20463 6450 3316 10774 
20464 3124 7309 9551 
20465 8044 1536 9592 
20466 7052 888 10291 
20467 2797 7531 9427 
20468 8856 4096 8941 
20469 3647 9515 9725 
20470 7668 2441 8704 
20471 5267 9046 10336 
20472 3934 8564 10297 
20473 6537 1829 10722 
20474 7222 2231 9821 
20475 9077 3917 10401 
20476 7797 2658 8519 
20477 2345 8298 10062 
20478 3474 9906 10574 
20479 2955 7406 10674 
20480 2216 6595 10698 
20481 7383 2633 10259 
20482 424 7079 10264 
20483 8679 3992 8841 
20484 7751 1164 8590 
20485 10021 4118 10626 
20486 7428 806 9188 
20487 2220 7180 10014 
20488 8024 4010 9205 
20489 7525 2349 10299 
20490 3377 8461 10196 
20491 2370 6096 8805 
20492 7211 1285 9952 
20493 3251 8964 9339 
20494 2965 7596 9229 
20495 8867 3332 9444 
20496 3639 8825 10514 
20497 1635 6109 10521 
20498 9457 3889 9675 
20499 7888 2809 8946 
20500 2877 7586 10747 
20501 1459 7632 8148 
20502 7408 4692 9059 
20503 7843 3062 9875 
20504 8645 3245 9270 
20505 9566 4776 10620 
20506 7738 2626 9061 
20507 7550 2987 9602 
20508 6657 3279 10242 
20509 7850 544 8850 
20510 3267 9332 9536 
20511 3085 7202 9145 
20512 6595 2947 10698 
20513 8560 3003 8627 
20514 6783 974 9800 
20515 3871 7908 10766 
20516 7268 2974 9734 
20517 8614 565 10193 
20518 4739 7792 10175 
20519 9304 4375 9667 
20520 7366 1084 10048 
20521 9503 3793 10034 
20522 2739 8453 8668 
20523 7335 3215 10759 
20524 1068 8302 10456 
20525 7353 3587 9275 
20526 3403 7057 9790 
20527 6620 4061 9988 
20528 9307 1694 10506 
20529 6996 2274 10530 
20530 1469 7345 10044 
20531 8592 3237 8969 
20532 1254 7163 10294 
20533 3481 8023 9136 
20534 1504 9866 10290 
20535 2976 8525 9330 
20536 7385 1165 10788 
20537 5540 8361 10277 
20538 3272 8664 10322 
20539 3132 7226 9901 
20540 4105 9138 10274 
20541 3824 8579 9284 
20542 7368 2956 9576 
20543 3549 8873 10516 
20544 9406 927 10330 
20545 7531 1444 9427 
20546 8518 1526 9344 
20547 741 6714 10095 
20548 1201 8339 10387 
20549 1158 7606 9626 
20550 7065 2341 9665 
20551 8055 635 10737 
20552 9669 1585 10003 
20553 2228 8500 10356 
20554 8192 5333 8566 
20555 7250 3149 9991 
20556 2188 7661 9928 
20557 6661 2769 10150 
20558 7612 2435 10213 
20559 6925 2609 9768 
20560 7300 936 10368 
20561 7833 2792 8647 
20562 3235 6774 10599 
20563 7399 1089 9793 
20564 6341 3324 10540 
20565 3522 8732 8872 
20566 7576 4983 9877 
20567 7911 1149 9092 
20568 7131 2873 9433 
20569 7852 1341 10209 
20570 5678 4116 9880 
20571 6991 2252 9069 
20572 2762 7248 8881 
20573 6616 896 10313 
20574 8089 3656 10218 
20575 1574 9462 10263 
20576 8014 3302 8556 
20577 1584 7529 9217 
20578 8348 3545 9209 
20579 9020 4031 9435 
20580 2435 7725 10213 
20581 1320 7879 9195 
20582 3647 9725 10227 
20583 8631 3016 10175 
20584 7585 2708 9495 
20585 7281 991 9497 
20586 5236 7050 9890 
20587 10046 4048 10499 
20588 3370 8474 8821 
20589 7646 5273 9600 
20590 7544 773 8959 
20591 817 9158 10082 
20592 2295 9900 10495 
20593 1282 7335 10759 
20594 8868 3687 8967 
20595 7298 3650 9965 
20596 6984 2574 9697 
20597 3174 9457 9675 
20598 2729 6805 9869 
20599 7598 1488 10232 
20600 6937 1392 9499 
20601 3210 9893 10444 
20602 9724 1386 9985 
20603 2688 6966 9240 
20604 1288 6097 10005 
20605 2943 7882 10663 
20606 8362 3019 8585 
20607 868 7571 9918 
20608 7570 923 9840 
20609 8145 1371 9772 
20610 7345 2877 10044 
20611 2832 7210 10208 
20612 6971 3593 9731 
20613 2814 7331 9364 
20614 3065 10137 10488 
20615 4633 9833 10675 
20616 3455 8259 8575 
20617 927 7044 10330 
20618 7243 4235 10230 
20619 7217 4275 10041 
20620 4079 6924 9823 
20621 9026 3613 10093 
20622 3215 9860 10759 
20623 1324 7495 9412 
20624 1158 7208 9974 
20625 3163 8565 9118 
20626 3862 8471 9619 
20627 8922 2999 8923 
20628 9309 3849 9375 
20629 8849 3645 9613 
20630 7161 1142 9879 
20631 2990 7573 10228 
20632 1579 7554 10129 
20633 8565 3204 9118 
20634 6789 3721 10672 
20635 7913 1457 10408 
20636 6586 3947 10095 
20637 7786 2213 9771 
20638 8681 835 9604 
20639 3289 8698 10170 
20640 8163 1337 9619 
20641 4763 8399 9473 
20642 8611 3073 10618 
20643 7935 3563 9486 
20644 8421 3622 9415 
20645 9018 3547 9278 
20646 6458 611 10370 
20647 7438 2165 9717 
20648 3980 6996 9609 
20649 2382 7119 9414 
20650 1729 8791 10307 
20651 3307 9311 10340 
20652 8535 3566 9733 
20653 4663 7192 9706 
20654 2817 9503 10034 
20655 7669 1335 8786 
20656 889 7510 10195 
20657 492 7646 9979 
20658 9371 4135 9928 
20659 3152 6305 10566 
20660 3165 7646 9600 
20661 2625 7359 9281 
20662 2706 6743 10296 
20663 8620 1383 9666 
20664 8237 3336 8387 
20665 3622 8421 9669 
20666 7534 1016 9895 
20667 8980 5003 9397 
20668 7063 4749 10610 
20669 2926 8096 9662 
20670 7606 1158 9974 
20671 8524 984 10711 
20672 1151 8567 9543 
20673 4107 8641 9781 
20674 1257 8666 9593 
20675 7905 3046 9413 
20676 1209 7344 10525 
20677 3233 7461 9146 
20678 7721 1373 9657 
20679 9103 1545 9527 
20680 2182 7932 9922 
20681 4231 10658 10740 
20682 3200 8889 9334 
20683 790 7663 10250 
20684 8530 2696 9955 
20685 3963 7468 9851 
20686 9428 3293 10408 
20687 4077 8804 10479 
20688 8893 3707 9804 
20689 2360 7333 8289 
20690 3679 7389 9719 
20691 1321 7738 9061 
20692 2927 6951 10517 
20693 726 8667 10731 
20694 9656 6325 10208 
20695 7212 3007 10578 
20696 854 9271 10038 
20697 2903 7888 9792 
20698 9547 964 10712 
20699 3035 7744 9646 
20700 790 8409 8471 
20701 3676 9469 10117 
20702 3983 9468 10727 
20703 2731 8048 9331 
20704 3170 9358 10362 
20705 7240 2860 9471 
20706 1190 7814 8724 
20707 7324 3160 9889 
20708 3299 7821 9357 
20709 2987 7550 10221 
20710 3451 7385 10788 
20711 1506 9077 10401 
20712 6723 1594 10592 
20713 1848 8061 9172 
20714 7163 3963 10294 
20715 1473 7171 10622 
20716 759 7157 9321 
20717 7659 3253 10275 
20718 1243 8086 8782 
20719 988 7155 9927 
20720 5376 8864 9014 
20721 7855 2835 8548 
20722 4310 9374 10683 
20723 3282 7950 8712 
20724 2589 7974 8584 
20725 2832 8856 8941 
20726 8111 2064 10789 
20727 4149 9307 10506 
20728 7606 3230 9626 
20729 3111 7954 8876 
20730 9095 4907 9946 
20731 8888 1038 9572 
20732 3070 7192 8760 
20733 3813 9699 10026 
20734 4536 8621 9753 
20735 8783 1658 10009 
20736 2716 6795 9449 
20737 3264 7865 9369 
20738 7689 3320 9870 
20739 1276 7456 10754 
20740 1395 9319 10091 
20741 3693 6669 10638 
20742 697 7647 10139 
20743 1421 7972 8767 
20744 8422 3017 9108 
20745 7044 3079 10330 
20746 9027 1320 9195 
20747 3257 6787 9740 
20748 1688 7843 9875 
20749 7573 2990 10152 
20750 3655 10021 10626 
20751 1351 7217 10041 
20752 3317 7431 10687 
20753 3218 8867 9444 
20754 8066 1343 8982 
20755 3231 8141 8792 
20756 4078 8164 9099 
20757 7421 4713 10467 
20758 7560 3203 10190 
20759 3054 7898 9482 
20760 7319 1264 10355 
20761 7218 666 9784 
20762 2264 6975 8908 
20763 8753 3476 10393 
20764 1281 9018 9278 
20765 9387 4163 10065 
20766 1488 8489 10232 
20767 8428 1091 10162 
20768 8500 3782 10356 
20769 7647 2373 10139 
20770 2727 8650 8878 
20771 4361 8377 8934 
20772 3313 8560 8627 
20773 8709 912 10325 
20774 8444 3969 9292 
20775 7818 1417 9071 
20776 7406 1407 10674 
20777 7870 1354 9925 
20778 3505 8771 8958 
20779 3073 7319 10355 
20780 1491 7550 9602 
20781 8399 1357 9473 
20782 9923 1612 10773 
20783 4014 6741 10307 
20784 565 8213 10193 
20785 2246 7564 10790 
20786 8561 2942 8944 
20787 1889 7212 10578 
20788 2808 8597 9461 
20789 3664 8936 10778 
20790 8488 2945 9908 
20791 7581 156 10669 
20792 8098 861 9339 
20793 4239 7239 10469 
20794 8467 4823 8998 
20795 7818 3158 9396 
20796 7495 5548 9412 
20797 3304 7322 8918 
20798 2668 7134 9776 
20799 2304 8197 9310 
20800 7482 2998 9076 
20801 7907 3518 10523 
20802 7242 3099 9763 
20803 7437 3216 10354 
20804 3050 8873 9025 
20805 7941 3003 9021 
20806 6709 3224 10635 
20807 6673 1282 10759 
20808 6520 2632 9752 
20809 2437 7545 10314 
20810 3494 8599 10404 
20811 7491 2404 9276 
20812 2612 6545 10699 
20813 8489 3841 10232 
20814 8270 3353 10170 
20815 7199 728 10751 
20816 8642 2951 8964 
20817 7793 1325 9242 
20818 3218 7903 8867 
20819 4042 9047 10344 
20820 149 7601 10686 
20821 8474 611 9546 
20822 1304 8645 9270 
20823 837 7444 10735 
20824 3283 7449 9805 
20825 2746 8897 10129 
20826 3695 7922 10247 
20827 8030 3567 9200 
20828 3656 7064 10218 
20829 4240 8610 9183 
20830 2828 8408 9440 
20831 8218 897 9564 
20832 7071 2847 10757 
20833 10629 695 10761 
20834 2556 7634 9892 
20835 1392 7770 9499 
20836 3778 9811 10378 
20837 1948 7718 9770 
20838 3461 7868 9621 
20839 7882 1949 10663 
20840 9332 3749 9536 
20841 3457 8561 9168 
20842 8022 1347 8840 
20843 9727 3516 10054 
20844 7586 1160 10747 
20845 9379 3048 10300 
20846 2724 9086 9836 
20847 545 8561 8944 
20848 9172 3342 9648 
20849 9408 1663 10188 
20850 3318 9415 9837 
20851 9159 1312 10664 
20852 7248 2762 9363 
20853 8585 3019 9828 
20854 9046 1589 10336 
20855 1502 9718 9807 
20856 1408 8964 9313 
20857 3530 9172 9648 
20858 8353 1464 9775 
20859 1109 7057 10333 
20860 1118 8270 10170 
20861 9415 3622 9837 
20862 7499 751 10616 
20863 8433 1520 10638 
20864 7715 2539 10093 
20865 8889 3367 9334 
20866 8748 4081 10171 
20867 2802 8852 10500 
20868 1408 8642 8964 
20869 3374 8044 9592 
20870 4688 10210 10511 
20871 3167 8553 9349 
20872 8377 2757 8934 
20873 8743 2840 9998 
20874 2878 7710 9961 
20875 564 7715 10093 
20876 7878 1188 10318 
20877 5569 7516 10162 
20878 9468 1544 10727 
20879 7707 2032 9860 
20880 2907 8829 9045 
20881 784 7659 10275 
20882 7468 617 9851 
20883 7932 3343 9922 
20884 7393 1209 9939 
20885 885 7935 9486 
20886 9238 1581 10599 
20887 6904 1254 10294 
20888 1023 7905 9413 
20889 8100 2983 9465 
20890 6696 2195 10556 
20891 9866 4294 10290 
20892 6952 2806 9831 
20893 3223 7898 10184 
20894 1215 8336 10047 
20895 3232 7534 9895 
20896 7879 3313 9735 
20897 4262 7434 10671 
20898 2731 7159 10519 
20899 3260 8086 10451 
20900 7617 2390 9737 
20901 8149 2721 8449 
20902 3445 9119 9404 
20903 9515 3208 9725 
20904 8610 2966 9183 
20905 3158 7818 9071 
20906 9475 1605 9786 
20907 3000 7802 10348 
20908 7056 1438 10769 
20909 8534 3672 9258 
20910 9142 3708 9585 
20911 7679 764 10448 
20912 8074 3202 10552 
20913 2713 7499 10616 
20914 7744 810 9646 
20915 3559 9027 9195 
20916 10008 3226 10171 
20917 7564 3009 10790 
20918 3468 7151 10739 
20919 10658 3582 10740 
20920 2549 7659 10392 
20921 7846 1765 10182 
20922 5298 7435 10745 
20923 2952 8169 9782 
20924 4278 9128 10313 
20925 6831 3084 10329 
20926 9161 3559 9195 
20927 9165 5254 10404 
20928 8664 4001 10322 
20929 7338 3330 10040 
20930 8107 1316 9862 
20931 7938 3053 10342 
20932 3108 7990 10101 
20933 9750 1484 9893 
20934 9119 634 9404 
20935 8007 5175 9520 
20936 7729 1823 9954 
20937 8358 5055 9286 
20938 7256 1242 9973 
20939 7394 2355 10248 
20940 2929 9304 9667 
20941 9139 4512 9764 
20942 9136 1528 9580 
20943 8553 3168 9349 
20944 3667 7503 10239 
20945 8064 2817 9231 
20946 3537 8428 10162 
20947 7872 3710 9495 
20948 9439 3041 10564 
20949 9144 1452 10012 
20950 1546 7713 10536 
20951 5204 7961 9721 
20952 3162 7931 10595 
20953 8873 1586 10516 
20954 3357 10046 10499 
20955 7820 3268 10070 
20956 2625 8613 10081 
20957 9006 2898 9295 
20958 9663 4461 9714 
20959 7739 2216 10698 
20960 140 8832 10720 
20961 6171 9241 10561 
20962 9900 4427 10495 
20963 3066 7966 9958 
20964 3032 8534 9258 
20965 2390 8916 9737 
20966 8564 1500 10297 
20967 804 9020 9435 
20968 593 7876 9766 
20969 3859 9407 10460 
20970 8048 3124 9331 
20971 2720 7852 10209 
20972 1450 8542 9113 
20973 7860 1590 10054 
20974 2382 9414 10455 
20975 8096 5540 9662 
20976 3042 8833 9612 
20977 1406 8125 10228 
20978 1066 8038 9485 
20979 7516 3537 10162 
20980 5160 9895 10433 
20981 1398 8192 8566 
20982 2740 8101 9964 
20983 3077 7878 10318 
20984 9299 3006 10263 
20985 7344 3615 10743 
20986 3113 7948 10308 
20987 3917 7581 10669 
20988 1405 8358 9286 
20989 2405 8157 10030 
20990 3249 7729 9954 
20991 584 8024 9205 
20992 3776 9379 10300 
20993 7647 697 10064 
20994 4318 9547 10712 
20995 9770 2943 10663 
20996 2478 7687 10475 
20997 9801 4463 10429 
20998 4530 7889 10280 
20999 4446 9923 10773 
21000 8829 599 9045 
21001 9158 4033 10082 
21002 3597 8888 9572 
21003 6097 9154 10005 
21004 7535 4502 9951 
21005 2892 8582 9524 
21006 3214 7056 10769 
21007 8058 1218 9618 
21008 2712 7972 10570 
21009 6981 2191 10639 
21010 7287 3096 10031 
21011 3095 9309 9375 
21012 4083 8081 9614 
21013 3824 7885 10299 
21014 7601 3934 10686 
21015 8273 2779 9419 
21016 7898 1807 10184 
21017 2991 8070 9842 
21018 5189 9152 10102 
21019 3120 7340 9995 
21020 3180 9306 9960 
21021 3734 9105 10751 
21022 7900 1719 9706 
21023 8525 1411 9330 
21024 7419 1228 10565 
21025 10046 1378 10198 
21026 7299 2532 10505 
21027 7376 2918 10485 
21028 1025 7357 10785 
21029 8791 4014 10307 
21030 8710 4891 9708 
21031 7792 1340 10175 
21032 3279 9236 10242 
21033 8279 3559 9472 
21034 741 10095 10399 
21035 8082 3045 9846 
21036 2921 8679 8841 
21037 8216 782 10563 
21038 3115 7293 10084 
21039 9438 3397 10625 
21040 2966 8320 9826 
21041 1145 7862 9518 
21042 8421 3047 9669 
21043 8299 3711 8923 
21044 8911 3986 10590 
21045 3380 8831 9330 
21046 8061 3342 9172 
21047 7888 1363 9792 
21048 2869 9290 9291 
21049 7317 3108 10101 
21050 7767 2605 10786 
21051 4120 9006 9295 
21052 8292 1188 9303 
21053 7435 4434 10745 
21054 7961 747 9721 
21055 7183 2855 10776 
21056 8956 1435 9459 
21057 7692 2862 9996 
21058 1749 7856 10281 
21059 8458 3764 9689 
21060 2708 7872 9495 
21061 7990 1965 10101 
21062 7497 2726 10605 
21063 7820 1369 10215 
21064 8641 1390 9781 
21065 7713 4628 10536 
21066 7444 3346 10735 
21067 8158 2681 9635 
21068 748 8748 10171 
21069 2643 8742 9819 
21070 4092 9381 9859 
21071 3045 8082 10332 
21072 3366 7883 10651 
21073 1975 8074 10552 
21074 2677 8648 9920 
21075 7416 1609 10766 
21076 1884 8940 10134 
21077 7948 1711 10308 
21078 3287 7394 10248 
21079 3921 10215 10702 
21080 2335 7104 10441 
21081 8475 859 9639 
21082 3268 7820 10215 
21083 3076 7735 10480 
21084 1361 8458 9689 
21085 3777 7913 10408 
21086 7310 3121 10125 
21087 1137 8036 9627 
21088 845 8207 10550 
21089 8051 4121 9894 
21090 9811 3321 10378 
21091 9466 1550 10251 
21092 3439 8475 9639 
21093 7325 3053 10265 
21094 3848 10273 10692 
21095 9777 3777 10408 
21096 3529 9371 9928 
21097 7585 1328 10316 
21098 3545 9944 9956 
21099 2806 6952 10548 
21100 3040 8932 9290 
21101 8964 3251 9313 
21102 3398 8823 10117 
21103 3271 7721 9657 
21104 7883 850 10651 
21105 9725 1465 10227 
21106 9134 1150 10100 
21107 3166 9209 9956 
21108 8096 2926 10424 
21109 8479 5152 10220 
21110 8667 5917 10731 
21111 3845 7719 8424 
21112 3542 9464 10293 
21113 7839 3875 10413 
21114 9367 4032 10747 
21115 3773 8956 9459 
21116 1089 8884 9793 
21117 4048 10046 10198 
21118 7432 2774 10135 
21119 2891 8163 9619 
21120 8647 2792 9367 
21121 1160 9367 10747 
21122 7018 2216 10787 
21123 4437 8053 10454 
21124 10095 3947 10399 
21125 1252 8710 9708 
21126 1592 8923 9359 
21127 1317 8422 9108 
21128 4137 7234 10244 
21129 3106 6918 10637 
21130 7661 3529 9928 
21131 3280 7570 10251 
21132 9805 1472 10518 
21133 9137 1495 10086 
21134 8767 3128 10584 
21135 9013 4348 9369 
21136 4163 9770 10663 
21137 3205 8681 9604 
21138 1592 8299 8923 
21139 2837 8052 9442 
21140 3617 7972 9818 
21141 3481 9136 9580 
21142 6600 2373 10628 
21143 8799 894 10049 
21144 198 9668 10647 
21145 3091 7877 10710 
21146 8409 790 10250 
21147 9510 3326 9772 
21148 3297 8222 9967 
21149 3102 7612 10213 
21150 10115 741 10399 
21151 8036 3538 9627 
21152 8585 1424 9357 
21153 3376 8349 10746 
21154 2972 7233 10246 
21155 9705 845 10550 
21156 8169 1584 9782 
21157 9026 1131 9387 
21158 2882 8091 10775 
21159 9691 2786 9738 
21160 8084 4242 9884 
21161 4081 10008 10171 
21162 8359 3402 10253 
21163 9144 3085 9145 
21164 8181 1861 10515 
21165 8059 1169 9390 
21166 8620 3845 9293 
21167 8548 2835 10371 
21168 8261 2741 9336 
21169 7950 3282 9980 
21170 1381 8726 10199 
21171 8672 2770 9715 
21172 9227 3137 10684 
21173 1376 8381 9983 
21174 9566 2899 10358 
21175 8232 5400 10642 
21176 7948 3113 10436 
21177 1506 8052 10557 
21178 3164 7369 10319 
21179 7989 3322 10559 
21180 7915 3161 10159 
21181 9022 3469 10015 
21182 8368 2761 9262 
21183 4001 8664 10135 
21184 755 7497 10605 
21185 8503 4666 10738 
21186 8249 2810 10144 
21187 1617 8397 10016 
21188 8655 2647 9493 
21189 8833 3977 9612 
21190 801 7938 10342 
21191 10076 3073 10355 
21192 4629 8146 10035 
21193 3674 9716 10317 
21194 7710 1787 9961 
21195 2503 8570 10212 
21196 3118 8132 9886 
21197 1604 8232 10642 
21198 2059 9157 10142 
21199 3546 8442 10444 
21200 4042 8488 9908 
21201 9270 3245 9526 
21202 10148 3223 10184 
21203 7413 989 9803 
21204 9078 4683 9408 
21205 8666 4886 9593 
21206 3385 7793 9242 
21207 8698 1118 10170 
21208 1221 8354 10470 
21209 7171 3189 10622 
21210 3174 8891 9412 
21211 3293 9777 10408 
21212 8902 1553 10414 
21213 7840 1114 10586 
21214 2511 7437 10354 
21215 9696 3389 10688 
21216 10409 3796 10623 
21217 9348 1052 10581 
21218 3694 9073 9998 
21219 3112 8220 10567 
21220 3631 9134 10100 
21221 3228 9801 10429 
21222 2696 8632 9955 
21223 9944 1309 9956 
21224 2829 8980 9397 
21225 9290 1432 9291 
21226 8216 2565 10460 
21227 9306 3602 9960 
21228 3753 8490 10168 
21229 8349 1597 10746 
21230 9093 2829 10279 
21231 2866 8409 10250 
21232 3229 9728 10702 
21233 4209 8181 10515 
21234 9952 1285 10116 
21235 3625 7912 10569 
21236 8125 5379 10228 
21237 2524 7380 10598 
21238 1424 8585 9828 
21239 10210 3261 10511 
21240 2936 7201 10627 
21241 917 8314 9965 
21242 8621 2845 9753 
21243 8576 2968 9750 
21244 9152 2964 10102 
21245 3033 8117 10495 
21246 3464 9510 9772 
21247 7234 4180 10244 
21248 1365 7634 10480 
21249 8653 6093 10120 
21250 9466 3674 9570 
21251 8361 3136 10277 
21252 8580 1374 9329 
21253 8413 1688 9598 
21254 1323 7839 10413 
21255 3202 7386 10552 
21256 8711 3548 10288 
21257 2289 9410 9773 
21258 1171 6963 10412 
21259 2240 8625 9882 
21260 1299 9679 10590 
21261 3444 6719 9250 
21262 619 7907 10523 
21263 9156 3406 10227 
21264 3005 7549 10402 
21265 8157 3331 10030 
21266 8461 3207 10196 
21267 2874 9579 10422 
21268 8207 2701 10550 
21269 8543 3317 10687 
21270 8166 1902 10535 
21271 1508 9460 9735 
21272 1402 8023 9982 
21273 9313 3251 9573 
21274 6347 9918 10637 
21275 4509 8655 9493 
21276 4328 9406 10330 
21277 3516 7860 10054 
21278 1088 9358 9917 
21279 3252 9270 9526 
21280 9381 3092 9859 
21281 2636 9128 9894 
21282 7978 3298 8144 
21283 8053 1858 10454 
21284 8582 590 9524 
21285 2927 8543 10687 
21286 9272 2196 9752 
21287 7735 1365 10480 
21288 4041 9646 10386 
21289 8381 3466 9983 
21290 3083 9703 10612 
21291 7856 3403 10281 
21292 3194 8844 10091 
21293 1457 7913 10341 
21294 10064 3618 10508 
21295 1412 9379 10670 
21296 4926 7598 10232 
21297 8359 937 10490 
21298 3441 8058 9618 
21299 8397 3390 10016 
21300 3742 9137 10086 
21301 10215 1369 10702 
21302 430 7758 10604 
21303 9374 3119 10683 
21304 1180 8330 10742 
21305 8795 3196 9277 
21306 3100 9144 10012 
21307 9716 737 10317 
21308 9209 3545 9956 
21309 1539 8007 9520 
21310 3089 9663 9714 
21311 8336 3768 10047 
21312 7715 564 10549 
21313 9464 808 10293 
21314 403 9843 10146 
21315 9728 3921 10702 
21316 8897 4682 10129 
21317 3300 9184 9621 
21318 8891 1324 9412 
21319 4287 9691 9738 
21320 8940 3946 10134 
21321 3858 8518 9344 
21322 10196 1326 10390 
21323 7837 3913 10374 
21324 9646 810 10386 
21325 3797 9461 10649 
21326 9379 3776 10670 
21327 9591 3111 9726 
21328 1606 10667 10749 
21329 8070 1387 9842 
21330 9373 3647 10227 
21331 3660 8530 9955 
21332 4776 9566 10358 
21333 4040 8055 10737 
21334 4590 10076 10355 
21335 8397 3301 10453 
21336 9899 3480 10463 
21337 8869 1018 9906 
21338 5121 7965 10781 
21339 8220 1833 10567 
21340 2974 8588 10372 
21341 9476 4772 10707 
21342 8717 1514 9701 
21343 8939 4709 10418 
21344 3518 9718 10523 
21345 5200 8391 10388 
21346 4261 10115 10399 
21347 9851 3814 10729 
21348 2933 9078 9408 
21349 4144 10085 10584 
21350 1259 8617 10621 
21351 3524 8911 10590 
21352 9355 4860 9842 
21353 8726 3624 10199 
21354 3184 9139 9764 
21355 8038 2977 9485 
21356 1211 8711 10288 
21357 9059 3349 10719 
21358 3556 9022 10015 
21359 10138 697 10139 
21360 2204 9094 10197 
21361 9671 4551 10633 
21362 1796 10489 10688 
21363 7988 2948 10577 
21364 2328 9165 10404 
21365 8422 1317 10178 
21366 8411 2973 9841 
21367 8909 2446 10395 
21368 8932 1432 9290 
21369 3476 8753 10660 
21370 3489 8799 10049 
21371 10273 1697 10692 
21372 5280 8524 10711 
21373 1266 8866 10779 
21374 9163 3113 10308 
21375 9659 3246 9809 
21376 2555 8479 10220 
21377 7972 3617 10570 
21378 8175 2511 10354 
21379 810 8627 10386 
21380 3554 8503 10738 
21381 8581 2251 10613 
21382 582 9889 9890 
21383 3384 8879 10594 
21384 3402 8359 10490 
21385 9004 4007 10533 
21386 8627 3003 10386 
21387 4601 9163 10308 
21388 9573 1542 9574 
21389 3053 8415 10342 
21390 3413 8166 10535 
21391 587 9448 10167 
21392 1350 10007 10449 
21393 3036 8324 10283 
21394 8753 1072 10660 
21395 9252 3594 10697 
21396 8612 709 10730 
21397 9918 3106 10637 
21398 9579 5048 10422 
21399 9699 3660 10026 
21400 1550 9466 9570 
21401 8823 854 10117 
21402 8490 1416 10168 
21403 9086 5673 9836 
21404 1608 8868 10045 
21405 9140 4780 10754 
21406 1387 9355 9842 
21407 9461 1356 10649 
21408 9679 3524 10590 
21409 1499 8743 9998 
21410 10072 3759 10717 
21411 938 9652 9902 
21412 3466 8381 10518 
21413 3774 9299 10263 
21414 10006 3497 10582 
21415 9526 3245 9975 
21416 8492 3629 9924 
21417 4414 8909 10395 
21418 8726 3375 10434 
21419 9965 3650 10373 
21420 9231 2817 10034 
21421 1512 8653 10120 
21422 5022 9199 10490 
21423 9532 3549 10516 
21424 4270 10148 10184 
21425 8884 4544 9793 
21426 9080 2060 10784 
21427 4019 8300 10459 
21428 7877 772 10710 
21429 3418 9573 9574 
21430 9154 2930 10005 
21431 8886 1126 10305 
21432 2918 8764 10510 
21433 3406 9373 10227 
21434 3418 9313 9573 
21435 8879 1707 10594 
21436 3247 8111 10789 
21437 3711 8922 8923 
21438 3803 9558 10234 
21439 4640 9705 10550 
21440 9358 3170 10118 
21441 2144 8825 10641 
21442 9184 3461 9621 
21443 9558 301 10234 
21444 3770 10006 10582 
21445 8747 2938 10022 
21446 8866 3670 10779 
21447 4374 9591 9726 
21448 1546 10072 10717 
21449 3503 10501 10708 
21450 9414 4606 10455 
21451 1391 9059 10719 
21452 8581 3143 9852 
21453 5076 9484 10575 
21454 5002 9891 10464 
21455 1421 8767 10584 
21456 3041 9095 9946 
21457 9157 3974 10142 
21458 3963 9851 10729 
21459 8189 3170 10362 
21460 9668 4327 10647 
21461 3943 8652 10520 
21462 9889 3160 9890 
21463 10133 890 10398 
21464 2752 7456 10629 
21465 8617 3542 10621 
21466 9698 2059 10142 
21467 10501 3746 10708 
21468 10099 3474 10574 
21469 9652 3649 9902 
21470 1368 9438 10625 
21471 3684 9509 10581 
21472 3613 9387 10065 
21473 9664 111 10331 
21474 9073 1499 9998 
21475 8844 1395 10091 
21476 9199 3402 10490 
21477 3711 8280 8922 
21478 10489 4009 10688 
21479 3613 9026 9387 
21480 9236 1977 10242 
21481 3974 8569 10142 
21482 8604 3376 10746 
21483 10085 1421 10584 
21484 1465 9156 10227 
21485 9640 541 10532 
21486 3007 9606 10578 
21487 4104 9778 10730 
21488 4960 9227 10684 
21489 3855 9664 10331 
21490 1216 9252 10697 
21491 4179 9159 10664 
21492 10072 1546 10536 
21493 8825 3639 10641 
21494 4524 10138 10139 
21495 8978 490 10334 
21496 3594 10271 10697 
21497 3731 9532 10516 
21498 8952 3366 10651 
21499 3306 9291 10465 
21500 10667 4272 10749 
21501 1452 9144 9145 
21502 9570 3674 10317 
21503 1991 9526 9975 
21504 9291 1432 10465 
21505 3955 9952 10116 
21506 2170 8924 10767 
21507 9351 2802 10500 
21508 9843 4066 10146 
21509 2762 8881 10593 
21510 8936 3263 10778 
21511 9794 5557 10127 
21512 8632 1334 9955 
21513 10038 3510 10301 
21514 917 9965 10373 
21515 287 10364 10365 
21516 4009 9696 10688 
21517 9047 4042 10673 
21518 9372 2818 10645 
21519 7802 2520 10348 
21520 9891 1192 10464 
21521 9798 4633 10541 
21522 10288 3548 10764 
21523 3681 9080 10784 
21524 4998 10004 10176 
21525 3358 9348 10581 
21526 1168 9656 10208 
21527 3967 9899 10463 
21528 854 10038 10117 
21529 9718 4607 10523 
21530 5024 9640 10532 
21531 1469 9659 9809 
21532 9448 3620 10167 
21533 9358 3689 9917 
21534 3759 10133 10398 
21535 3675 9570 10317 
21536 3598 9904 10312 
21537 9606 5650 10578 
21538 10007 4292 10449 
21539 10013 4249 10384 
21540 3424 9671 10633 
21541 10124 784 10275 
21542 1456 9439 10564 
21543 2251 9797 10613 
21544 4689 10124 10275 
21545 9644 1789 10526 
21546 9094 1283 10197 
21547 657 9798 10541 
21548 9509 3358 10581 
21549 3116 9794 10127 
21550 3477 10013 10384 
21551 10165 5011 10527 
21552 3288 10165 10527 
21553 6305 10110 10566 
21554 3689 9358 10118 
21555 10343 4093 10632 
21556 9893 1484 10444 
21557 10390 1326 10391 
21558 10271 4072 10697 
21559 9241 3015 10561 
21560 3742 10086 10513 
21561 10398 3742 10717 
21562 3815 10072 10536 
21563 9904 3723 10312 
21564 3742 10513 10717 
21565 10484 5726 10710 
21566 10004 3219 10176 
21567 10086 3743 10513 
21568 10513 1546 10717 
21569 10110 1567 10566 
21570 3716 10715 10737 
21571 3676 10038 10301 
21572 1631 10099 10574 
21573 3759 10398 10717 
21574 8378 3255 10752 
21575 10038 3676 10117 
21576 10463 1412 10670 
21577 10364 4189 10365 
21578 3700 10390 10391 
21579 3827 9644 10526 
21580 9797 3903 10613 
21581 3640 10343 10632 
21582 3967 10463 10670 
21583 4039 10288 10764 
21584 2752 10629 10761 
21585 772 10484 10710 
21586 10715 4040 10737 
$EndElements
