$MeshFormat
4.1 0 8
$EndMeshFormat
$Entities
4 4 1 0
1 0 0 0 0 
2 2 0 0 0 
3 2 2 0 0 
4 0 2 0 0 
1 0 0 0 2 0 0 1 1 2 1 -2 
2 2 0 0 2 2 0 1 2 2 2 -3 
3 0 2 0 2 2 0 1 3 2 3 -4 
4 0 0 0 0 2 0 1 4 2 4 -1 
1 0 0 0 2 2 0 1 5 4 1 2 3 4 
$EndEntities
$Nodes
9 2211 1 2211
0 1 0 1
1
0 0 0
0 2 0 1
2
2 0 0
0 3 0 1
3
2 2 0
0 4 0 1
4
0 2 0
1 1 0 39
5
6
7
8
9
10
11
12
13
14
15
16
17
18
19
20
21
22
23
24
25
26
27
28
29
30
31
32
33
34
35
36
37
38
39
40
41
42
43
0.04999999999990573 0 0
0.0999999999997993 0 0
0.1499999999997056 0 0
0.1999999999996293 0 0
0.2499999999995475 0 0
0.2999999999994072 0 0
0.3499999999992615 0 0
0.3999999999991157 0 0
0.44999999999897 0 0
0.4999999999988242 0 0
0.5499999999986784 0 0
0.5999999999985328 0 0
0.649999999998387 0 0
0.6999999999982413 0 0
0.7499999999980955 0 0
0.7999999999979498 0 0
0.8499999999978042 0 0
0.8999999999976585 0 0
0.9499999999975127 0 0
0.9999999999973885 0 0
1.049999999997498 0 0
1.09999999999763 0 0
1.149999999997762 0 0
1.199999999997894 0 0
1.249999999998025 0 0
1.299999999998157 0 0
1.349999999998289 0 0
1.39999999999842 0 0
1.449999999998552 0 0
1.499999999998683 0 0
1.549999999998815 0 0
1.599999999998947 0 0
1.649999999999078 0 0
1.69999999999921 0 0
1.749999999999342 0 0
1.799999999999474 0 0
1.849999999999605 0 0
1.899999999999737 0 0
1.949999999999869 0 0
1 2 0 39
44
45
46
47
48
49
50
51
52
53
54
55
56
57
58
59
60
61
62
63
64
65
66
67
68
69
70
71
72
73
74
75
76
77
78
79
80
81
82
2 0.04999999999990573 0
2 0.0999999999997993 0
2 0.1499999999997056 0
2 0.1999999999996293 0
2 0.2499999999995475 0
2 0.2999999999994072 0
2 0.3499999999992615 0
2 0.3999999999991157 0
2 0.44999999999897 0
2 0.4999999999988242 0
2 0.5499999999986784 0
2 0.5999999999985328 0
2 0.649999999998387 0
2 0.6999999999982413 0
2 0.7499999999980955 0
2 0.7999999999979498 0
2 0.8499999999978042 0
2 0.8999999999976585 0
2 0.9499999999975127 0
2 0.9999999999973885 0
2 1.049999999997498 0
2 1.09999999999763 0
2 1.149999999997762 0
2 1.199999999997894 0
2 1.249999999998025 0
2 1.299999999998157 0
2 1.349999999998289 0
2 1.39999999999842 0
2 1.449999999998552 0
2 1.499999999998683 0
2 1.549999999998815 0
2 1.599999999998947 0
2 1.649999999999078 0
2 1.69999999999921 0
2 1.749999999999342 0
2 1.799999999999474 0
2 1.849999999999605 0
2 1.899999999999737 0
2 1.949999999999869 0
1 3 0 39
83
84
85
86
87
88
89
90
91
92
93
94
95
96
97
98
99
100
101
102
103
104
105
106
107
108
109
110
111
112
113
114
115
116
117
118
119
120
121
1.949999999999792 2 0
1.899999999999584 2 0
1.849999999999375 2 0
1.799999999999167 2 0
1.749999999999002 2 0
1.699999999999306 2 0
1.649999999999653 2 0
1.6 2 0
1.550000000000346 2 0
1.500000000000693 2 0
1.45000000000104 2 0
1.400000000001387 2 0
1.350000000001733 2 0
1.30000000000208 2 0
1.250000000002427 2 0
1.200000000002774 2 0
1.150000000003121 2 0
1.100000000003467 2 0
1.050000000003814 2 0
1.000000000004117 2 0
0.9500000000039528 2 0
0.9000000000037447 2 0
0.8500000000035368 2 0
0.8000000000033287 2 0
0.7500000000031206 2 0
0.7000000000029127 2 0
0.6500000000027044 2 0
0.6000000000024965 2 0
0.5500000000022884 2 0
0.5000000000020806 2 0
0.4500000000018725 2 0
0.4000000000016644 2 0
0.3500000000014563 2 0
0.3000000000012482 2 0
0.2500000000010403 2 0
0.200000000000832 2 0
0.1500000000006243 2 0
0.100000000000416 2 0
0.0500000000002081 2 0
1 4 0 39
122
123
124
125
126
127
128
129
130
131
132
133
134
135
136
137
138
139
140
141
142
143
144
145
146
147
148
149
150
151
152
153
154
155
156
157
158
159
160
0 1.949999999999792 0
0 1.899999999999584 0
0 1.849999999999375 0
0 1.799999999999167 0
0 1.749999999999002 0
0 1.699999999999306 0
0 1.649999999999653 0
0 1.6 0
0 1.550000000000346 0
0 1.500000000000693 0
0 1.45000000000104 0
0 1.400000000001387 0
0 1.350000000001733 0
0 1.30000000000208 0
0 1.250000000002427 0
0 1.200000000002774 0
0 1.150000000003121 0
0 1.100000000003467 0
0 1.050000000003814 0
0 1.000000000004117 0
0 0.9500000000039528 0
0 0.9000000000037447 0
0 0.8500000000035368 0
0 0.8000000000033287 0
0 0.7500000000031206 0
0 0.7000000000029127 0
0 0.6500000000027044 0
0 0.6000000000024965 0
0 0.5500000000022884 0
0 0.5000000000020806 0
0 0.4500000000018725 0
0 0.4000000000016644 0
0 0.3500000000014563 0
0 0.3000000000012482 0
0 0.2500000000010403 0
0 0.200000000000832 0
0 0.1500000000006243 0
0 0.100000000000416 0
0 0.0500000000002081 0
2 1 0 2051
161
162
163
164
165
166
167
168
169
170
171
172
173
174
175
176
177
178
179
180
181
182
183
184
185
186
187
188
189
190
191
192
193
194
195
196
197
198
199
200
201
202
203
204
205
206
207
208
209
210
211
212
213
214
215
216
217
218
219
220
221
222
223
224
225
226
227
228
229
230
231
232
233
234
235
236
237
238
239
240
241
242
243
244
245
246
247
248
249
250
251
252
253
254
255
256
257
258
259
260
261
262
263
264
265
266
267
268
269
270
271
272
273
274
275
276
277
278
279
280
281
282
283
284
285
286
287
288
289
290
291
292
293
294
295
296
297
298
299
300
301
302
303
304
305
306
307
308
309
310
311
312
313
314
315
316
317
318
319
320
321
322
323
324
325
326
327
328
329
330
331
332
333
334
335
336
337
338
339
340
341
342
343
344
345
346
347
348
349
350
351
352
353
354
355
356
357
358
359
360
361
362
363
364
365
366
367
368
369
370
371
372
373
374
375
376
377
378
379
380
381
382
383
384
385
386
387
388
389
390
391
392
393
394
395
396
397
398
399
400
401
402
403
404
405
406
407
408
409
410
411
412
413
414
415
416
417
418
419
420
421
422
423
424
425
426
427
428
429
430
431
432
433
434
435
436
437
438
439
440
441
442
443
444
445
446
447
448
449
450
451
452
453
454
455
456
457
458
459
460
461
462
463
464
465
466
467
468
469
470
471
472
473
474
475
476
477
478
479
480
481
482
483
484
485
486
487
488
489
490
491
492
493
494
495
496
497
498
499
500
501
502
503
504
505
506
507
508
509
510
511
512
513
514
515
516
517
518
519
520
521
522
523
524
525
526
527
528
529
530
531
532
533
534
535
536
537
538
539
540
541
542
543
544
545
546
547
548
549
550
551
552
553
554
555
556
557
558
559
560
561
562
563
564
565
566
567
568
569
570
571
572
573
574
575
576
577
578
579
580
581
582
583
584
585
586
587
588
589
590
591
592
593
594
595
596
597
598
599
600
601
602
603
604
605
606
607
608
609
610
611
612
613
614
615
616
617
618
619
620
621
622
623
624
625
626
627
628
629
630
631
632
633
634
635
636
637
638
639
640
641
642
643
644
645
646
647
648
649
650
651
652
653
654
655
656
657
658
659
660
661
662
663
664
665
666
667
668
669
670
671
672
673
674
675
676
677
678
679
680
681
682
683
684
685
686
687
688
689
690
691
692
693
694
695
696
697
698
699
700
701
702
703
704
705
706
707
708
709
710
711
712
713
714
715
716
717
718
719
720
721
722
723
724
725
726
727
728
729
730
731
732
733
734
735
736
737
738
739
740
741
742
743
744
745
746
747
748
749
750
751
752
753
754
755
756
757
758
759
760
761
762
763
764
765
766
767
768
769
770
771
772
773
774
775
776
777
778
779
780
781
782
783
784
785
786
787
788
789
790
791
792
793
794
795
796
797
798
799
800
801
802
803
804
805
806
807
808
809
810
811
812
813
814
815
816
817
818
819
820
821
822
823
824
825
826
827
828
829
830
831
832
833
834
835
836
837
838
839
840
841
842
843
844
845
846
847
848
849
850
851
852
853
854
855
856
857
858
859
860
861
862
863
864
865
866
867
868
869
870
871
872
873
874
875
876
877
878
879
880
881
882
883
884
885
886
887
888
889
890
891
892
893
894
895
896
897
898
899
900
901
902
903
904
905
906
907
908
909
910
911
912
913
914
915
916
917
918
919
920
921
922
923
924
925
926
927
928
929
930
931
932
933
934
935
936
937
938
939
940
941
942
943
944
945
946
947
948
949
950
951
952
953
954
955
956
957
958
959
960
961
962
963
964
965
966
967
968
969
970
971
972
973
974
975
976
977
978
979
980
981
982
983
984
985
986
987
988
989
990
991
992
993
994
995
996
997
998
999
1000
1001
1002
1003
1004
1005
1006
1007
1008
1009
1010
1011
1012
1013
1014
1015
1016
1017
1018
1019
1020
1021
1022
1023
1024
1025
1026
1027
1028
1029
1030
1031
1032
1033
1034
1035
1036
1037
1038
1039
1040
1041
1042
1043
1044
1045
1046
1047
1048
1049
1050
1051
1052
1053
1054
1055
1056
1057
1058
1059
1060
1061
1062
1063
1064
1065
1066
1067
1068
1069
1070
1071
1072
1073
1074
1075
1076
1077
1078
1079
1080
1081
1082
1083
1084
1085
1086
1087
1088
1089
1090
1091
1092
1093
1094
1095
1096
1097
1098
1099
1100
1101
1102
1103
1104
1105
1106
1107
1108
1109
1110
1111
1112
1113
1114
1115
1116
1117
1118
1119
1120
1121
1122
1123
1124
1125
1126
1127
1128
1129
1130
1131
1132
1133
1134
1135
1136
1137
1138
1139
1140
1141
1142
1143
1144
1145
1146
1147
1148
1149
1150
1151
1152
1153
1154
1155
1156
1157
1158
1159
1160
1161
1162
1163
1164
1165
1166
1167
1168
1169
1170
1171
1172
1173
1174
1175
1176
1177
1178
1179
1180
1181
1182
1183
1184
1185
1186
1187
1188
1189
1190
1191
1192
1193
1194
1195
1196
1197
1198
1199
1200
1201
1202
1203
1204
1205
1206
1207
1208
1209
1210
1211
1212
1213
1214
1215
1216
1217
1218
1219
1220
1221
1222
1223
1224
1225
1226
1227
1228
1229
1230
1231
1232
1233
1234
1235
1236
1237
1238
1239
1240
1241
1242
1243
1244
1245
1246
1247
1248
1249
1250
1251
1252
1253
1254
1255
1256
1257
1258
1259
1260
1261
1262
1263
1264
1265
1266
1267
1268
1269
1270
1271
1272
1273
1274
1275
1276
1277
1278
1279
1280
1281
1282
1283
1284
1285
1286
1287
1288
1289
1290
1291
1292
1293
1294
1295
1296
1297
1298
1299
1300
1301
1302
1303
1304
1305
1306
1307
1308
1309
1310
1311
1312
1313
1314
1315
1316
1317
1318
1319
1320
1321
1322
1323
1324
1325
1326
1327
1328
1329
1330
1331
1332
1333
1334
1335
1336
1337
1338
1339
1340
1341
1342
1343
1344
1345
1346
1347
1348
1349
1350
1351
1352
1353
1354
1355
1356
1357
1358
1359
1360
1361
1362
1363
1364
1365
1366
1367
1368
1369
1370
1371
1372
1373
1374
1375
1376
1377
1378
1379
1380
1381
1382
1383
1384
1385
1386
1387
1388
1389
1390
1391
1392
1393
1394
1395
1396
1397
1398
1399
1400
1401
1402
1403
1404
1405
1406
1407
1408
1409
1410
1411
1412
1413
1414
1415
1416
1417
1418
1419
1420
1421
1422
1423
1424
1425
1426
1427
1428
1429
1430
1431
1432
1433
1434
1435
1436
1437
1438
1439
1440
1441
1442
1443
1444
1445
1446
1447
1448
1449
1450
1451
1452
1453
1454
1455
1456
1457
1458
1459
1460
1461
1462
1463
1464
1465
1466
1467
1468
1469
1470
1471
1472
1473
1474
1475
1476
1477
1478
1479
1480
1481
1482
1483
1484
1485
1486
1487
1488
1489
1490
1491
1492
1493
1494
1495
1496
1497
1498
1499
1500
1501
1502
1503
1504
1505
1506
1507
1508
1509
1510
1511
1512
1513
1514
1515
1516
1517
1518
1519
1520
1521
1522
1523
1524
1525
1526
1527
1528
1529
1530
1531
1532
1533
1534
1535
1536
1537
1538
1539
1540
1541
1542
1543
1544
1545
1546
1547
1548
1549
1550
1551
1552
1553
1554
1555
1556
1557
1558
1559
1560
1561
1562
1563
1564
1565
1566
1567
1568
1569
1570
1571
1572
1573
1574
1575
1576
1577
1578
1579
1580
1581
1582
1583
1584
1585
1586
1587
1588
1589
1590
1591
1592
1593
1594
1595
1596
1597
1598
1599
1600
1601
1602
1603
1604
1605
1606
1607
1608
1609
1610
1611
1612
1613
1614
1615
1616
1617
1618
1619
1620
1621
1622
1623
1624
1625
1626
1627
1628
1629
1630
1631
1632
1633
1634
1635
1636
1637
1638
1639
1640
1641
1642
1643
1644
1645
1646
1647
1648
1649
1650
1651
1652
1653
1654
1655
1656
1657
1658
1659
1660
1661
1662
1663
1664
1665
1666
1667
1668
1669
1670
1671
1672
1673
1674
1675
1676
1677
1678
1679
1680
1681
1682
1683
1684
1685
1686
1687
1688
1689
1690
1691
1692
1693
1694
1695
1696
1697
1698
1699
1700
1701
1702
1703
1704
1705
1706
1707
1708
1709
1710
1711
1712
1713
1714
1715
1716
1717
1718
1719
1720
1721
1722
1723
1724
1725
1726
1727
1728
1729
1730
1731
1732
1733
1734
1735
1736
1737
1738
1739
1740
1741
1742
1743
1744
1745
1746
1747
1748
1749
1750
1751
1752
1753
1754
1755
1756
1757
1758
1759
1760
1761
1762
1763
1764
1765
1766
1767
1768
1769
1770
1771
1772
1773
1774
1775
1776
1777
1778
1779
1780
1781
1782
1783
1784
1785
1786
1787
1788
1789
1790
1791
1792
1793
1794
1795
1796
1797
1798
1799
1800
1801
1802
1803
1804
1805
1806
1807
1808
1809
1810
1811
1812
1813
1814
1815
1816
1817
1818
1819
1820
1821
1822
1823
1824
1825
1826
1827
1828
1829
1830
1831
1832
1833
1834
1835
1836
1837
1838
1839
1840
1841
1842
1843
1844
1845
1846
1847
1848
1849
1850
1851
1852
1853
1854
1855
1856
1857
1858
1859
1860
1861
1862
1863
1864
1865
1866
1867
1868
1869
1870
1871
1872
1873
1874
1875
1876
1877
1878
1879
1880
1881
1882
1883
1884
1885
1886
1887
1888
1889
1890
1891
1892
1893
1894
1895
1896
1897
1898
1899
1900
1901
1902
1903
1904
1905
1906
1907
1908
1909
1910
1911
1912
1913
1914
1915
1916
1917
1918
1919
1920
1921
1922
1923
1924
1925
1926
1927
1928
1929
1930
1931
1932
1933
1934
1935
1936
1937
1938
1939
1940
1941
1942
1943
1944
1945
1946
1947
1948
1949
1950
1951
1952
1953
1954
1955
1956
1957
1958
1959
1960
1961
1962
1963
1964
1965
1966
1967
1968
1969
1970
1971
1972
1973
1974
1975
1976
1977
1978
1979
1980
1981
1982
1983
1984
1985
1986
1987
1988
1989
1990
1991
1992
1993
1994
1995
1996
1997
1998
1999
2000
2001
2002
2003
2004
2005
2006
2007
2008
2009
2010
2011
2012
2013
2014
2015
2016
2017
2018
2019
2020
2021
2022
2023
2024
2025
2026
2027
2028
2029
2030
2031
2032
2033
2034
2035
2036
2037
2038
2039
2040
2041
2042
2043
2044
2045
2046
2047
2048
2049
2050
2051
2052
2053
2054
2055
2056
2057
2058
2059
2060
2061
2062
2063
2064
2065
2066
2067
2068
2069
2070
2071
2072
2073
2074
2075
2076
2077
2078
2079
2080
2081
2082
2083
2084
2085
2086
2087
2088
2089
2090
2091
2092
2093
2094
2095
2096
2097
2098
2099
2100
2101
2102
2103
2104
2105
2106
2107
2108
2109
2110
2111
2112
2113
2114
2115
2116
2117
2118
2119
2120
2121
2122
2123
2124
2125
2126
2127
2128
2129
2130
2131
2132
2133
2134
2135
2136
2137
2138
2139
2140
2141
2142
2143
2144
2145
2146
2147
2148
2149
2150
2151
2152
2153
2154
2155
2156
2157
2158
2159
2160
2161
2162
2163
2164
2165
2166
2167
2168
2169
2170
2171
2172
2173
2174
2175
2176
2177
2178
2179
2180
2181
2182
2183
2184
2185
2186
2187
2188
2189
2190
2191
2192
2193
2194
2195
2196
2197
2198
2199
2200
2201
2202
2203
2204
2205
2206
2207
2208
2209
2210
2211
1 1 0
1.418909169491954 1.415617896297511 0
0.5827925323121003 1.412416851195413 0
1.417207467687905 0.5875831488045989 0
0.5875831488045855 0.5827925323121039 0
1.002350617781578 1.559766825881002 0
0.4402331741190033 1.002350617781588 0
1.559079214176893 0.9992762615921786 0
0.9976493822184207 0.4402331741190044 0
1.653894054576587 1.655955612322996 0
0.344044387677003 1.653894054576593 0
1.655955612322983 0.3461059454234257 0
0.3461059454234183 0.3440443876770151 0
1.13223808050611 1.279549810754199 0
0.719686411149842 1.133972125435578 0
1.273339810289833 0.874463882178846 0
0.867285842120924 0.7232032217373614 0
1.280484962091678 1.694060760722357 0
0.3059392392776463 1.28048496209169 0
1.694060760722349 0.7195150379083346 0
0.7195150379083235 0.3059392392776542 0
1.685772061950234 1.282370946153025 0
0.7143478948951661 1.684440591512626 0
1.285652105104865 0.3155594084873422 0
0.3155594084873756 0.7143478948951755 0
0.8826025009500565 1.332346729453405 0
1.367561417798395 1.165494250271355 0
0.6653873664521832 0.8808698506247187 0
1.117397499049934 0.6676532705466131 0
1.068161527395091 1.772838045146544 0
0.2271619548534578 1.068161527395102 0
1.772838045146598 0.9318384726049326 0
0.9318384726049228 0.227161954853403 0
1.478488139161945 1.788580743541426 0
0.211419256458575 1.478488139161955 0
1.788580743541449 0.5215118608380511 0
0.5215118608380402 0.2114192564585515 0
1.78259904661493 1.478194349265386 0
1.478194349265371 0.2174009533850661 0
0.5218056507346449 1.782599046614871 0
0.2174009533851255 0.5218056507346597 0
1.209790432434307 1.487763229931863 0
0.5086939325035179 1.205102023015318 0
1.488261720779016 0.7922704435549248 0
0.7925871141967932 0.5083505654815218 0
1.196963575183152 1.047744053778352 0
1.799032555328865 0.2009674446711393 0
0.2009674446711374 0.2009674446711315 0
1.799032555328866 1.799032555328864 0
0.2009674446711331 1.799032555328867 0
0.7711960497217967 1.503813333310782 0
1.228803950278222 0.4961866666892052 0
0.496186666689224 0.7711960497218051 0
0.8777016533845651 1.806737406216566 0
0.1932625937834352 0.8777016533845753 0
1.806737406216467 1.122298346615436 0
1.122298346615427 0.1932625937835347 0
1.48016475225872 1.583571008235747 0
0.4164289917642567 1.480164752258732 0
1.583571008235753 0.5198352477412841 0
0.5198352477412731 0.4164289917642476 0
1.596089006463214 1.433383916334122 0
1.44172471291931 0.400774134839034 0
0.5582752870807433 1.59922586516095 0
0.4007741348390487 0.5582752870807505 0
0.9839914965645973 1.182592892527235 0
0.8209985160726898 0.9819869845016096 0
1.095545809150729 0.8470737478499708 0
1.510512993074663 1.26649660252482 0
0.710270902699449 1.307333419109837 0
1.391368045588714 1.001909687365884 0
1.284998638411883 0.6960951453245604 0
0.7003985364311963 0.702100835088328 0
1.627812661413425 1.83324248522292 0
0.1667575147770772 1.627812661413428 0
1.833242485223101 0.3721873385865532 0
0.372187338586548 0.166757514776897 0
1.645837397334889 0.169429629248008 0
1.830570370752004 1.645837397334891 0
0.1694296292481472 0.3541626026652949 0
0.3541626026652931 1.830570370751863 0
1.030837473571418 1.398251570914478 0
1.294614233228414 1.306298757170032 0
0.6017484290855286 1.030837473571431 0
0.9694467375812399 0.5963815979978697 0
1.219681712031032 1.839581824740495 0
0.160418175259507 1.219681712031044 0
1.839581824740532 0.7803182879689614 0
0.780318287968952 0.1604181752594695 0
1.840931260537737 1.323477308540205 0
1.323477308540191 0.1590687394622621 0
0.6765226914597672 1.840931260537737 0
0.159068739462262 0.6765226914597824 0
0.8703986683942116 1.649335444031357 0
1.649196241972121 1.129126587752869 0
0.3506645559686463 0.8703986683942219 0
1.129601331605837 0.3506645559687386 0
0.9243361750485446 0.8702379156874313 0
1.135823673503884 1.638160408885386 0
0.3618395911146169 1.135823673503893 0
1.637959952682399 0.8658783381656994 0
0.8641763264961374 0.3618395911145629 0
1.332859172265548 1.551570201127789 0
0.4391235712115547 1.333689991666139 0
1.560876428788435 0.6663100083338803 0
0.6663100083338706 0.4391235712115694 0
1.357784267136673 1.858093613124884 0
0.1419063868751146 1.357784267136684 0
1.858093613124902 0.6422157328633167 0
0.642215732863306 0.1419063868750979 0
1.497559179418379 1.119846072658097 0
0.8620656751719793 1.113662769728261 0
1.002877496088568 0.7476065028290227 0
0.9027880613483796 1.468499042194476 0
0.5315009578055307 0.902788061348389 0
1.096766635008805 0.5319132864949632 0
1.229160095675186 1.182208003089668 0
0.7898623933943397 0.8334810721728652 0
1.104992608507155 1.140902314031496 0
0.9871216323236505 1.872822493400089 0
0.1271775065999128 0.9871216323236617 0
1.872822493400013 1.012878367676441 0
1.012878367676432 0.1271775065999891 0
0.8136231884602736 1.230787681921814 0
0.9934247212116845 1.691990789167011 0
0.3080092108329939 0.9934247212116964 0
1.684105205289438 1.014238751626059 0
1.006575278788317 0.3080092108329863 0
1.401403473836151 1.687677540380394 0
0.3123224596196061 1.401403473836162 0
1.687677540380421 0.5985965261638533 0
0.5985965261638416 0.3123224596195803 0
1.676906389939663 1.534826972325432 0
0.4651730276745931 1.676906389939616 0
1.534826972325417 0.3230936100603315 0
0.3230936100603782 0.4651730276746073 0
0.6437261144742781 1.525734522328881 0
1.356273885525741 0.4742654776711109 0
0.4742654776711202 0.6437261144742853 0
0.5948929779679085 1.29413032825992 0
1.401959207308171 0.7104892168140176 0
0.7058696717400846 0.5948929779679112 0
1.860768554631401 1.219414709544513 0
1.2194147095445 0.1392314453686004 0
0.7805852904554893 1.860768554631445 0
0.1392314453685542 0.780585290455502 0
1.195506999912098 0.7741748890322686 0
1.39892977263078 0.8772222435363808 0
1.882108910878085 0.120920647012393 0
0.1209206470124028 0.1178910891219122 0
1.883869187363192 1.875557415250343 0
0.117891089121954 1.879079352987613 0
1.114523467161872 0.9649060468466376 0
1.109461883296746 1.88429296378749 0
0.1157070362125115 1.109461883296756 0
1.884292963787559 0.8905381167032491 0
0.8905381167032397 0.1157070362124419 0
1.529692455744609 1.883007700303247 0
0.116992299696752 1.529692455744615 0
1.883007700303351 0.4703075442554198 0
0.4703075442554135 0.1169922996966492 0
1.883771243395114 1.529126974481217 0
1.52912697448121 0.1162287566048879 0
0.4708730255187874 1.883771243395078 0
0.1162287566049238 0.4708730255187913 0
1.545076466225407 1.687786636944875 0
0.3122133630551261 1.545076466225416 0
1.687786636944888 0.4549235337745905 0
0.4549235337745809 0.3122133630551138 0
1.69519355357697 1.384012110606778 0
1.385269744826821 0.3034840226313408 0
0.6147302551732179 1.696515977368624 0
0.3034840226313756 0.6147302551732271 0
1.308610154491229 1.417378976878741 0
1.023216461139021 1.289226503959069 0
0.7182421008383268 1.015372519251832 0
1.144338732438291 1.391815137187994 0
0.6175011310823668 1.145956902635357 0
0.852656747782997 0.6159990565155904 0
1.39851454853886 1.26792035051603 0
1.090397902275676 1.498311731655013 0
0.5016882683449932 1.090397902275685 0
0.9096020977243258 0.5016882683449992 0
1.734195031228644 1.888367604728708 0
0.1116323952712906 1.734195031228643 0
1.888367604728833 0.2658049687713165 0
0.2658049687713158 0.1116323952711655 0
1.722725421462213 0.1175394421274473 0
1.882460557872562 1.722725421462211 0
0.1175394421274875 0.2772745785379537 0
0.277274578537955 1.882460557872522 0
1.307532866616828 1.068955512818404 0
0.7883876885033888 1.38567279463338 0
1.213063662957621 0.6119531100076285 0
0.6149334563013716 0.7893709231081425 0
1.506717845800145 0.9024472941649738 0
1.174336141595663 1.736277221707897 0
0.2637227782921054 1.174336141595674 0
1.736277221707942 0.8256638584043674 0
0.8256638584043587 0.263722778292061 0
1.486436701433632 1.481236734552713 0
0.5181811806825236 1.487875522939488 0
1.481818819317479 0.5121244770605289 0
0.5121244770605119 0.5181811806825184 0
1.517626258959665 1.368057562173689 0
1.235213206317994 1.587842304140728 0
0.4115480141443686 1.237887661161549 0
1.59257746840917 0.7622532047447704 0
0.7621123388384623 0.4115480141443534 0
1.886060891721844 1.428509144988889 0
1.42850914498888 0.1139391082781565 0
0.5714908550112078 1.886060891721885 0
0.1139391082781143 0.5714908550112148 0
1.703793467425871 1.752164553741508 0
0.2478354462584898 1.703793467425873 0
1.752164553741533 0.2962065325741662 0
0.2962065325741629 0.2478354462584646 0
0.7797987871195595 1.600662109466298 0
0.3993378905337056 0.779798787119569 0
1.220201212880524 0.3993378905337081 0
1.269513092669534 0.97358723209286 0
1.581359983439848 1.582955278791144 0
0.4170447212088322 1.581359983439842 0
1.58295527879113 0.4186400165601563 0
0.4186400165601636 0.4170447212088436 0
0.6875710855658206 1.42036596045144 0
1.312428914434179 0.5796340395485504 0
0.5796340395485637 0.687571085565829 0
0.7727939789547846 1.770135745898195 0
1.770135745898147 1.227206021045185 0
0.2298642541018047 0.7727939789547946 0
1.227206021045175 0.229864254101855 0
1.608963377275577 1.224161413240481 0
1.336583972658248 0.7826722070577422 0
1.60628518864712 1.352251350314965 0
1.00858129161728 0.905617286770342 0
1.18598268294716 0.8980035664310378 0
0.6490219913067516 1.605020066685242 0
1.350978008693295 0.3949799333147202 0
0.3949799333147581 0.6490219913067599 0
0.9523740969496159 1.086518486891376 0
0.6681515537680894 1.217582256225084 0
0.787496555273124 0.6683152780953329 0
0.8705242218092428 1.899859970240867 0
0.1001400297591328 0.8705242218092524 0
1.899859970240816 1.129475778190998 0
1.129475778190988 0.1001400297591841 0
1.741113607548038 1.608399179972722 0
0.391600820027333 1.741113607548004 0
1.608399179972706 0.2588863924519603 0
0.2588863924519935 0.3916008200273481 0
0.9677678539758798 1.780271456335668 0
0.2197285436643343 0.9677678539758909 0
1.780271456335636 1.032232146024148 0
1.032232146024138 0.2197285436643674 0
0.8606294959684584 1.55456730878983 0
0.4454326912101741 0.8606294959684686 0
1.139370504031685 0.445432691210255 0
0.9063146396625708 0.9596304535253184 0
1.339613710598089 1.756163547273404 0
0.2438364527265956 1.339613710598099 0
1.756163547273427 0.6603862894019239 0
0.6603862894019137 0.2438364527265742 0
0.9009434268061127 1.244490612747518 0
1.448445411813476 1.915404306429104 0
0.08459569357089472 1.448445411813481 0
1.915404306429153 0.5515545881865148 0
0.5515545881865072 0.08459569357084745 0
1.278533738560988 1.910042192607031 0
0.08995780739297005 1.278533738560999 0
1.910042192607011 0.721466261438986 0
0.7214662614389766 0.0899578073929897 0
1.068968795566533 1.047554553563093 0
0.7536418665026049 0.917585820007179 0
1.408397461190681 1.094149810347488 0
1.09055561833116 0.7604080059490377 0
1.613586840026533 1.746720514095929 0
0.2532794859040626 1.613586840026534 0
1.746720514096014 0.3864131599735154 0
0.3864131599735114 0.2532794859039831 0
1.41092671133586 1.501678517891182 0
0.4978132984361199 1.412723789122384 0
1.502186701563878 0.5872762108776279 0
0.5872762108776153 0.4978132984361263 0
1.714549786673824 0.2121102573407715 0
1.787889742659255 1.714549786673824 0
0.2121102573407773 0.2854502133261885 0
0.2854502133261898 1.787889742659251 0
1.22895896977833 1.366842875580094 0
0.7069285236166623 0.804691189300608 0
1.474394042625931 1.026172264461238 0
1.449157302771903 1.202037149219501 0
0.7889329203796737 1.063185079982668 0
0.9414445675286909 0.6793712140956916 0
1.029438238175433 0.6631679040479977 0
1.574494995273775 1.085807928064943 0
0.8437510201164152 0.9000598703287106 0
1.068933427202239 1.223430607638085 0
0.9860589985598575 1.476302847052805 0
0.9428522709414278 1.393333043485359 0
0.5236971529472013 0.986058998559868 0
0.6066669565146484 0.9428522709414402 0
1.010613219039714 0.5234493430361759 0
1.219238581457917 1.262803778886881 0
1.296656673276135 1.217974176384351 0
1.606758710320622 1.910352236242511 0
0.08964776375748836 1.606758710320625 0
1.910352236242681 0.3932412896789694 0
0.3932412896789667 0.08964776375731909 0
1.613837194743534 0.08925188035411737 0
1.910748119645886 1.613837194743534 0
0.08925188035422553 0.3861628052568154 0
0.3861628052568148 1.910748119645779 0
0.9265566149744158 0.7806887627872772 0
1.196301369314039 0.693703083018451 0
1.155700643566439 1.547198723501539 0
0.4497785672440462 1.149866722438085 0
0.8501332775619324 0.4497785672440216 0
1.072537910016741 1.691435828389165 0
0.308564171610839 1.072537910016752 0
1.691376964504407 0.9269069775151323 0
0.9274620899832714 0.308564171610792 0
1.758496379517712 1.33029043510809 0
1.330290435108079 0.2415036204822879 0
0.6697095648919481 1.758496379517655 0
0.2415036204823448 0.6697095648919585 0
1.916657101317528 1.292656253748091 0
1.292656253748077 0.08334289868247027 0
0.7073437462518188 1.916657101317457 0
0.08334289868254094 0.7073437462518337 0
1.189958336035844 1.90997833492894 0
0.0900216650710611 1.189958336035853 0
1.909978334928981 0.8100416639642987 0
0.8100416639642907 0.09002166507102025 0
0.9055440320257915 1.722357196121554 0
0.2776428038784477 0.9055440320258026 0
1.721936151773241 1.094726009613127 0
1.094455967974202 0.2776428038785408 0
0.7776949037548777 0.7557123088612908 0
1.702805596221898 1.192048766247515 0
0.803599328467366 1.698274957271568 0
1.19640067153266 0.3017250427285217 0
0.3017250427284331 0.8035993284673768 0
1.366606258768822 1.346298825740067 0
0.5108441446790322 1.283190815600626 0
1.487746052417664 0.7117926000886263 0
0.716809184399386 0.5108441446790353 0
1.80645051111661 1.557505218287607 0
1.55750521828759 0.1935494888833943 0
0.4424947817124488 1.806450511116539 0
0.1935494888834636 0.4424947817124659 0
0.8919350053166533 1.035719229622448 0
1.337181326033393 0.9279184783189677 0
1.558445100034175 1.808820164458413 0
0.1911798355415827 1.558445100034179 0
1.808820164458543 0.4415548999658468 0
0.4415548999658409 0.1911798355414543 0
1.261668802444464 1.771762813597701 0
0.2282371864023033 1.261668802444474 0
1.771762813597689 0.7383311975555761 0
0.7383311975555681 0.2282371864023152 0
1.919318785620202 0.1944905910353629 0
0.1944905910353697 0.08068121437979378 0
1.805509408964404 1.919318785620263 0
1.809600224440038 0.08106485409661056 0
0.08068121437973322 1.805509408964399 0
0.08106485409660999 0.1903997755599812 0
1.918935145903417 1.809600224439998 0
0.1903997755600205 1.918935145903418 0
1.558093573925261 0.8367326287674351 0
1.335745787370359 1.634256886071778 0
0.3633818027748265 1.338522273715119 0
1.636618197225171 0.6614777262848818 0
0.6614777262848702 0.3633818027748323 0
1.805359432554505 1.407275933538279 0
1.407275933538267 0.1946405674454924 0
0.5927240664617366 1.805359432554439 0
0.1946405674455582 0.5927240664617482 0
0.6506325340769459 1.352035394881834 0
1.349367465923057 0.6479646051181621 0
0.6479646051181707 0.650632534076948 0
1.078073425522593 1.573398930988694 0
0.4266010690113105 1.078073425522599 0
0.9219265744774183 0.4266010690112932 0
1.028595987505738 1.114725840869292 0
1.082785894658143 1.350986740519545 0
0.6596309218832608 1.080968163182387 0
0.8039287176686084 1.312625636041435 0
0.9438724484890586 1.618184239746252 0
0.3818157602537524 0.9438724484890686 0
1.056127551510948 0.3818157602537652 0
1.142404303027459 1.811845839876301 0
0.1881541601237007 1.14240430302747 0
1.811845839876372 0.8575956969725346 0
0.8575956969725246 0.1881541601236282 0
1.444677112469878 1.334551657421327 0
1.608668527719894 0.9387369521572548 0
0.984556410358489 0.8247133738398121 0
1.152102084460915 1.203827268483745 0
1.28108290381359 1.495261072095202 0
0.5900739858570863 1.21675802457638 0
0.7817524116772268 0.5887214475932311 0
1.205669711243052 1.668088193206879 0
0.3319118067931248 1.205669711243063 0
1.669977828786139 0.792329511838524 0
0.7943302887569705 0.3319118067930693 0
0.7156369139623543 1.554729278364683 0
0.4452707216353209 0.7156369139623635 0
1.28436308603767 0.4452707216353446 0
1.536605265871827 1.189826012265476 0
0.7929767980422222 1.156840581523154 0
1.40322702820922 1.589823586530652 0
0.4147375186379541 1.404852959635323 0
1.585262481362047 0.5951470403646896 0
0.5951470403646764 0.4147375186379592 0
1.037905442105768 1.924108085201289 0
0.07589191479871098 1.037905442105775 0
1.924108085201239 0.9620945578943952 0
0.9620945578943866 0.07589191479876221 0
1.17830482131418 1.126327199985975 0
1.18951113706476 0.9751848860888155 0
1.409755414462687 0.8000385627562314 0
1.050080066439011 0.5910188473192641 0
0.8617015087792941 1.403273783369375 0
0.5963677299809146 0.8653495250557333 0
1.139680790111788 0.5959209023334547 0
1.296642446329142 1.143041030986395 0
1.43955450531184 0.9459698259803733 0
1.672482574171258 1.463060789497413 0
0.5368472477341578 1.672426052966776 0
1.463152752265864 0.3275739470332106 0
0.3275739470332235 0.5368472477341698 0
1.572218631992235 1.50955980313125 0
0.4899090580443051 1.568788848992292 0
1.510090941955678 0.43121115100775 0
0.4312111510077059 0.4899090580443186 0
1.473224505993937 1.70809720701641 0
0.2919027929835896 1.473224505993947 0
1.708097207016431 0.5267754940060635 0
0.5267754940060522 0.2919027929835692 0
1.408958243488188 1.805291284376456 0
0.1947087156235441 1.408958243488197 0
1.805291284376462 0.5910417565118182 0
0.5910417565118075 0.1947087156235383 0
0.7419665264212451 1.216452851265003 0
0.9362114811906136 1.530975165258747 0
0.4690248347412591 0.9362114811906208 0
1.067514942233459 0.4669071488962138 0
0.5456565642405951 1.349566836805031 0
1.454343435759406 0.6504331631949835 0
0.650433163194973 0.5456565642405989 0
0.9547422222874682 1.320579564808041 0
0.682858618032938 0.9471934741349459 0
0.9115814023011796 1.166882000138163 0
1.370315376239858 1.930934750059869 0
0.06906524994012928 1.370315376239866 0
1.930934750059903 0.6296846237601584 0
0.629684623760152 0.06906524994009577 0
0.862399561980794 0.819813071229178 0
1.270238001583557 0.7919110611212037 0
1.294056043928682 1.831936491990348 0
0.1680635080096549 1.294056043928694 0
1.831936491990342 0.7059439560712824 0
0.705943956071273 0.1680635080096586 0
0.5852439389530675 1.485599399587382 0
1.414756061046938 0.5144006004126295 0
0.5144006004126116 0.5852439389530638 0
1.716023514357146 1.826157172067446 0
0.1738428279325523 1.716023514357144 0
1.826157172067589 0.2839764856428447 0
0.2839764856428401 0.1738428279324072 0
1.929062152843398 1.362598764683455 0
1.362598764683447 0.07093784715660417 0
0.6374012353166307 1.929062152843561 0
0.0709378471564428 0.6374012353166413 0
0.9487142755590208 1.929333024102811 0
0.07066697589718955 0.9487142755590312 0
1.929333024102721 1.051285724441159 0
1.051285724441147 0.07066697589727938 0
1.053183495180667 1.84555159344672 0
0.1544484065532824 1.053183495180677 0
1.84555159344677 0.9468165048193404 0
0.9468165048193316 0.1544484065532317 0
1.934070968946281 0.07647367970763062 0
0.07647367970763144 0.06592903105372357 0
1.934070968946279 1.923526320292347 0
0.06592903105372129 1.923526320292341 0
1.345720426254852 1.475743826227793 0
0.828214547644549 1.461709475855541 0
0.5325191114569395 0.8313898829133189 0
1.171785452355454 0.5382905241444679 0
1.724680621048815 1.67781421264002 0
0.3221857873600127 1.724680621048829 0
1.677814212639988 0.2753193789511923 0
0.27531937895118 0.3221857873600415 0
1.932931232842417 1.486623782139679 0
1.48662378213967 0.06706876715758499 0
0.5133762178604165 1.932931232842415 0
0.06706876715758665 0.5133762178604225 0
1.025319503585461 1.626720647938078 0
0.3732793520619265 1.02531950358547 0
0.9746804964145588 0.3732793520618989 0
1.836920819059272 1.271013951065222 0
1.271013951065209 0.1630791809407291 0
0.7289860489347683 1.836920819059307 0
0.1630791809406926 0.7289860489347815 0
1.606072839307317 1.032046990694373 0
1.573601315579488 1.28551128374306 0
1.73907232625267 1.532275712388951 0
1.532275712388929 0.2609276737473289 0
0.4677242876110873 1.739072326252614 0
0.2609276737473831 0.4677242876111075 0
1.850063132079903 1.473247125089046 0
0.5267528749110446 1.850063132079878 0
1.473247125089038 0.149936867920097 0
0.1499368679201217 0.5267528749110504 0
1.324025782178208 1.001470289664776 0
1.481511616296137 1.85123120653068 0
0.1487687934693186 1.481511616296143 0
1.851231206530728 0.5184883837038843 0
0.5184883837038754 0.1487687934692724 0
0.9131405493162212 1.856609049139929 0
0.1433909508600716 0.9131405493162317 0
1.856609049139826 1.086859450683839 0
1.086859450683828 0.1433909508601764 0
1.932944658518288 1.169571160120138 0
1.169571160120128 0.06705534148171183 0
0.8304288398802069 1.93294465851835 0
0.06705534148164971 0.8304288398802164 0
1.170780282956146 1.334642829005394 0
1.239951691707243 1.098156831883808 0
1.159875091501108 0.8337407325037443 0
1.465710390452555 0.8590650054363764 0
0.840666117732916 1.749742115901306 0
1.749819367638947 1.159228436774225 0
0.2502578840986944 0.8406661177329267 0
1.15933388226707 0.2502578840987968 0
1.079190930068924 1.424965979865879 0
0.5724510623238758 1.078921537947301 0
0.9205279552941078 0.5729197973371823 0
1.577674507026559 1.152284564714967 0
1.147083333275131 1.461413187572979 0
0.5375562574162431 1.153054270824866 0
0.8453948012897455 0.5356650643077585 0
1.68779576006532 1.935988001513554 0
0.0640119984864448 1.68779576006532 0
0.06245179645185133 0.312233560361228 0
0.3122335603612347 1.93754820354815 0
1.687766439639169 0.06245179645177355 0
1.937548203548229 1.687766439639162 0
1.935988001513931 0.3122042399340258 0
0.3122042399340247 0.06401199848606987 0
0.7206564726812028 1.366331046460553 0
1.279070968972919 0.6338749211923556 0
0.631706442669036 0.7227480283825571 0
1.057471523757019 0.9678146275785912 0
0.7068465006843069 1.489094444976093 0
1.293153499315714 0.5109055550238909 0
0.5109055550239107 0.7068465006843149 0
0.9755499220566597 1.239819040241789 0
1.343345786402562 0.8411991212101155 0
1.057108901877448 0.806433446396532 0
1.650141561033721 1.60177809741828 0
0.3982219025817253 1.650141561033711 0
1.601778097418264 0.3498584389662818 0
0.3498584389662937 0.3982219025817402 0
1.142107361126361 1.032462153745945 0
1.468768738530864 1.423813157428005 0
1.533616876523618 1.62492422860983 0
1.597444833691815 1.652312576045511 0
0.3750757713901559 1.533616876523605 0
0.347687423954482 1.597444833691816 0
1.624924228609833 0.4663831234763801 0
1.652312576045516 0.4025551663082089 0
0.4663831234763947 0.3750757713901521 0
0.4025551663082086 0.3476874239544769 0
0.7295493795312102 1.628706039202379 0
1.270450620468856 0.3712939607975987 0
0.3712939607976232 0.7295493795312193 0
1.51129535016759 0.9663843714766591 0
0.8222411619188481 1.833991865363279 0
1.833991865363206 1.177758838081127 0
0.166008134636721 0.822241161918859 0
1.177758838081116 0.1660081346367955 0
1.868565719348764 0.1684009890608335 0
0.1684009890608371 0.1314342806512334 0
1.832283272992796 1.867629791401933 0
0.1314342806512499 1.831599010939141 0
1.495063516704926 1.936745704352363 0
0.06325429564763678 1.495063516704932 0
1.936745704352418 0.5049364832951234 0
0.5049364832951136 0.06325429564758217 0
0.6586623072600329 1.27728281092088 0
0.7202266297073785 0.6565132815060436 0
1.237731371283893 1.432326097704619 0
1.343654470542832 0.7234856200165529 0
1.572271060460529 1.938992151504922 0
0.06100784849507699 1.572271060460534 0
1.938992151504978 0.4277289395390259 0
0.4277289395390236 0.06100784849502203 0
1.937961524978332 1.570215367089222 0
1.570215367089216 0.06203847502167149 0
0.4297846329110395 1.937961524978404 0
0.06203847502159813 0.4297846329110422 0
1.531504237144363 1.749208616469553 0
0.250791383530445 1.531504237144376 0
1.749208616469595 0.4684957628556007 0
0.4684957628555885 0.2507913835304052 0
1.017968264379854 1.739655838745512 0
0.2603441612544899 1.017968264379865 0
1.738307327143904 0.9830646759267365 0
0.9820317356201422 0.2603441612544761 0
1.451102523545188 1.649389681012649 0
0.3506103189873512 1.451102523545196 0
1.64938968101267 0.5488974764548243 0
0.5488974764548096 0.3506103189873311 0
0.6230632263630885 1.566305789236745 0
1.376936773636943 0.4336942107632338 0
0.4336942107632559 0.6230632263630956 0
0.9356876103191425 1.022357274542642 0
1.64909278433892 1.399872361253311 0
1.681428929279273 1.334812547417089 0
0.7543299027516089 1.442007337697006 0
1.245670097248385 0.5579926623029863 0
0.5579926623030009 0.754329902751619 0
1.788478203578141 0.1396202436623697 0
1.860379756337637 1.78847820357815 0
0.1396202436623713 0.2115217964218758 0
0.2115217964218655 1.860379756337637 0
1.339103421115701 1.706507588953428 0
0.2934924110465731 1.339103421115712 0
1.706507588953439 0.6608965788843054 0
0.6608965788842946 0.2934924110465635 0
1.518627809595498 1.540698522346615 0
0.4581453693694664 1.517904398169184 0
1.541854630630542 0.4820956018308405 0
0.4820956018308126 0.4581453693694542 0
0.8664960803841627 1.279016919098498 0
0.7574938579457791 0.9782817604725088 0
1.250101527961872 1.029461882395132 0
1.092011466846177 0.893742457845784 0
0.8400216270579557 1.185851340648044 0
0.8867614042513159 0.6616436313375944 0
1.537765701514817 1.43762837647326 0
1.123490023573192 1.953432090099325 0
0.04656790990067475 1.123490023573193 0
1.953432090099475 0.8765099764275596 0
0.8765099764275577 0.04656790990052427 0
1.153291157793873 0.7366979290817947 0
1.674449694756365 1.068987112013997 0
0.7426436287920521 0.8566250311659932 0
0.9721801291369143 0.9452551999986699 0
0.8316013188644603 0.7693620482961689 0
1.871268873675661 0.04115002100859497 0
0.04115002100858092 0.1287311263244529 0
1.942991417479303 0.1279078731734773 0
1.871598353716069 1.957994076011352 0
0.1279078731734903 0.05700858252069418 0
1.942991417479378 1.872092126826406 0
0.05700858252059886 1.872092126826373 0
0.1287311263244855 1.958849978991433 0
1.219954124345519 0.8381060032239445 0
0.5984058129097686 1.650265673124266 0
1.401594187090278 0.3497343268757087 0
0.6622768009766716 1.683172282896312 0
1.337723199023361 0.3168277171036463 0
0.3497343268757336 0.5984058129097767 0
0.3168277171036875 0.6622768009766808 0
1.567605735505724 0.9031195185018543 0
0.6365579630933085 1.449555785159055 0
1.363442036906701 0.5504442148409561 0
0.5504442148409402 0.636557963093314 0
1.518136496566558 1.069426444768368 0
1.127413193794023 1.087417395599062 0
1.428069304187419 1.733670421684294 0
0.2663295783157058 1.428069304187428 0
1.733670421684313 0.571930695812584 0
0.5719306958125721 0.2663295783156879 0
1.351402046309895 1.096194501796363 0
0.468620523782922 1.246177705150148 0
1.534552869333375 0.7548008222664945 0
0.7538222948498654 0.4686205237829076 0
1.280281696628289 1.631970287218986 0
0.3653676006847699 1.281782006810747 0
1.63514808463443 0.7182356014275639 0
0.7182179931892658 0.3653676006847622 0
0.7614245286164327 1.271252694660426 0
1.704374852892891 0.1603734892201805 0
1.839626510779842 1.704374852892891 0
0.1603734892202398 0.295625147107248 0
0.2956251471072481 1.839626510779782 0
1.728880132553954 1.454621078512752 0
1.454599337719451 0.2711905516984424 0
0.545400662280571 1.728809448301527 0
0.2711905516984722 0.5454006622805834 0
1.244392971410846 0.7504961638536279 0
1.563801900326686 1.400846963251003 0
0.6687734966028513 1.155313403213888 0
1.034910421057026 1.507460409542267 0
0.4925395904577392 1.034910421057036 0
0.9646736061429251 0.4925086142188645 0
1.243926495562463 0.9138127629347367 0
1.343721049738188 1.271549338330372 0
0.7987179899601581 1.546859343552176 0
0.453140656447828 0.798717989960168 0
1.20128201003994 0.4531406564477941 0
0.5568498169761749 1.547424064691956 0
1.443150183023841 0.452575935308039 0
0.4525759353080433 0.5568498169761693 0
1.113965189786388 1.73503730500086 0
0.2649626949991412 1.113965189786397 0
1.735037305000907 0.8860348102136508 0
0.8860348102136419 0.264962694999093 0
1.445068571959712 0.7535783093189996 0
1.004496701890574 1.071738054042218 0
1.629413361454502 1.500252425987407 0
1.50036576526432 0.3707410723710569 0
0.499634234735717 1.629258927628942 0
0.370741072371055 0.499634234735728 0
1.594628327665469 1.868444107117856 0
0.1315558928821436 1.594628327665473 0
1.868444107118163 0.4053716723344508 0
0.4053716723344465 0.1315558928818369 0
1.87141737950162 1.589985427421045 0
1.589985427421043 0.1285826204983797 0
0.4100145725791139 1.871417379501355 0
0.1285826204986471 0.4100145725791166 0
1.005861938806256 1.343812800854192 0
0.646927839971998 1.008266647853989 0
0.9381025059969796 1.67444136531979 0
0.3255586346802134 0.9381025059969901 0
1.061897494003025 0.3255586346802529 0
1.940255261642008 1.247481820924214 0
1.247481820924202 0.0597447383579907 0
0.7525181790759525 1.940255261641896 0
0.0597447383581015 0.7525181790759643 0
1.887644658317004 0.3149823033213628 0
0.3149823033213592 0.1123553416829964 0
1.685017696678507 1.88764465831673 0
0.1123553416832674 1.685017696678507 0
1.31480181249189 1.360098209096085 0
1.358856447750301 1.402793017502539 0
0.7308689211636105 1.07335284441525 0
1.468188011630789 1.542766982349025 0
0.4570877673135463 1.468562280031915 0
1.542912232686462 0.5314377199681035 0
0.5314377199680838 0.4570877673135419 0
1.040094736861602 1.174058551113019 0
1.455039860310759 1.252430858995416 0
1.22984432952189 1.722833970364098 0
0.2771660296359071 1.229844329521901 0
1.722833970364066 0.7701556704781513 0
0.7701556704781408 0.2771660296359409 0
1.749833906408732 1.272688651453086 0
1.278288108441889 0.2514405744618943 0
0.7217118915581171 1.748559425538081 0
0.2514405744619203 0.7217118915581273 0
1.413370328763611 1.1431102892524 0
1.052060258228992 0.7167865641898787 0
1.63442368271685 1.268712069749808 0
1.36883052739522 1.21968082421767 0
1.779286216011325 1.644622393533172 0
1.644622393533159 0.2207137839886828 0
0.3553776064668858 1.779286216011269 0
0.2207137839887382 0.3553776064668963 0
0.6545477733431886 0.8261846110525044 0
1.757208407704124 1.934781254233159 0
0.06521874576683984 1.757208407704123 0
1.93478125423315 0.2427915922954041 0
0.2427915922954066 0.06521874576684898 0
1.756728427690665 0.05749511194398284 0
1.942504888056024 1.756728427690629 0
0.05749511194397825 0.2432715723093903 0
0.2432715723094238 1.942504888056029 0
1.358883146307815 1.043085423044505 0
0.8346620677407333 1.606000069345686 0
0.3939999306543188 0.8346620677407435 0
1.165337932259355 0.3939999306543779 0
1.076302679714239 1.275369955001223 0
1.660819431526577 1.714160834726088 0
0.2858391652739117 1.660819431526575 0
1.714160834726103 0.3391805684734885 0
0.339180568473484 0.2858391652738959 0
1.531243252019151 1.317081931423707 0
1.158020686330241 1.864400468905873 0
0.1355995310941279 1.158020686330252 0
1.864400468905978 0.8419793136698195 0
0.8419793136698113 0.1355995310940226 0
1.242912540754356 1.528120165509724 0
0.5447128629555519 1.450205101617089 0
1.455287137044451 0.5497948983829222 0
0.549794898382909 0.5447128629555528 0
1.228686844230332 1.947822444986175 0
0.05217755501382641 1.228686844230337 0
1.947822444986151 0.7713131557699864 0
0.7713131557699812 0.05217755501385 0
1.212396056965773 1.783036688935746 0
0.2169633110642575 1.212396056965784 0
1.783036688935767 0.7876039430342439 0
0.787603943034235 0.2169633110642348 0
1.851782457832624 1.381586244984964 0
0.61841375501503 1.851782457832593 0
1.381586244984952 0.1482175421673735 0
0.1482175421674045 0.6184137550150426 0
1.760588611281911 1.840164958293873 0
1.840164958293982 0.2394113887180215 0
0.1598350417061288 1.76058861128191 0
0.2394113887180169 0.1598350417060144 0
1.168184825188611 0.6444394417019845 0
1.654504545041342 1.784288528782558 0
0.2157114712174361 1.654504545041344 0
1.784288528782647 0.3454954549586741 0
0.3454954549586692 0.2157114712173505 0
1.146660707241504 1.689874295865014 0
0.3101257041349889 1.146660707241511 0
1.68956832727056 0.8521681515020992 0
0.8533392927585179 0.3101257041349331 0
1.755679185631957 0.2342339470991662 0
1.765766052900846 1.755679185631939 0
0.2342339470991599 0.2443208143680503 0
0.2443208143680689 1.765766052900851 0
0.7663917820212796 1.658710811440884 0
0.3412891885591181 0.7663917820212899 0
1.233608217978773 0.3412891885591343 0
1.407568419240071 1.848111247501676 0
0.1518887524983234 1.407568419240082 0
1.848111247501695 0.5924315807599225 0
0.5924315807599129 0.1518887524983058 0
1.964950379675437 1.424324280336001 0
1.424324280335999 0.03504962032456418 0
0.5756757196646755 1.964950379675503 0
0.03504962032449724 0.5756757196646776 0
1.077668559888714 1.631101588083585 0
0.3688984119164194 1.077668559888723 0
0.9223314401113059 0.3688984119163821 0
1.031047930817649 1.449663074887673 0
0.5499064321439576 1.031003032130722 0
0.9668119553548126 0.5481877446652731 0
1.179960378186055 1.59988027095768 0
0.400541725525177 1.179951362620438 0
0.8200486373795783 0.4005417255251401 0
1.325603553728205 1.953080715013821 0
0.04691928498617931 1.325603553728211 0
1.953080715013825 0.6743964462718568 0
0.674396446271852 0.04691928498617467 0
0.6641751323280604 0.7694528960193484 0
0.896650718031322 1.600168854217824 0
1.103349281968746 0.3998311457822378 0
0.3998311457821814 0.8966507180313318 0
1.751135290804438 0.1799404314833153 0
1.820059568516709 1.751135290804436 0
0.1799404314833147 0.2488647091955908 0
0.2488647091955924 1.82005956851671 0
1.645259642003863 1.182911100069919 0
1.01872182320922 1.797663499870596 0
0.2023365001294066 1.018721823209231 0
1.797604995098268 0.9813229905969899 0
0.9812781767908147 0.2023365001293471 0
1.283639356853526 1.571411633257852 0
1.238585566475145 1.313160575760383 0
0.808830609494636 0.7188408012528509 0
1.604863126320653 0.8176310046107558 0
0.595577951478668 1.365237347896049 0
1.404458576844888 0.6347274898520331 0
0.6347626521039516 0.5955779514786717 0
0.8348829515465938 1.357450521222643 0
0.4248307107158931 1.285479512368825 0
1.576471716115609 0.7147099878913978 0
0.7145204876311873 0.424830710715893 0
1.145649058094505 0.7928317621873229 0
0.9324580365649556 0.6267336078520269 0
1.296909999593113 0.7508212353835251 0
0.9946206478554938 1.947202358437554 0
0.05279764156244622 0.9946206478555037 0
1.947202358437453 1.005379352144713 0
1.005379352144703 0.05279764156254727 0
0.9569934624306833 1.728132902022951 0
0.2718670979770519 0.9569934624306954 0
1.727312595016913 1.044371849881765 0
1.043006537569326 0.2718670979770695 0
1.384796159119495 0.7584737615790409 0
1.046753651545539 0.86144477235091 0
0.8337320804458002 0.6531064812262346 0
0.5441815838578774 1.243404573353015 0
0.7537416457827646 0.543595944652195 0
1.185488522345292 1.422504659828489 0
1.462814383478588 1.077708412852207 0
0.950972765304928 0.7355629190429532 0
0.1073808315586001 0.3274394796697265 0
0.3274394796697285 1.892619168441405 0
1.672560520330552 0.1073808315585095 0
1.892619168441496 1.672560520330551 0
1.093274118867051 0.6215775958294552 0
1.019802821477854 1.221459578347039 0
1.448533483594334 1.460665960868338 0
0.859626075269726 0.9479715243411088 0
0.7074567029187998 1.250924954816345 0
0.8584059374885186 1.702119633414565 0
0.2978803665854359 0.858405937488529 0
1.701911914710465 1.14064938751676 0
1.1415940625115 0.2978803665855392 0
0.8908135343545549 0.9114877059277087 0
1.230699679727214 1.89052513850048 0
0.109474861499519 1.230699679727224 0
1.890525138500511 0.7693003202727702 0
0.7693003202727591 0.1094748614994907 0
1.133845637559261 0.9282157483732344 0
0.9002628246039273 1.085574139160518 0
0.4912866264398527 1.358201017861376 0
1.508713373560146 0.6417989821386313 0
0.6417989821386216 0.4912866264398605 0
0.8033734009540613 0.9328029594744784 0
0.8491999823358413 1.07115154315651 0
1.389841743748903 0.927241258952897 0
1.422630613175785 1.038523585001779 0
1.612935754502614 1.695961598211282 0
0.3040384017887149 1.612935754502618 0
1.695961598211297 0.3870642454974168 0
0.3870642454974108 0.3040384017887017 0
1.496464299645063 1.21827568627064 0
0.8614991188545681 1.856188207169232 0
0.1438117928307674 0.8614991188545764 0
1.856188207169103 1.138500881145445 0
1.138500881145435 0.1438117928308985 0
0.750039665582062 0.7077453437632909 0
0.7664191542707226 1.11528053589814 0
0.9545972807872976 1.142589839314062 0
0.6687236875319017 1.562997817613839 0
1.331276312468127 0.4370021823861387 0
0.4370021823861631 0.6687236875319107 0
1.639451854991185 0.98756744391869 0
1.41796177121169 1.954017014332385 0
0.04598298566761522 1.417961771211692 0
1.954017014332426 0.5820382287882202 0
0.5820382287882174 0.04598298566757375 0
0.9653953732057277 0.8950357449387643 0
1.695439587722431 1.615466865256147 0
0.3845331347438813 1.695439587722408 0
1.615466865256127 0.3045604122775678 0
0.3045604122775912 0.3845331347438988 0
1.04433018547223 1.003913779157401 0
0.9190086991960623 1.773593458990501 0
0.2264065410095003 0.9190086991960742 0
1.773518061070439 1.081090629882634 0
1.080991300803947 0.2264065410096019 0
1.256079007575123 1.228877397818084 0
0.9868620106399095 1.425543952464846 0
0.574384298707098 0.9868545275254315 0
0.7939993416313366 0.8827810974137119 0
1.501226945403317 1.668400233219739 0
0.3315997667802575 1.501226945403321 0
1.668400233219753 0.4987730545966856 0
0.4987730545966808 0.3315997667802442 0
1.95427584639505 1.126050092672219 0
1.126050092672215 0.04572415360495057 0
0.873949907328778 1.954275846395174 0
0.04572415360482668 0.8739499073287809 0
0.7611740921719766 1.341519141274736 0
0.9109199142355993 1.297198698043227 0
1.333529964439148 1.813441870716971 0
0.186558129283029 1.333529964439159 0
1.813441870716987 0.666470035560813 0
0.6664700355608023 0.186558129283013 0
1.705250501391945 1.4965397280357 0
1.496551431698213 0.294770699517531 0
0.5034485683017912 1.705229300482439 0
0.2947706995175572 0.5034485683018071 0
1.556147222470064 0.9488519299180065 0
0.993192571739649 0.6981650631262468 0
1.238789761125657 0.6600338498767452 0
0.8663979202843214 1.504178668815827 0
0.4958213311841794 0.8663979202843269 0
1.133602079715678 0.4958213311842202 0
1.556062572038332 1.239386960732159 0
1.752873935626731 1.380599736329817 0
1.381151473294863 0.2464314366238007 0
0.6188485267051848 1.753568563376142 0
0.2464314366238566 0.6188485267051933 0
0.6330882816064065 1.404396506433684 0
1.366916936725533 0.5955984703874729 0
0.5956034935663159 0.6330882816064094 0
0.981623165576422 0.6472654097240773 0
1.299348960927289 1.738266050870831 0
0.2617339491291714 1.299348960927301 0
1.738266050870831 0.7006510390727354 0
0.7006510390727252 0.2617339491291727 0
0.9655217211974854 1.829717430460739 0
0.1702825695392642 0.9655217211974966 0
1.829715254850356 1.034479945288478 0
1.034478278802545 0.1702825695393211 0
1.665650301321299 1.231622444061089 0
1.33387932339761 1.897026456782311 0
0.1029735432176891 1.33387932339762 0
1.897026456782325 0.6661206766023597 0
0.6661206766023516 0.1029735432176749 0
1.79602274086976 1.301831031685295 0
0.6972357254832238 1.79581032739131 0
1.302764274516752 0.2041896726086767 0
0.2041896726086889 0.6972357254832354 0
1.620056898933237 1.550919550580336 0
0.4490804494196868 1.620056898933219 0
0.3799431010667869 0.4490804494196991 0
1.550919550580324 0.3799431010667644 0
1.629581817854423 1.084013806030052 0
1.382686372128548 1.548406302533653 0
1.792226145382168 1.602849212452679 0
1.602849212452667 0.2077738546178362 0
0.3971507875474396 1.792226145382065 0
0.2077738546179382 0.3971507875474515 0
1.47741774776318 1.301134425978714 0
1.602666083057952 1.795385396452577 0
0.2046146035474176 1.602666083057955 0
1.795385396452724 0.3973339169420584 0
0.397333916942054 0.2046146035472741 0
1.078854885028078 1.094220333603145 0
1.505621490177943 0.8401621489414457 0
0.717419934570392 0.7530189554598914 0
1.169403708148749 1.24910200061564 0
0.7556007131432162 0.7986784599510675 0
1.091526704925292 1.816944585437489 0
0.1830554145625125 1.091526704925302 0
1.816944585437543 0.9084732950747227 0
0.9084732950747133 0.1830554145624577 0
1.546759132006819 1.120689049336951 0
1.43670038329247 0.9918550390811562 0
1.39225608109489 1.634526142259075 0
0.3661883206109643 1.392614856954418 0
1.633811679389045 0.6073851430455951 0
0.607385143045582 0.3661883206109591 0
0.8188760952052779 1.652517170828393 0
0.3474828291716096 0.8188760952052883 0
1.181123904794775 0.3474828291716699 0
1.291437998565729 0.9222817092344409 0
0.6754829779597779 1.954227294906917 0
0.0457727050930845 0.675482977959788 0
1.954227294906781 1.324517022040494 0
1.324517022040487 0.04577270509322025 0
1.834895757110757 0.1245722457911237 0
0.1245722457911256 0.1651042428892468 0
1.873750988658542 1.83456168245571 0
0.1651042428892812 1.87542775420892 0
0.7032919133490165 0.9062617363335255 0
1.713353443527025 1.571250855623073 0
0.4287491443769638 1.713353443526978 0
1.571250855623055 0.2866465564729707 0
0.2866465564730165 0.4287491443769811 0
1.46498773780498 1.3806215166404 0
0.4531699534245185 1.198295230811788 0
0.8014296664753813 0.4531290763980728 0
0.666199336995696 1.890781669582558 0
0.1092183304174411 0.6661993369957161 0
1.890781669582582 1.333800663004095 0
1.333800663004082 0.1092183304174186 0
1.164789794182769 1.501411171538461 0
0.4877837457497847 1.166286197897265 0
0.8328864234255212 0.4873286583183928 0
0.4521517018079704 1.385270111984957 0
1.547848298192021 0.6147298880150557 0
0.6147298880150456 0.4521517018079838 0
0.8552595033679067 1.235854445959159 0
0.8812084492262888 0.7724235444485578 0
0.9370850686189877 1.206215368614782 0
1.817952675542389 1.510804221764377 0
0.4891957782356907 1.817952675542402 0
1.510804221764362 0.1820473244576168 0
0.182047324457603 0.4891957782357044 0
1.07205502696567 1.959783668169734 0
0.04021633183026693 1.072055026965674 0
1.959783668169729 0.9279449730349288 0
0.9279449730349241 0.04021633183027093 0
1.107431445213754 1.541267106705717 0
0.4584016494719703 1.10643824009314 0
0.8935617599068736 0.4584016494719574 0
1.378047962186088 1.730948082925129 0
0.2690519170748708 1.378047962186098 0
1.73094808292515 0.6219520378139253 0
0.6219520378139143 0.2690519170748516 0
0.7897468176759742 1.01685178374461 0
1.383979182276925 1.457492931770049 0
0.6294008010615767 1.189885602809025 0
0.7969958060012795 1.434573061855231 0
0.571932976237582 0.7969460234648119 0
1.205031449737471 0.5671912303859888 0
1.523117394267872 1.83350966813187 0
0.1664903318681274 1.523117394267878 0
1.833509668132027 0.476882605732144 0
0.4768826057321366 0.1664903318679731 0
0.7064752440402267 1.179548605444396 0
1.890042952734546 1.257399669120462 0
1.257399669120449 0.1099570472654529 0
0.7426003308795583 1.890042952734543 0
0.1099570472654561 0.7426003308795721 0
1.117376839010248 1.23598803945269 0
1.099492487956514 1.182284680463977 0
1.841746015517546 1.43022499437186 0
1.43022499437185 0.1582539844824527 0
0.569775005628179 1.84174601551752 0
0.1582539844824787 0.5697750056281885 0
1.96231800965576 1.525023341256347 0
1.525023341256343 0.03768199034424204 0
0.4749766587440837 1.962318009655782 0
0.03768199034421833 0.4749766587440861 0
0.8987240742464673 1.376682092196431 0
0.6230975521789659 0.8964009608885172 0
1.27561895659539 1.184388123140766 0
1.800911034489845 1.354176781697775 0
1.354424278330517 0.1990085964649822 0
0.6455757216694816 1.800991403534979 0
0.1990085964650191 0.6455757216694933 0
1.885459092031429 1.173409188310071 0
1.173409188310059 0.114540907968571 0
0.8265908116899838 1.885459092031449 0
0.1145409079685498 0.8265908116899954 0
1.124009993182736 1.589560001215436 0
0.4104399987845654 1.124009993182742 0
0.8759900068172668 0.4104399987845219 0
0.9445949800581539 0.8239648972794035 0
0.9708851635331777 0.7833013538495901 0
1.719199102459121 1.234208359672403 0
1.237540635541873 0.2831970941383153 0
0.7624593644581317 1.716802905861697 0
0.2831970941383039 0.7624593644581416 0
1.484854643245223 1.167815010704148 0
1.781006941913257 1.880872089425604 0
0.1189719225832581 1.780892898237647 0
1.881028077416769 0.2191071017622061 0
0.2191071017622074 0.1189719225832294 0
1.131592661704308 1.35041246027027 0
1.64802843412326 0.9094617567448736 0
1.068717077192875 1.382965529887827 0
0.6198211917663349 1.076671204744632 0
1.106657914042783 0.7079886401896794 0
1.568439538871478 1.721618713121866 0
0.278381286878131 1.568439538871486 0
1.721618713121889 0.4315604611285331 0
0.4315604611285249 0.2783812868781123 0
0.8759668963058702 0.8644412164545475 0
1.531863316486194 0.8049015328097392 0
1.404233704870731 1.317364476022422 0
0.9449983253457648 1.446701104639177 0
0.55328693722282 0.9449970781600268 0
1.262058489617486 1.274599782048461 0
0.6232507826420081 1.242064650805227 0
0.7568392856782278 0.6227947546007984 0
1.407555305048998 1.368293441873624 0
1.739202491925445 1.716425338115122 0
1.716425338115114 0.2607975080745833 0
0.2835746618848913 1.73920249192545 0
0.2607975080745788 0.2835746618848973 0
1.14542812735552 1.158334618938269 0
1.008570772344564 0.5698731244344933 0
1.140890594064899 0.8696272206871875 0
0.9756973770313073 1.521330462233987 0
0.4786695377660189 0.9756973770313152 0
1.056599413063835 0.5074601496959682 0
1.024302622968749 0.4786695377660152 0
1.264146573159334 1.396047606068942 0
0.541811458866581 1.395916291086037 0
1.45819164728338 0.6040807189265651 0
0.6040837089139632 0.5418114588665877 0
0.8146364850627829 1.109494802263092 0
1.199526527231615 1.559726195338405 0
1.318253177206151 1.597490532484724 0
0.4749911108639016 1.305663095187532 0
1.5276649907972 0.6967191300837203 0
0.6943369048124778 0.4749911108639032 0
0.9028666554917841 1.422253842450096 0
0.5776476908145216 0.9030872647805812 0
1.324631983415851 1.185949567014188 0
0.9488608075576763 1.569838446249684 0
0.4301615537503209 0.9488608075576852 0
1.051671538645802 0.4298590272010531 0
0.8320573925881785 0.8526567982119755 0
0.9112181395568302 0.7095901950424532 0
1.957523776398085 0.1732518359473557 0
0.17325183594736 0.04247622360191246 0
1.827662543353433 0.04077556616522399 0
1.958089464274785 1.826999823008349 0
0.04077556616521283 0.1723374566467117 0
1.825861929356187 1.960558770683935 0
0.04247622360179867 1.826748164051957 0
0.1723374566467353 1.9592244338348 0
1.033222009214814 1.669289779875337 0
0.3307102201246695 1.03322200921483 0
0.9667779907852202 0.3307102201246374 0
1.301562011515108 0.8257094370553024 0
0.04445822249375535 1.173494156688681 0
1.173494156688678 1.955541777506245 0
0.8265058433119243 0.0444582224936983 0
1.955541777506302 0.826505843311927 0
0.8722787979830193 0.9910995600543564 0
0.553589010162271 1.30096540395059 0
1.447773990953857 0.6900309304923214 0
0.6987433939204138 0.5535292510596521 0
1.518296064068426 1.01830873423625 0
1.722046741530392 1.347692683497696 0
1.358982118392708 0.8858055944974943 0
1.218304692693522 0.9985469787944534 0
0.4054892012271845 1.362094693651043 0
1.594510798772813 0.637905306348972 0
0.6379053063489606 0.405489201227191 0
0.5947560749320807 1.526417537084178 0
1.405243925067936 0.4735824629158152 0
0.473582462915821 0.5947560749320799 0
0.8378028012553176 1.023911481614175 0
1.410700546409552 1.186378863887508 0
1.488658846348464 1.896700995842663 0
0.1032990041573352 1.48865884634847 0
1.896700995842767 0.5113411536515069 0
0.5113411536514992 0.1032990041572341 0
0.9852147133046232 1.642474183088518 0
0.357525816911487 0.9852147133046332 0
1.014785286695394 0.3575258169114717 0
1.096546936636706 1.000172794892325 0
1.183609402409563 1.375150750290417 0
0.5545710034458525 1.199147085045961 0
0.8249533144737611 0.5824010864446472 0
1.323362316290452 1.508352059471654 0
1.045465810636135 0.7609162175048495 0
1.443506477842853 0.8987232025178101 0
1.015485835246555 0.6163194651463653 0
1.20424772979541 1.21911481400427 0
0.7495972369833489 1.166989113851075 0
1.619968911771601 1.958045794523743 0
0.04195420547625538 1.619968911771602 0
1.958045794523897 0.3800310882275969 0
0.3800310882275962 0.04195420547610314 0
1.619526866264941 0.03786283336831925 0
1.962137166631682 1.619526866264942 0
0.03786283336832764 0.3804731337355392 0
0.3804731337355385 1.962137166631673 0
1.770078010808485 1.432246061167871 0
1.432334393863154 0.2298179986086683 0
0.5676656061368655 1.770182001391282 0
0.2298179986087159 0.5676656061368764 0
1.566477811035062 1.338104418045534 0
1.556815518386507 1.042637619704711 0
1.317756339581623 0.2810385221842384 0
0.6822436604184026 1.718961477815719 0
0.2810385221842813 0.6822436604184124 0
1.276564827304807 1.962189070521405 0
0.03781092947859516 1.276564827304811 0
1.962189070521398 0.7234351726954332 0
0.7234351726954293 0.03781092947860287 0
1.07485363227797 0.6694542191611131 0
1.416272362621047 1.227767047582009 0
1.101401257809765 0.8057298799064307 0
1.091885233956222 0.5765025134580101 0
1.215312207792111 1.139199036262736 0
1.182838661094145 1.298990647655112 0
0.6938692494137841 0.8498083144389131 0
1.22423175063402 1.634017205116333 0
0.3656435332969671 1.224727673188837 0
1.635766676839402 0.7723039911465677 0
0.7752723268111823 0.3656435332969266 0
1.337939615614009 1.315884942939428 0
1.065471561684994 1.885372713650084 0
0.1146272863499187 1.065471561684999 0
1.885372713650104 0.9345284383149705 0
0.9345284383149617 0.1146272863498976 0
1.44912204638324 1.816968778864735 0
0.1830312211352666 1.449122046383247 0
1.816968778864755 0.5508779536167716 0
0.5508779536167606 0.1830312211352456 0
1.151965432047537 0.6922734713924608 0
1.763344948870843 1.568142961799414 0
1.568142961799395 0.2366550511291604 0
0.4318570382006404 1.763344948870784 0
0.2366550511292163 0.4318570382006582 0
1.116463718104582 1.783086108376748 0
0.216913891623254 1.116463718104593 0
1.783086108376804 0.8835362818954358 0
0.8835362818954264 0.2169138916231969 0
0.7549615082357175 1.55224746266949 0
0.447752537330515 0.7549615082357266 0
1.245038491764347 0.4477525373305021 0
1.28293101934179 0.03777206842673624 0
1.962227931573263 1.282931019341796 0
0.7170689806587165 1.962227931573254 0
0.03777206842674539 0.7170689806587238 0
1.253579947382774 1.813513722360228 0
0.1864862776397757 1.253579947382786 0
1.813513722360234 0.7464200526172261 0
0.7464200526172171 0.1864862776397688 0
1.384339523968464 0.8395118243015117 0
1.535798030097443 1.587219402860581 0
0.4126626269063538 1.535724212604956 0
1.587337373093637 0.4642757873950417 0
0.4642757873950449 0.412662626906349 0
1.178802919117653 0.4838375491714191 0
0.8211970808823957 1.5161624508286 0
0.4830130616446156 0.8216507002065142 0
1.360837936379119 1.592678941834612 0
0.7838638935795663 1.199240785368974 0
1.436581647866229 1.293898251625672 0
1.689123097126939 0.9658424364913194 0
1.298912745016666 1.785923688822962 0
0.2140763111770404 1.298912745016677 0
1.78592368882298 0.7010872549833442 0
0.7010872549833349 0.2140763111770213 0
1.045885842896152 1.551931193589968 0
0.4480688064100384 1.04588584289616 0
0.9540309625438461 0.4480626111622598 0
1.315310627303574 0.9593970042162667 0
1.360692052960639 0.969894229735595 0
1.892321099878461 1.486270276659935 0
1.486270276659927 0.1076789001215402 0
0.5137297233401051 1.89232109987849 0
0.107678900121511 0.5137297233401099 0
0.9493432182840917 0.9831916417337688 0
0.7187118081042759 0.9575590505816987 0
1.248707418328136 1.478103383546082 0
0.686138183738666 1.344130307338306 0
1.312936300425767 0.6564940848750704 0
0.6585354127735116 0.6931014697278061 0
1.061775575889878 1.731885864730548 0
0.2681141352694548 1.06177557588989 0
1.730938777055308 0.9383845790689216 0
0.9382244241101151 0.2681141352693999 0
0.9845914534198524 1.383766500233921 0
0.615325740423835 0.9850048564776699 0
1.7935778932683 0.2601820775130748 0
1.739817922486922 1.793577893268239 0
0.2601820775130707 0.2064221067316987 0
0.2064221067317603 1.739817922486922 0
1.213691389170921 0.9492226895858612 0
1.589912277261362 0.8660909143618601 0
1.962203824286765 0.4650357171431252 0
0.4650357171431221 0.03779617571323568 0
1.534964282856443 1.962203824286766 0
0.03779617571323337 1.534964282856447 0
1.742678699122272 1.199087389228473 0
0.7997487245335324 1.744210759781957 0
0.2557892402180433 0.7997487245335426 0
1.200251275466452 0.255789240218112 0
1.397505475087402 1.896297398698279 0
0.1037026013017196 1.397505475087409 0
1.896297398698313 0.6024945249125796 0
0.602494524912572 0.1037026013016868 0
1.109435868707379 1.66903533055241 0
0.3309646694475972 1.109435868707386 0
0.8905641312926528 0.3309646694475324 0
1.641403298420705 1.8753288876627 0
0.1246711123372977 1.641403298420707 0
1.875328887662998 0.3585967015790417 0
0.3585967015790384 0.1246711123370016 0
1.453883192534531 1.121942242082287 0
0.6439138849444496 1.116890369230143 0
1.268221431026623 1.348489604735107 0
1.852359429229163 1.550692309106895 0
1.550692309106887 0.1476405707708397 0
0.4493076908931989 1.852359429229078 0
0.1476405707709248 0.4493076908932059 0
0.7550441618540961 1.032049703026151 0
1.202335519117116 0.7354341792283847 0
1.187425844398887 1.171501823460777 0
0.8030891956545494 0.6253272291209622 0
1.140451533357005 1.914296667708454 0
0.08570333229154675 1.140451533357011 0
1.914296667708557 0.8595484666432571 0
0.8595484666432509 0.08570333229144346 0
1.44110790075133 1.574466159883895 0
0.4258684214882292 1.441079325411195 0
1.57413157851178 0.5589206745888216 0
0.5589206745888076 0.4258684214882299 0
0.6783469585681603 1.379260106183655 0
1.321531321447192 0.6208241118456713 0
0.6208116498613878 0.6792709220059643 0
0.6302484162081652 1.3161338753751 0
0.6829221247501364 0.629401043670736 0
1.077423311624179 0.04049561985230218 0
1.959504380147698 1.077423311624186 0
0.04049561985221405 0.9225766883765886 0
0.9225766883765838 1.959504380147786 0
1.719515603737269 1.313571052725797 0
1.374774196788964 0.67904130033168 0
1.567911020606118 1.76832462822157 0
0.2316753717784259 1.567911020606125 0
1.768324628221637 0.4320889793938972 0
0.4320889793938911 0.231675371778362 0
1.31110899828083 1.46346190806068 0
1.71840426779081 1.962390891959495 0
0.03760910804050406 1.718404267790807 0
0.03710266633545923 0.2832027175002749 0
0.2832027175002868 1.962897333664542 0
1.716797282500039 0.03710266633542406 0
1.962897333664578 1.716797282500027 0
1.962390891959529 0.2815957322085149 0
0.281595732208519 0.0376091080404711 0
0.9127320754216151 1.125684454408443 0
1.525154024550436 1.485075774038622 0
0.9347305116154008 0.9274731103019433 0
1.591474490006442 1.190349014330838 0
1.01451720360529 0.7921039235705087 0
0.9875658456437697 1.112493230671456 0
1.812942849982949 1.22289708415301 0
1.222897084153 0.1870571500170521 0
0.7771029158469529 1.812942849983006 0
0.1870571500169936 0.7771029158469638 0
0.9799311779391378 1.285795856832256 0
1.055882459727154 1.321314516013334 0
0.6809921966529136 1.044161207292478 0
0.7358457662092792 1.587428443112536 0
1.264154233790795 0.4125715568874497 0
0.4125715568874684 0.735845766209288 0
1.519331814180565 1.789026072437317 0
0.210973927562686 1.519331814180576 0
1.789026072437345 0.4806681858194323 0
0.4806681858194232 0.2109739275626558 0
1.786050989036998 1.184746019316242 0
0.8150424253952664 1.786293457190718 0
1.184957574604707 0.2137065428093577 0
0.213706542809282 0.8150424253952769 0
1.909559084702786 0.1520417792355135 0
0.1520417792355249 0.09044091529720893 0
1.850877573329448 1.910992890089456 0
0.09044091529722982 1.847958220764424 0
1.596260240336449 0.9786189121439094 0
1.450643097469313 0.81541053654283 0
0.7395661121555694 1.79287383357398 0
0.20712616642602 0.7395661121555805 0
1.791491618251919 1.260149292544605 0
1.260433887844405 0.2071261664260415 0
1.489870364643844 0.7532512509625741 0
0.9485767407749444 1.88810247247657 0
0.11189752752343 0.9485767407749546 0
1.888102472476481 1.051423259225146 0
1.051423259225136 0.11189752752352 0
0.9418110875695722 1.491585753212974 0
0.5084122537640305 0.9418108797052891 0
0.8661356922893719 1.445033988815759 0
0.5508399509996904 0.8670401095421081 0
1.134915861075835 0.5554150107772203 0
0.6931652737903964 1.100079020165053 0
1.367541467522272 1.508505344218867 0
1.2809152821509 1.105146415103037 0
1.147818294183412 0.982168821522464 0
1.017407925322228 1.840272555765236 0
0.1597274442347654 1.017407925322239 0
1.840262442368095 0.9825998213931593 0
0.9825920746778019 0.1597274442347877 0
1.043268858397538 1.073714453185452 0
0.6718230123986306 1.477998448348574 0
1.328176987601379 0.5220015516514206 0
0.5220015516514271 0.6718230123986371 0
1.642929623287891 1.317049981091465 0
1.316037310852695 1.668856661529147 0
0.3300878538844174 1.314211858933042 0
1.669446603635517 0.684262506507059 0
0.6857881410669551 0.3300878538844231 0
1.758952832587809 0.1018509185026043 0
0.1018509185026041 0.2410471674122674 0
1.898149081497406 1.758952832587799 0
0.2410471674122766 1.898149081497407 0
0.688999482648737 1.521187676353143 0
0.4788123236468598 0.6889994826487453 0
1.31100051735129 0.4788123236468484 0
1.169857829112155 1.083437689214798 0
1.486087678789245 1.342255014102204 0
1.454246510652528 1.507759588617367 0
1.042037828412824 1.25382046455337 0
1.337393521501949 1.136913984936975 0
1.031411754387967 1.965307005314064 0
0.03469299468593658 1.031411754387973 0
1.965307005313951 0.9685882456126365 0
0.96858824561263 0.03469299468605024 0
0.5127185560772569 1.532511671129568 0
1.487281443922747 0.4674883288704498 0
0.4674883288704327 0.5127185560772529 0
1.538290540296583 0.8735442882866706 0
1.050445542670151 0.5498908590658897 0
1.182891345645638 1.821350673428453 0
0.1786493265715499 1.18289134564565 0
1.159700337149802 1.778532056754774 0
0.2214679432452271 1.159700337149813 0
1.821350673428511 0.8171086543543675 0
1.778532056754826 0.8402996628502153 0
0.817108654354359 0.1786493265714885 0
0.8402996628502067 0.2214679432451748 0
0.6158868605208194 1.895214047108041 0
0.1047859528919564 0.6158868605208225 0
1.895214047108005 1.38411313947931 0
1.384113139479306 0.1047859528919931 0
0.9982652986813501 0.8623249394385578 0
1.478115330649972 0.9376161957031943 0
1.634158011812644 1.441528270632596 0
0.6968102726950971 1.595686721482934 0
0.4043132785170687 0.6968102726951055 0
1.303189727304966 0.4043132785170183 0
1.023895172792579 1.882152410078277 0
0.1178475899217228 1.023895172792589 0
1.88215120610236 0.9761057494354857 0
0.9761048272074588 0.1178475899217941 0
0.8175372066740968 1.269240626225447 0
0.8447652521774465 1.313555163063342 0
1.958670108096397 0.04308733334589169 0
0.04308733334589414 0.04132989190361501 0
1.958670108096378 1.956912666654065 0
0.04132989190362449 1.956912666654052 0
0.9025104462656779 0.8219282346477326 0
1.222103668767441 0.8797053830579825 0
1.483443967661578 1.751072530049115 0
0.2489274699508846 1.483443967661589 0
1.751072530049137 0.516556032338416 0
0.5165560323384046 0.2489274699508633 0
0.796342609720092 0.7936653695594298 0
1.35043823836695 0.2778570638050628 0
0.6495617616330849 1.72214293619489 0
0.2778570638051092 0.6495617616330944 0
1.262483977886279 1.860155613424207 0
0.1398443865757949 1.262483977886291 0
1.86015561342421 0.7375160221136867 0
0.7375160221136774 0.1398443865757911 0
0.9100594381113167 1.641364007596619 0
0.3586359924033869 0.9100594381113265 0
1.089940561888715 0.3586359924034302 0
1.375408170358917 0.03315682168337249 0
1.966843178316629 1.375408170358919 0
0.03315682168314477 0.6245918296419295 0
0.6245918296419282 1.966843178316858 0
0.8813687861752778 1.761202818015647 0
0.2387971819843513 0.8813687861752898 0
1.761202818015517 1.118631213824727 0
1.118631213824715 0.2387971819844855 0
0.9214234812123252 1.343329147295322 0
0.6539018788461719 0.9216869776772351 0
1.103310293074924 1.315542157389882 0
1.052626378201204 0.6323076063008392 0
0.9023104508289835 1.54423905687176 0
0.4557609431282446 0.9023104508289914 0
1.098718704322408 0.4509540734039366 0
1.178797247672123 1.008817833539801 0
1.176230719716433 1.645421839224697 0
0.3545817502040217 1.176251844030495 0
0.8237481559695389 0.3545817502039675 0
0.9989690694726007 1.145292070899013 0
0.9270783828998912 1.813975987181217 0
0.1860240128187848 0.9270783828999009 0
1.813971948575829 1.072926875094959 0
1.072921617100123 0.1860240128188918 0
1.066311017368501 1.140354092599321 0
1.462294139946365 1.961233405022771 0
0.03876659497722934 1.462294139946368 0
0.5377058600534682 0.03876659497720068 0
1.961233405022799 0.5377058600534722 0
1.872028192681163 1.627802616644318 0
1.627802616644316 0.1279718073188422 0
0.3721973833559932 1.872028192680899 0
0.1279718073191059 0.3721973833559934 0
0.7970933624726418 1.349317023293048 0
1.120437497796136 1.846398009068902 0
0.1536019909310996 1.120437497796145 0
1.846398009068964 0.8795625022038773 0
0.8795625022038682 0.1536019909310365 0
0.9914240310157499 1.601366019954618 0
0.3986339800453867 0.9914240310157593 0
1.008664693351507 0.3985835589538351 0
1.317641508533222 0.8795630370825276 0
1.091472578497229 1.920214364769396 0
0.07978563523060492 1.091472578497234 0
1.920214364769444 0.90852742150306 0
0.9085274215030532 0.07978563523055672 0
1.825188475528442 0.1674608007755528 0
0.167460800775554 0.1748115244715616 0
1.832340698525101 1.824934475008069 0
0.1748115244715672 1.832539199224446 0
0.3973522923198371 1.317617967950305 0
1.602647707680161 0.6823820320497298 0
0.6823820320497195 0.3973522923198423 0
1.018275585636431 0.9580312436789808 0
1.425480779471108 0.84832856251519 0
1.563068136199434 1.550645968993588 0
0.448712243891055 1.56311817200862 0
1.551287756108925 0.4368818279914095 0
0.4368818279913956 0.4487122438910641 0
0.8369766069773821 1.1434317141599 0
0.5581219688445667 1.635564077187133 0
0.5735378668065769 1.686478763841706 0
1.441878031155476 0.3644359228128567 0
1.426462133193458 0.3135212361582704 0
0.3644359228128663 0.5581219688445749 0
0.3135212361582931 0.5735378668065867 0
0.8886621315486597 1.199939571177635 0
1.174717500356572 0.9388970958117004 0
1.83567450332799 1.593913204569208 0
1.593913204569202 0.1643254966720137 0
0.4060867954309875 1.835674503327807 0
0.1643254966721968 0.4060867954309946 0
1.384773118007496 1.775194187099524 0
0.2248058129004745 1.384773118007505 0
1.775194187099545 0.6152268819925122 0
0.6152268819925013 0.2248058129004555 0
1.515031878098046 1.712683636694196 0
0.2873163633058021 1.515031878098056 0
1.712683636694212 0.4849681219019509 0
0.4849681219019409 0.2873163633057887 0
0.4957098454669414 1.456907587110549 0
1.504290154533064 0.543092412889468 0
0.5430924128894494 0.4957098454669401 0
1.831262602812022 0.4118855480745323 0
0.4118855480745287 0.1687373971879781 0
1.588114451925435 1.831262602811674 0
0.1687373971883249 1.588114451925434 0
1.29550922697902 1.029716317098153 0
1.375000000001561 1.969320199036288 0
0.03067980096371162 1.375000000001561 0
1.969320199036336 0.6249999999984595 0
0.6249999999984596 0.03067980096366211 0
1.685849735092613 1.425895559434286 0
0.5848938055597358 1.255916885497839 0
0.744083114502167 0.5848938055597381 0
1.244889199834978 1.67273938534008 0
0.3272606146599203 1.244889199834988 0
1.671557464269277 0.7545079625598282 0
0.7551108001650505 0.3272606146598688 0
1.695971503852712 1.695236957292133 0
1.695236957292125 0.3040284961473126 0
0.3047630427078755 1.695971503852717 0
0.3040284961473063 0.304763042707882 0
1.610434985458528 0.8966574959863085 0
1.378522802462315 1.820026440563903 0
0.1799735594360972 1.378522802462325 0
1.820026440563918 0.6214771975376765 0
0.6214771975376661 0.1799735594360821 0
0.6815561588964281 1.641054193925786 0
1.318443841103619 0.3589458060741758 0
0.3589458060742148 0.6815561588964372 0
1.649551978157888 0.8239327628329854 0
1.610697328325289 1.610995411095509 0
0.389004588904465 1.610697328325299 0
1.610995411095492 0.3893026716747128 0
0.3893026716747071 0.3890045889044807 0
0.6309295181350983 0.858980738210568 0
0.6066490564590353 0.8283433039603432 0
1.777712716242399 1.520559613149436 0
0.4794403868505793 1.777712716242373 0
1.520559613149415 0.2222872837576032 0
0.2222872837576272 0.4794403868505992 0
0.7996858574840582 0.5517468216958706 0
0.8940420019542825 1.681341521357482 0
0.3186584786425191 0.8940420019542921 0
1.105957998045726 0.3186584786426311 0
1.184266055698343 1.7009228872631 0
0.2990771127369041 1.184266055698352 0
1.700922887263163 0.815733944301685 0
0.8157339443016774 0.299077112736845 0
1.5959334817453 1.477419148927607 0
0.5219607655435989 1.592190155954549 0
1.478039234456437 0.4078098440454439 0
0.4078098440454483 0.521960765543608 0
0.5152734912771305 1.319517433881031 0
1.485108523825712 0.6766136784345963 0
0.6804243256931745 0.51526153945661 0
0.5836013353333238 1.171586282035757 0
0.746215689514705 1.405740490153886 0
1.254237153649795 0.5944236749441966 0
0.5958086600975374 0.7478305197457105 0
1.440428279135051 1.686933646088371 0
0.3130663539116305 1.44042827913506 0
1.686933646088394 0.5595717208649574 0
0.5595717208649439 0.3130663539116058 0
1.965537333705289 0.08351405262534055 0
1.918743949863207 0.04068020636959893 0
0.08351405262534803 0.0344626662947129 0
0.04068020636959474 0.08125605013685619 0
1.9655373337053 1.916485947374529 0
1.918798863203222 1.95917714313372 0
0.03446266629469592 1.91648594737449 0
0.08125605013687302 1.959319793630397 0
0.623235264206928 1.487097216428946 0
1.376764735793075 0.5129027835710579 0
0.5129027835710516 0.6232352642069283 0
0.5080850462058373 1.244468779279777 0
0.7547731307388192 0.5077598614055781 0
0.70253381278254 1.873138408045275 0
0.1268615919547247 0.7025338127825557 0
1.873138408045262 1.2974661872174 0
1.297466187217387 0.1268615919547376 0
1.803011276002032 1.679001256548052 0
1.67900125654805 0.1969887239979866 0
0.3209987434520006 1.803011276001988 0
0.1969887239980318 0.3209987434520001 0
1.204084904646482 0.6525323711512023 0
1.44397720545879 1.609645795174415 0
0.3912892297273772 1.444303227449708 0
1.60871077027263 0.5556967725503033 0
0.5556967725502953 0.3912892297273707 0
1.683163585347672 1.107873598334942 0
0.8752949282623215 1.15459448026061 0
0.9901389852352425 1.907286807282765 0
0.09271319271723538 0.9901389852352522 0
1.907286606620044 1.009861168469556 0
1.009861014764877 0.09271319271731533 0
0.9051122819415098 1.505705897898651 0
0.4942941021013531 0.9051122819415155 0
1.091853887208737 0.4916634562682884 0
1.526248943247669 1.151426770587259 0
1.050966985380113 0.9219319184007297 0
1.370132089316582 1.301339586038499 0
1.071255977523859 1.531213866439534 0
0.4687523331704423 1.071154630062577 0
0.9287944344925307 0.4687485401616026 0
1.229896694072517 0.8007820037540576 0
1.403631346180513 0.9673740082231812 0
0.6003347519842244 1.610729423378763 0
1.39966524801582 0.3892705766212102 0
0.3892705766212369 0.6003347519842316 0
0.8237017831786991 1.407415786602738 0
1.178298703383572 0.5951191060713185 0
1.570601157359367 0.7991677705916578 0
1.853998342986546 0.08197558970490376 0
0.08197558970489902 0.1460016570135044 0
1.914832567113706 1.844894248759831 0
0.1460016570135432 1.918024410295124 0
1.357931904266239 1.666913248194956 0
0.3317160409145674 1.360488627796952 0
1.667747648163898 0.6406091579078902 0
0.6395113722030349 0.3317160409145581 0
1.298352745686985 1.87533431034666 0
0.1246656896533427 1.298352745687001 0
1.875334310346631 0.7016472543128947 0
0.7016472543128869 0.1246656896533696 0
1.339998842859254 1.441549854691883 0
1.299206219630037 1.257435769079919 0
0.9403226845616468 1.264015943135945 0
0.7294987538531326 1.51613474766351 0
0.4838652523364935 0.7294987538531404 0
1.270501246146894 0.4838652523364816 0
0.5250000000021842 1.970865108958476 0
0.02913489104152306 0.5250000000021842 0
1.970865108958634 1.474999999998621 0
1.474999999998621 0.02913489104136681 0
1.371764171322291 0.8043790953809284 0
1.671013206739342 1.498669978961488 0
0.5012757696115647 1.670955167754443 0
1.498724230388454 0.3290448322455325 0
0.3290448322455534 0.501275769611578 0
1.746702944611179 1.496438096270445 0
1.496436088844276 0.2533154324211943 0
0.5035639111557347 1.746684567578765 0
0.2533154324212331 0.5035639111557514 0
1.966165247778255 1.037375049595633 0
1.037375049595626 0.03383475222174459 0
0.9626249504050084 1.966165247778246 0
0.03383475222175419 0.9626249504050146 0
1.047202158275177 1.359974569965014 0
0.6403206717961569 1.045724217364686 0
0.8224526553095729 0.8137956718939234 0
1.378368185758677 1.128517822881311 0
1.680649710576977 0.889182965147175 0
1.922399002196809 0.4691935049783494 0
0.4691935049783446 0.0776009978031935 0
1.530806495021425 1.922399002196573 0
0.07760099780342591 1.530806495021433 0
0.4752396271070953 1.919035317806769 0
0.08096468219323283 0.4752396271071006 0
1.919035317806719 1.524760372892925 0
1.524760372892915 0.08096468219328365 0
1.231953451515618 1.067784118490967 0
0.4345796016234965 1.899132187239178 0
0.1008678127608237 0.4345796016234998 0
1.566348178721419 1.899676671128996 0
0.1003233288710014 1.566348178721428 0
1.899132187239193 1.565420398376511 0
1.565420398376506 0.1008678127608072 0
1.89967667112905 0.4336518212786813 0
0.4336518212786783 0.1003233288709493 0
0.7914148167407566 1.960381430972665 0
0.03961856902733368 0.7914148167407636 0
1.960381430972643 1.208585183259814 0
1.208585183259806 0.03961856902735587 0
1.131484770279737 0.6328401447973355 0
1.674432595413308 1.968925335093176 0
0.03107466490682288 1.674432595413308 0
0.02840301437139827 0.3250000000013521 0
0.3250000000013521 1.971596985628601 0
1.67499999999914 0.02840301437130077 0
1.971596985628702 1.67499999999914 0
1.968925335093488 0.3255674045855844 0
0.3255674045855845 0.0310746649065121 0
1.124715806322943 1.427495166863188 0
0.5745539706550395 1.126535782683648 0
0.8726414094925994 0.5740650077371244 0
1.438809136481644 1.778462990935925 0
0.2215370090640751 1.438809136481654 0
1.778462990935944 0.5611908635183588 0
0.5611908635183476 0.221537009064057 0
1.260028476563038 0.8333217078403611 0
0.8406052814435486 0.6891971117137334 0
1.964465595055465 0.2126180726626916 0
0.2126180726626944 0.03553440494453412 0
1.963905899646845 1.788665695027558 0
1.78879823909659 0.03586710644116348 0
1.787381927336599 1.96446559505567 0
0.03553440494432875 1.787381927336598 0
0.2112017609036104 1.964132893558849 0
0.03586710644116022 0.2112017609035911 0
1.510288081299987 1.409944277229369 0
1.193800527662043 1.522476101625727 0
1.1074217301212 1.463088228564364 0
0.5360539989162848 1.107948467392259 0
0.8917034085044464 0.5358264487956812 0
0.9720199428014324 1.037579746370743 0
1.860948432750893 0.2910525717909043 0
1.836554157050015 0.3246553603217845 0
0.2910525717908997 0.1390515672491038 0
0.3246553603217802 0.163445842949983 0
1.67534463967818 1.836554157049839 0
1.708947428209249 1.860948432750714 0
0.1390515672492847 1.708947428209246 0
0.1634458429501578 1.67534463967818 0
1.493441737023217 1.623254756931116 0
0.3768147205066901 1.493463182983962 0
1.623185279493309 0.5065368170160347 0
0.5065368170160416 0.3768147205066804 0
0.6845674680551583 0.98979117474864 0
0.9286701755924458 1.05617973852643 0
1.256266780041662 1.142023240077735 0
0.5986231549419873 1.449361351293559 0
1.4013771620121 0.5506383436056977 0
0.5506386487064381 0.5986231549419898 0
1.853265583417364 0.441393686613953 0
0.4413936866139483 0.1467344165826365 0
1.558606313386063 1.853265583416981 0
0.1467344165830144 1.558606313386067 0
1.696698679463321 1.795611453428743 0
1.795611453428833 0.303301320536681 0
0.2043885465712534 1.696698679463319 0
0.3033013205366767 0.2043885465711647 0
0.9141418834864645 1.910182225842509 0
0.08981777415748896 0.9141418834864741 0
1.910182225842411 1.085858116513775 0
1.085858116513764 0.08981777415758735 0
1.600331378326032 1.120907661810301 0
0.9111118543130955 0.9983996318957065 0
0.961894273333466 1.356964211335367 0
0.6465844978051215 0.9631547592107799 0
1.421315756016775 1.540159712503785 0
1.814380124314647 1.459159582124571 0
1.459163414412117 0.185615364085028 0
0.5408365855878819 1.814384635914923 0
0.1856153640850745 0.5408365855878927 0
1.275231236559502 1.447096507392378 0
0.08063679448666342 0.28074484596514 0
0.2807448459651509 1.919363205513342 0
1.72356617726103 1.92545244272386 0
0.07454755727613727 1.723566177261027 0
1.719255154035074 0.08063679448662359 0
1.919363205513382 1.719255154035063 0
1.925452442723878 0.2764338227386259 0
0.2764338227386292 0.07454755727612787 0
1.898453748461301 0.08337020415547637 0
0.08337020415546195 0.1015462515387217 0
1.898453748461232 1.916629795844553 0
0.1015462515387828 1.916629795844558 0
1.649474946721777 1.037212458249474 0
0.5520770717627759 1.505005549508277 0
1.447922928237232 0.4949944504917306 0
0.4949944504917215 0.5520770717627728 0
1.128686952454389 0.8284255470919225 0
1.362669386026375 0.3507005382247296 0
0.6373306139736719 1.649299461775222 0
0.3507005382247756 0.6373306139736817 0
1.203128819237719 1.337842833122362 0
1.041328037641202 1.591082253773488 0
0.4089177462265167 1.04132803764121 0
0.958672202267852 0.4089152899435605 0
0.7176897097968259 1.451823828655644 0
1.282385764063929 0.5482035321940238 0
0.5484343630529285 0.7179588481686663 0
1.612689736263335 1.399967181871764 0
1.145199316016607 1.11928384355392 0
1.26766067448858 1.06653684629825 0
1.19410122965526 0.8159515013786013 0
1.492628876389745 1.816597457590795 0
0.1834025424092036 1.492628876389752 0
1.816597457590833 0.507371123610258 0
0.5073711236102477 0.1834025424091676 0
1.556445103306879 1.653901904771791 0
0.3460980952282104 1.556445103306886 0
1.653901904771798 0.4435548966931234 0
0.4435548966931185 0.3460980952282026 0
1.855998829821556 1.511061864357711 0
1.511061864357706 0.1440011701784495 0
0.4889381356424086 1.855998829821555 0
0.1440011701784492 0.4889381356424104 0
0.7912514607960036 1.471731631007459 0
1.208871671841192 0.5283755296000002 0
0.5283630986772309 0.7923958014623455 0
1.569227025897482 1.618718133695728 0
0.3812622045987498 1.569214722982068 0
1.618737795401234 0.4307852770179371 0
0.4307852770179396 0.3812622045987507 0
0.959484115719007 0.856905210548691 0
1.911641991755052 1.212643621879869 0
1.212643621879857 0.08835800824494712 0
0.7873563781203244 1.911641991755058 0
0.08835800824494081 0.7873563781203355 0
1.035785696142594 1.704851620181514 0
0.2951483798184894 1.035785696142607 0
0.9642143038574131 0.2951483798184583 0
1.088016228576767 1.855711973078137 0
0.1442880269218649 1.088016228576776 0
1.855711973078188 0.9119837714232321 0
0.911983771423223 0.1442880269218131 0
0.5715249420923252 0.8365035500967023 0
1.315649753751999 1.107806341308925 0
1.188036606248739 0.857504538548528 0
1.643358926455605 1.359275555547126 0
1.23213754245611 0.7052742051412834 0
1.606308950678264 1.304877417366776 0
1.695826060380747 1.655664715599364 0
0.3443352844006496 1.69582606038075 0
1.655664715599333 0.3041739396192529 0
0.3041739396192507 0.3443352844006785 0
1.198442904670632 1.870269252477078 0
0.1297307475229247 1.198442904670643 0
1.87026925247713 0.8015570953294028 0
0.8015570953293947 0.1297307475228721 0
1.652562828778344 1.922714152225402 0
0.07728584777459607 1.652562828778345 0
1.922714152225666 0.3474371712210967 0
0.3474371712210949 0.0772858477743337 0
1.735574511267583 1.646755468587501 0
1.761607476485742 1.679861409349615 0
1.646755468587478 0.2644254887324181 0
1.679861409349602 0.2383925235142724 0
0.3532445314125381 1.735574511267559 0
0.3201385906504197 1.761607476485724 0
0.2644254887324428 0.3532445314125582 0
0.2383925235142914 0.3201385906504303 0
1.084839261095979 0.9452507527529124 0
1.108140612995836 1.053100766428033 0
1.301323496337506 0.7877784851544433 0
1.72657507353175 1.415474909210301 0
1.415963416579549 0.2728890491441045 0
0.5840365834204831 1.727110950855856 0
0.2728890491441427 0.5840365834204934 0
1.105223517064247 1.388106835765784 0
1.57500000000017 1.973802438697301 0
0.02619756130269809 1.57500000000017 0
1.973802438697228 0.4249999999990428 0
0.4249999999990428 0.02619756130277114 0
1.973802438697588 1.57499999999888 0
1.57499999999888 0.02619756130241251 0
0.4250000000017685 1.9738024386977 0
0.02619756130229881 0.4250000000017684 0
0.8291587127913215 1.969520387177238 0
0.03047961282276201 0.8291587127913251 0
1.969520387177196 1.170841287209565 0
1.170841287209561 0.03047961282280365 0
1.18421474024322 1.459210614288614 0
0.7060125067870902 1.216127166937707 0
0.4593233355194886 1.425401978406459 0
1.540676664480512 0.5745980215935569 0
0.5745980215935407 0.459323335519492 0
1.616071344425715 1.154660999800421 0
1.496157788487345 1.449727380098384 0
1.490401408238634 1.513948121283237 0
0.485963353118773 1.49198832274119 0
1.514036646881234 0.5080116772588297 0
0.5080116772588058 0.4859633531187659 0
0.7451353962672791 1.479100887218415 0
1.254897704815722 0.5209215330244312 0
0.520957933013798 0.7453709761069818 0
1.842795957183364 0.1990695449975506 0
1.801050416008386 1.842526773891668 0
0.1990695449975506 0.1572040428166341 0
0.1572040428166674 1.800930455002402 0
0.5511014903622913 1.926026626260773 0
0.07397337373923002 0.5511014903622959 0
1.926026626260572 1.448898509638004 0
1.448898509638 0.07397337373943379 0
1.675245851237759 1.572593925798906 0
0.4274060742011237 1.67524585123772 0
1.572593925798894 0.3247541487622373 0
0.324754148762276 0.4274060742011316 0
1.144151995867126 1.315827581014972 0
1.266577784516523 1.732894343518435 0
0.2671056564815694 1.266577784516534 0
1.732894343518419 0.7334222154835078 0
0.7334222154834981 0.2671056564815856 0
1.475892366877406 0.9864805493260651 0
1.445468635861465 1.870785655644523 0
0.1292143443554764 1.445468635861472 0
1.870785655644569 0.55453136413853 0
0.5545313641385211 0.129214344355432 0
0.7778867470705761 1.234689179495141 0
0.5839929840115216 1.325206758457338 0
1.416770690398245 0.671901403900284 0
0.674546201141912 0.583811557683514 0
1.008107642205099 1.258024288786705 0
0.8285103940502875 1.570622593609381 0
0.429377406390624 0.8285103940503009 0
1.171489605949795 0.4293774063906546 0
0.6674048115233575 1.317790247572437 0
0.6820094617560787 0.6663498328139723 0
1.068593782868095 1.468697884903039 0
0.53052787043737 1.0686362721606 0
0.9272793542608296 0.5342665383649662 0
1.444312964258699 1.16275263106232 0
1.750670076697431 0.1405849187068907 0
1.859415081293132 1.750670076697445 0
0.1405849187068944 0.2493299233025919 0
0.2493299233025767 1.859415081293129 0
1.329275964497911 1.231713052736185 0
1.055018321637449 1.807942508410122 0
0.1920574915898801 1.055018321637462 0
1.807942508410187 0.9449816783625914 0
0.944981678362581 0.1920574915898152 0
1.32302622380474 1.8493323835395 0
0.1506676164605083 1.323026223804752 0
1.849332383539397 0.6769737761952174 0
0.676973776195208 0.1506676164606023 0
1.292771257995494 1.530943026292444 0
0.5866558314672624 1.570020535910519 0
1.41334416853277 0.4299794640894665 0
0.4299794640894812 0.5866558314672654 0
1.218859550418305 1.400080394875846 0
1.204165254148402 1.097912310812571 0
1.332797751707362 0.6830961422299362 0
0.9080705783342817 0.7454012315794192 0
1.598952758739866 1.26092155183929 0
1.126458004438133 1.507304414450049 0
0.4897200181605978 1.125112742396266 0
0.8748872576037544 0.4897200181605895 0
1.577189405410862 1.681854724078145 0
0.3181452759218539 1.57718940541087 0
1.681854724078151 0.4228105945891575 0
0.42281059458915 0.3181452759218485 0
1.022180747354718 1.039083431053151 0
0.8943163911673033 0.6025588460119978 0
1.650342161775361 0.9451951422549634 0
1.542855033177909 1.277119194605937 0
0.6056482481544134 1.108995159448216 0
1.020240293213623 0.8294040911192641 0
0.6720606565851652 0.7297735725492129 0
1.358586404368484 1.008020742792323 0
0.06507007122088058 0.3462617958049323 0
0.3462617958049338 1.934929928779122 0
1.934929928779199 1.653738204195466 0
1.653738204195467 0.06507007122080409 0
1.653689371336585 1.748473017504758 0
0.2515269824952363 1.653689371336588 0
1.748473017504809 0.3463106286634505 0
0.3463106286634454 0.2515269824951877 0
1.567334002391764 1.45710754627789 0
1.928026212654314 1.403975334914096 0
1.403975334914092 0.07197378734568737 0
0.5960246650862588 1.928026212654437 0
0.07197378734556424 0.5960246650862635 0
$EndNodes
$Elements
5 4420 1 4420
1 1 1 40
1 1 5 
2 5 6 
3 6 7 
4 7 8 
5 8 9 
6 9 10 
7 10 11 
8 11 12 
9 12 13 
10 13 14 
11 14 15 
12 15 16 
13 16 17 
14 17 18 
15 18 19 
16 19 20 
17 20 21 
18 21 22 
19 22 23 
20 23 24 
21 24 25 
22 25 26 
23 26 27 
24 27 28 
25 28 29 
26 29 30 
27 30 31 
28 31 32 
29 32 33 
30 33 34 
31 34 35 
32 35 36 
33 36 37 
34 37 38 
35 38 39 
36 39 40 
37 40 41 
38 41 42 
39 42 43 
40 43 2 
1 2 1 40
41 2 44 
42 44 45 
43 45 46 
44 46 47 
45 47 48 
46 48 49 
47 49 50 
48 50 51 
49 51 52 
50 52 53 
51 53 54 
52 54 55 
53 55 56 
54 56 57 
55 57 58 
56 58 59 
57 59 60 
58 60 61 
59 61 62 
60 62 63 
61 63 64 
62 64 65 
63 65 66 
64 66 67 
65 67 68 
66 68 69 
67 69 70 
68 70 71 
69 71 72 
70 72 73 
71 73 74 
72 74 75 
73 75 76 
74 76 77 
75 77 78 
76 78 79 
77 79 80 
78 80 81 
79 81 82 
80 82 3 
1 3 1 40
81 3 83 
82 83 84 
83 84 85 
84 85 86 
85 86 87 
86 87 88 
87 88 89 
88 89 90 
89 90 91 
90 91 92 
91 92 93 
92 93 94 
93 94 95 
94 95 96 
95 96 97 
96 97 98 
97 98 99 
98 99 100 
99 100 101 
100 101 102 
101 102 103 
102 103 104 
103 104 105 
104 105 106 
105 106 107 
106 107 108 
107 108 109 
108 109 110 
109 110 111 
110 111 112 
111 112 113 
112 113 114 
113 114 115 
114 115 116 
115 116 117 
116 117 118 
117 118 119 
118 119 120 
119 120 121 
120 121 4 
1 4 1 40
121 4 122 
122 122 123 
123 123 124 
124 124 125 
125 125 126 
126 126 127 
127 127 128 
128 128 129 
129 129 130 
130 130 131 
131 131 132 
132 132 133 
133 133 134 
134 134 135 
135 135 136 
136 136 137 
137 137 138 
138 138 139 
139 139 140 
140 140 141 
141 141 142 
142 142 143 
143 143 144 
144 144 145 
145 145 146 
146 146 147 
147 147 148 
148 148 149 
149 149 150 
150 150 151 
151 151 152 
152 152 153 
153 153 154 
154 154 155 
155 155 156 
156 156 157 
157 157 158 
158 158 159 
159 159 160 
160 160 1 
2 1 2 4260
161 740 356 1128 
162 693 356 1380 
163 1254 908 1701 
164 843 366 1019 
165 203 1208 1215 
166 205 1209 1216 
167 500 1014 1060 
168 435 839 935 
169 1118 353 1815 
170 356 693 1176 
171 1130 354 1816 
172 713 1118 1815 
173 214 682 1081 
174 215 683 1082 
175 682 404 1081 
176 216 684 1083 
177 683 405 1082 
178 217 685 1084 
179 684 406 1083 
180 685 407 1084 
181 714 1130 1816 
182 458 908 1254 
183 910 518 957 
184 357 910 957 
185 911 519 958 
186 358 911 958 
187 359 912 959 
188 912 520 959 
189 913 521 960 
190 360 913 960 
191 330 781 2069 
192 782 330 2069 
193 1014 255 1060 
194 701 570 1857 
195 811 1202 1411 
196 673 370 1466 
197 675 371 1467 
198 674 372 1468 
199 676 373 1469 
200 1152 267 1496 
201 1153 268 1497 
202 1154 269 1498 
203 1155 270 1499 
204 935 352 1764 
205 804 857 2207 
206 228 801 1042 
207 857 222 2207 
208 571 802 1454 
209 802 284 1454 
210 350 850 1049 
211 351 851 1050 
212 348 848 1051 
213 349 849 1052 
214 1184 701 1857 
215 350 1049 2004 
216 351 1050 2005 
217 348 1051 2008 
218 349 1052 2009 
219 381 677 1764 
220 677 935 1764 
221 593 794 1551 
222 435 935 1075 
223 285 769 1037 
224 769 412 1037 
225 286 770 1038 
226 770 413 1038 
227 287 771 1039 
228 771 414 1039 
229 288 772 1040 
230 772 415 1040 
231 356 829 1128 
232 727 206 1618 
233 354 1130 1843 
234 893 1249 2055 
235 894 1250 2056 
236 895 1251 2057 
237 896 1252 2058 
238 227 799 1072 
239 799 434 1072 
240 1551 794 2119 
241 893 487 1249 
242 894 488 1250 
243 895 489 1251 
244 896 490 1252 
245 168 667 1397 
246 667 456 1397 
247 207 978 1010 
248 209 979 1011 
249 208 980 1012 
250 210 981 1013 
251 799 336 1471 
252 303 663 1556 
253 304 664 1557 
254 305 665 1558 
255 306 666 1559 
256 615 1152 1496 
257 616 1153 1497 
258 617 1154 1498 
259 618 1155 1499 
260 203 840 1208 
261 205 842 1209 
262 794 218 904 
263 795 219 905 
264 796 220 906 
265 797 221 907 
266 1023 163 1318 
267 1024 164 1319 
268 1025 165 1320 
269 549 1007 1330 
270 550 1009 1331 
271 551 1008 1332 
272 454 803 1031 
273 688 404 1116 
274 689 405 1117 
275 686 406 1114 
276 687 407 1115 
277 609 1023 1318 
278 610 1024 1319 
279 611 1025 1320 
280 1374 716 2092 
281 454 1031 1142 
282 839 352 935 
283 372 674 1257 
284 370 673 1255 
285 373 676 1258 
286 371 675 1256 
287 1330 1007 1689 
288 1331 1009 1690 
289 1332 1008 1691 
290 254 1058 1190 
291 257 1061 1192 
292 256 1059 1191 
293 773 289 1186 
294 774 290 1187 
295 775 291 1188 
296 776 292 1189 
297 979 446 1011 
298 978 445 1010 
299 981 448 1013 
300 980 447 1012 
301 769 190 1015 
302 770 191 1016 
303 412 769 1015 
304 413 770 1016 
305 771 192 1017 
306 414 771 1017 
307 772 193 1018 
308 415 772 1018 
309 956 20 1349 
310 955 59 1350 
311 954 137 1347 
312 953 98 1348 
313 271 833 1184 
314 833 456 1184 
315 667 168 1578 
316 334 901 902 
317 901 504 902 
318 870 357 1634 
319 871 358 1635 
320 872 359 1637 
321 873 360 1639 
322 669 293 1124 
323 671 294 1126 
324 670 295 1125 
325 672 296 1127 
326 677 381 1464 
327 242 698 996 
328 244 699 997 
329 245 700 998 
330 1471 336 1976 
331 361 1551 2119 
332 834 727 1618 
333 593 876 1160 
334 594 878 1161 
335 595 877 1163 
336 596 879 1162 
337 303 742 1270 
338 304 744 1271 
339 305 741 1272 
340 306 743 1273 
341 183 737 982 
342 184 738 984 
343 185 739 983 
344 1101 716 1374 
345 1049 707 2004 
346 1050 708 2005 
347 1051 709 2008 
348 1052 710 2009 
349 663 250 1156 
350 664 251 1158 
351 665 252 1157 
352 666 253 1159 
353 1207 365 1958 
354 250 663 1837 
355 251 664 1838 
356 252 665 1835 
357 253 666 1836 
358 397 862 1486 
359 456 667 1164 
360 229 1080 1134 
361 1080 570 1134 
362 867 224 1808 
363 868 223 1809 
364 869 225 1810 
365 663 303 1249 
366 664 304 1250 
367 665 305 1251 
368 666 306 1252 
369 809 307 1030 
370 1430 870 1634 
371 1431 871 1635 
372 1432 872 1637 
373 1433 873 1639 
374 1026 186 1263 
375 584 1026 1263 
376 1933 1384 2080 
377 1934 1385 2081 
378 1939 1386 2082 
379 1940 1387 2083 
380 1087 226 1222 
381 614 1087 1222 
382 367 840 1027 
383 368 841 1028 
384 369 842 1029 
385 386 713 1815 
386 387 714 1816 
387 388 715 1817 
388 45 46 816 
389 6 7 818 
390 41 42 814 
391 80 81 819 
392 158 159 815 
393 84 85 817 
394 119 120 821 
395 123 124 820 
396 835 597 1662 
397 836 598 1663 
398 837 599 1664 
399 838 600 1665 
400 811 434 1202 
401 278 811 1179 
402 811 450 1179 
403 759 468 1386 
404 760 469 1387 
405 757 466 1384 
406 758 467 1385 
407 471 761 1389 
408 470 762 1388 
409 473 763 1391 
410 472 764 1390 
411 1646 876 1807 
412 753 402 1057 
413 230 753 1057 
414 723 170 1789 
415 724 171 1790 
416 725 172 1791 
417 726 173 1792 
418 810 287 1039 
419 497 810 1039 
420 737 378 982 
421 739 379 983 
422 738 380 984 
423 1221 474 1660 
424 335 888 1560 
425 888 612 1560 
426 700 245 1031 
427 1627 867 1808 
428 1628 868 1809 
429 1629 869 1810 
430 340 863 921 
431 1202 188 1411 
432 170 730 1789 
433 171 732 1790 
434 172 734 1791 
435 173 736 1792 
436 594 795 1627 
437 595 796 1628 
438 596 797 1629 
439 695 500 1060 
440 694 501 1058 
441 697 502 1061 
442 696 503 1059 
443 694 214 1571 
444 695 216 1570 
445 696 215 1573 
446 697 217 1572 
447 19 20 956 
448 58 59 955 
449 136 137 954 
450 97 98 953 
451 835 1662 1944 
452 836 1663 1945 
453 837 1664 1946 
454 838 1665 1947 
455 730 170 1076 
456 732 171 1077 
457 734 172 1078 
458 736 173 1079 
459 293 669 1203 
460 294 671 1204 
461 295 670 1205 
462 296 672 1206 
463 434 811 1109 
464 811 278 1109 
465 230 847 1118 
466 847 548 1118 
467 771 1456 1478 
468 619 1221 1660 
469 848 238 1051 
470 849 239 1052 
471 850 240 1049 
472 851 241 1050 
473 800 381 1764 
474 870 479 1500 
475 871 480 1501 
476 873 482 1502 
477 864 378 1434 
478 866 380 1436 
479 865 379 1435 
480 705 899 2006 
481 706 900 2007 
482 899 344 2006 
483 900 345 2007 
484 711 897 2010 
485 897 346 2010 
486 712 898 2011 
487 898 347 2011 
488 1380 356 1645 
489 353 1118 1710 
490 1021 499 1085 
491 403 1021 1085 
492 753 300 1303 
493 754 302 1304 
494 1061 502 1192 
495 1058 501 1190 
496 1059 503 1191 
497 177 813 1021 
498 813 499 1021 
499 728 1207 1958 
500 99 100 805 
501 138 139 806 
502 60 61 807 
503 21 22 808 
504 175 858 1594 
505 1014 1553 2117 
506 1069 1324 1811 
507 1070 1325 1812 
508 1071 1326 1813 
509 381 862 1193 
510 786 207 1010 
511 787 209 1011 
512 788 208 1012 
513 789 210 1013 
514 720 226 1054 
515 1014 393 1553 
516 397 1486 1744 
517 771 287 1456 
518 1069 264 1324 
519 1070 265 1325 
520 1071 266 1326 
521 935 231 1075 
522 589 876 1646 
523 361 1055 2118 
524 45 816 1822 
525 6 818 1824 
526 819 81 1826 
527 814 42 1823 
528 821 120 1829 
529 84 817 1827 
530 123 820 1828 
531 815 159 1825 
532 722 228 1042 
533 570 701 1553 
534 404 682 1990 
535 405 683 1991 
536 406 684 1992 
537 407 685 1993 
538 451 1047 1075 
539 1627 795 2120 
540 1628 796 2121 
541 1629 797 2122 
542 451 833 1047 
543 678 318 1367 
544 679 319 1368 
545 680 320 1369 
546 681 321 1370 
547 318 678 1244 
548 319 679 1245 
549 320 680 1246 
550 321 681 1247 
551 800 206 1358 
552 1597 1067 1744 
553 682 214 1697 
554 683 215 1698 
555 684 216 1699 
556 685 217 1700 
557 500 695 1492 
558 501 694 1493 
559 502 697 1495 
560 503 696 1494 
561 756 394 1032 
562 232 756 1032 
563 406 686 1270 
564 407 687 1271 
565 404 688 1272 
566 405 689 1273 
567 711 1939 2082 
568 705 1933 2080 
569 712 1940 2083 
570 706 1934 2081 
571 874 204 1579 
572 489 1194 1210 
573 1194 634 1210 
574 490 1195 1211 
575 1195 635 1211 
576 487 1196 1212 
577 1196 632 1212 
578 488 1197 1213 
579 1197 633 1213 
580 313 1067 1597 
581 829 557 1128 
582 801 228 1312 
583 858 1508 1594 
584 754 403 1085 
585 233 754 1085 
586 974 870 1500 
587 975 871 1501 
588 977 873 1502 
589 214 694 1681 
590 216 695 1683 
591 215 696 1682 
592 217 697 1684 
593 214 741 1571 
594 215 743 1573 
595 216 742 1570 
596 217 744 1572 
597 996 459 1107 
598 997 461 1108 
599 741 305 1558 
600 742 303 1556 
601 744 304 1557 
602 743 306 1559 
603 727 834 2093 
604 902 162 1239 
605 394 756 1041 
606 756 301 1041 
607 285 890 1371 
608 890 549 1371 
609 286 891 1372 
610 891 550 1372 
611 288 892 1373 
612 892 551 1373 
613 162 728 1055 
614 242 996 1107 
615 244 997 1108 
616 205 704 1799 
617 1251 305 2057 
618 1252 306 2058 
619 1249 303 2055 
620 1250 304 2056 
621 874 582 1041 
622 301 874 1041 
623 1352 1044 1770 
624 1354 1045 1771 
625 993 542 1274 
626 994 543 1275 
627 995 544 1276 
628 927 344 1284 
629 928 345 1285 
630 524 927 1284 
631 526 928 1285 
632 929 346 1286 
633 522 929 1286 
634 930 347 1287 
635 523 930 1287 
636 843 1019 1323 
637 386 1815 2028 
638 387 1816 2029 
639 388 1817 2030 
640 386 830 1139 
641 387 831 1140 
642 388 832 1141 
643 798 424 1119 
644 186 798 1119 
645 309 745 1198 
646 310 746 1199 
647 311 747 1200 
648 312 748 1201 
649 857 804 1958 
650 389 916 1281 
651 390 914 1279 
652 391 917 1282 
653 392 915 1280 
654 919 273 1129 
655 455 919 1129 
656 1092 615 1496 
657 1093 616 1497 
658 1094 617 1498 
659 1095 618 1499 
660 713 230 1118 
661 453 1238 1365 
662 425 749 1702 
663 426 750 1703 
664 427 751 1705 
665 428 752 1704 
666 593 1160 1732 
667 595 1163 1734 
668 594 1161 1733 
669 596 1162 1735 
670 714 232 1130 
671 1006 355 1817 
672 715 1006 1817 
673 582 874 1579 
674 218 794 1446 
675 219 795 1447 
676 220 796 1448 
677 221 797 1449 
678 394 721 1346 
679 940 170 1776 
680 941 171 1778 
681 942 172 1777 
682 943 173 1779 
683 809 436 1292 
684 1436 380 1564 
685 1434 378 1563 
686 1435 379 1565 
687 357 870 974 
688 358 871 975 
689 359 872 976 
690 360 873 977 
691 859 459 996 
692 860 461 997 
693 861 463 998 
694 961 250 1212 
695 963 251 1213 
696 962 252 1210 
697 964 253 1211 
698 1037 412 1102 
699 1038 413 1103 
700 495 1037 1102 
701 496 1038 1103 
702 1039 414 1104 
703 497 1039 1104 
704 1040 415 1105 
705 498 1040 1105 
706 162 902 1305 
707 902 504 1305 
708 1042 801 1858 
709 961 535 1266 
710 962 537 1268 
711 250 961 1266 
712 252 962 1268 
713 963 536 1267 
714 964 538 1269 
715 251 963 1267 
716 253 964 1269 
717 365 857 1958 
718 259 993 1274 
719 260 994 1275 
720 262 995 1276 
721 1031 245 1142 
722 170 723 1097 
723 171 724 1098 
724 172 725 1099 
725 173 726 1100 
726 287 810 2016 
727 605 847 1057 
728 847 230 1057 
729 206 800 1919 
730 230 713 1473 
731 232 714 1474 
732 1737 878 1808 
733 1739 877 1809 
734 1741 879 1810 
735 1776 170 2072 
736 1778 171 2073 
737 1777 172 2074 
738 1779 173 2075 
739 1377 339 1517 
740 1073 453 1365 
741 450 926 1006 
742 926 355 1006 
743 436 809 1030 
744 445 848 1010 
745 446 849 1011 
746 447 850 1012 
747 448 851 1013 
748 703 203 1215 
749 704 205 1216 
750 936 416 1007 
751 254 936 1007 
752 938 418 1008 
753 257 938 1008 
754 937 417 1009 
755 256 937 1009 
756 289 773 1818 
757 290 774 1819 
758 291 775 1820 
759 292 776 1821 
760 1591 649 1868 
761 1593 651 1869 
762 857 395 2031 
763 1069 609 1318 
764 442 1069 1318 
765 1070 610 1319 
766 443 1070 1319 
767 1071 611 1320 
768 444 1071 1320 
769 741 214 1081 
770 743 215 1082 
771 742 216 1083 
772 744 217 1084 
773 1689 1131 1854 
774 1690 1132 1855 
775 1691 1133 1856 
776 737 183 1785 
777 738 184 1786 
778 739 185 1787 
779 999 1412 1693 
780 1000 1413 1694 
781 1001 1415 1695 
782 830 386 1603 
783 831 387 1604 
784 832 388 1605 
785 203 703 1376 
786 698 242 1290 
787 699 244 1291 
788 416 1131 1689 
789 417 1132 1690 
790 418 1133 1691 
791 512 1068 1073 
792 1068 272 1073 
793 790 420 1143 
794 178 790 1143 
795 791 421 1144 
796 179 791 1144 
797 180 792 1145 
798 792 422 1145 
799 181 793 1146 
800 793 423 1146 
801 1030 307 2034 
802 336 799 1514 
803 576 1033 1850 
804 577 1034 1851 
805 578 1035 1852 
806 579 1036 1853 
807 412 1015 1147 
808 413 1016 1148 
809 414 1017 1149 
810 415 1018 1150 
811 890 285 1037 
812 891 286 1038 
813 495 890 1037 
814 496 891 1038 
815 892 288 1040 
816 498 892 1040 
817 1650 576 1850 
818 1651 577 1851 
819 1652 578 1852 
820 1653 579 1853 
821 339 803 1043 
822 713 386 1526 
823 714 387 1527 
824 715 388 1528 
825 187 921 1329 
826 506 874 1353 
827 874 301 1353 
828 740 168 1355 
829 1562 903 1594 
830 223 868 2177 
831 224 867 2176 
832 225 869 2178 
833 590 878 1737 
834 591 877 1739 
835 592 879 1741 
836 620 856 1032 
837 2031 395 2069 
838 777 297 1088 
839 778 298 1089 
840 398 777 1088 
841 399 778 1089 
842 779 299 1090 
843 400 779 1090 
844 834 279 1175 
845 844 367 1027 
846 845 368 1028 
847 846 369 1029 
848 182 782 1606 
849 226 720 1222 
850 494 956 1349 
851 493 955 1350 
852 492 954 1347 
853 491 953 1348 
854 1055 728 2118 
855 356 740 1645 
856 1815 783 2028 
857 1816 784 2029 
858 1817 785 2030 
859 378 936 1190 
860 379 937 1191 
861 380 938 1192 
862 168 740 1128 
863 468 759 1926 
864 469 760 1927 
865 466 757 1922 
866 467 758 1923 
867 761 471 1924 
868 762 470 1925 
869 763 473 1920 
870 764 472 1921 
871 311 819 2014 
872 816 309 2012 
873 644 816 2012 
874 820 312 2015 
875 819 646 2014 
876 647 820 2015 
877 818 310 2013 
878 645 818 2013 
879 721 394 1893 
880 1532 1114 1992 
881 1531 1115 1993 
882 1534 1116 1990 
883 1533 1117 1991 
884 332 823 2022 
885 825 332 2022 
886 331 824 2021 
887 826 331 2021 
888 333 827 2023 
889 828 333 2023 
890 755 202 2112 
891 1055 361 1620 
892 206 727 1692 
893 222 1646 1807 
894 777 398 1865 
895 778 399 1866 
896 779 400 1867 
897 336 903 1562 
898 859 166 1313 
899 459 859 1313 
900 860 167 1314 
901 461 860 1314 
902 463 861 1316 
903 861 169 1316 
904 1047 435 1075 
905 483 914 1156 
906 484 915 1158 
907 485 916 1157 
908 486 917 1159 
909 356 1176 1630 
910 999 366 1412 
911 1000 367 1413 
912 1001 369 1415 
913 856 232 1032 
914 902 1239 1883 
915 378 737 1563 
916 379 739 1565 
917 380 738 1564 
918 362 1627 2120 
919 363 1628 2121 
920 364 1629 2122 
921 841 368 1870 
922 833 271 1047 
923 279 834 2032 
924 307 856 1863 
925 856 620 1863 
926 218 1446 1972 
927 219 1447 1973 
928 220 1448 1974 
929 221 1449 1975 
930 522 745 1574 
931 745 309 1574 
932 523 746 1575 
933 746 310 1575 
934 524 747 1576 
935 747 311 1576 
936 526 748 1577 
937 748 312 1577 
938 619 813 1221 
939 909 229 1170 
940 728 162 1207 
941 1058 495 1681 
942 1059 496 1682 
943 694 1058 1681 
944 696 1059 1682 
945 1060 497 1683 
946 695 1060 1683 
947 1061 498 1684 
948 697 1061 1684 
949 170 940 1076 
950 172 942 1078 
951 171 941 1077 
952 173 943 1079 
953 1466 370 2132 
954 1467 371 2133 
955 1468 372 2130 
956 1469 373 2131 
957 876 293 1160 
958 878 294 1161 
959 877 295 1163 
960 879 296 1162 
961 742 1083 1270 
962 744 1084 1271 
963 741 1081 1272 
964 743 1082 1273 
965 1120 1749 1781 
966 1121 1750 1782 
967 1122 1751 1783 
968 1123 1752 1784 
969 1120 420 1749 
970 1121 421 1750 
971 1122 422 1751 
972 1123 423 1752 
973 1208 477 1215 
974 1209 478 1216 
975 352 839 2067 
976 228 722 1407 
977 436 722 1379 
978 773 1186 1844 
979 774 1187 1845 
980 775 1188 1846 
981 776 1189 1847 
982 759 1386 2102 
983 760 1387 2103 
984 757 1384 2100 
985 758 1385 2101 
986 1389 761 2104 
987 1388 762 2105 
988 1391 763 2106 
989 1390 764 2107 
990 745 522 1286 
991 746 523 1287 
992 747 524 1284 
993 748 526 1285 
994 95 96 1002 
995 134 135 1003 
996 56 57 1004 
997 17 18 1005 
998 982 378 1190 
999 983 379 1191 
1000 984 380 1192 
1001 722 436 1407 
1002 857 365 1396 
1003 279 1254 1701 
1004 365 1207 1619 
1005 425 1092 1496 
1006 426 1093 1497 
1007 427 1094 1498 
1008 428 1095 1499 
1009 812 396 1730 
1010 313 1374 2092 
1011 177 803 1334 
1012 803 454 1334 
1013 1114 406 1992 
1014 1115 407 1993 
1015 1116 404 1990 
1016 1117 405 1991 
1017 944 668 1396 
1018 782 182 1535 
1019 505 1044 1352 
1020 507 1045 1354 
1021 182 920 1151 
1022 450 1006 1177 
1023 1110 597 1818 
1024 1111 598 1819 
1025 1112 599 1820 
1026 1113 600 1821 
1027 773 1110 1818 
1028 774 1111 1819 
1029 775 1112 1820 
1030 776 1113 1821 
1031 1561 939 1687 
1032 176 1661 1948 
1033 226 908 1054 
1034 376 978 1482 
1035 377 980 1484 
1036 374 979 1483 
1037 375 981 1485 
1038 1661 822 1948 
1039 1456 481 1478 
1040 1022 1414 1788 
1041 396 812 1096 
1042 546 1561 1687 
1043 621 1441 1457 
1044 622 1442 1458 
1045 623 1443 1459 
1046 624 1444 1460 
1047 95 1002 1765 
1048 134 1003 1766 
1049 56 1004 1767 
1050 17 1005 1768 
1051 366 949 1019 
1052 184 984 1280 
1053 183 982 1281 
1054 185 983 1282 
1055 184 826 1786 
1056 183 825 1785 
1057 185 828 1787 
1058 1603 386 2028 
1059 1604 387 2029 
1060 1605 388 2030 
1061 1056 227 1072 
1062 457 1056 1072 
1063 1384 466 2080 
1064 1385 467 2081 
1065 1386 468 2082 
1066 1387 469 2083 
1067 853 591 1740 
1068 854 590 1738 
1069 855 592 1742 
1070 339 1043 1517 
1071 692 1030 2034 
1072 1021 403 1949 
1073 809 1292 1425 
1074 300 753 1529 
1075 302 754 1530 
1076 207 786 1723 
1077 209 787 1725 
1078 208 788 1724 
1079 210 789 1726 
1080 1177 1006 2197 
1081 403 1043 1949 
1082 753 230 2156 
1083 754 233 2157 
1084 176 862 1661 
1085 337 1288 1375 
1086 381 1193 1464 
1087 1288 690 1375 
1088 301 756 1536 
1089 875 401 1963 
1090 1963 401 1977 
1091 749 92 1702 
1092 750 131 1703 
1093 751 53 1705 
1094 752 14 1704 
1095 389 1281 1493 
1096 391 1282 1494 
1097 390 1279 1492 
1098 392 1280 1495 
1099 961 1212 1642 
1100 963 1213 1643 
1101 962 1210 1640 
1102 964 1211 1641 
1103 1866 399 2021 
1104 1865 398 2022 
1105 1867 400 2023 
1106 852 589 1769 
1107 464 1020 1410 
1108 649 1241 1868 
1109 651 1243 1869 
1110 908 458 1054 
1111 803 339 2192 
1112 835 289 1818 
1113 597 835 1818 
1114 836 290 1819 
1115 598 836 1819 
1116 837 291 1820 
1117 599 837 1820 
1118 838 292 1821 
1119 600 838 1821 
1120 300 1352 1770 
1121 302 1354 1771 
1122 92 749 1490 
1123 131 750 1491 
1124 53 751 1488 
1125 14 752 1489 
1126 749 425 1367 
1127 750 426 1368 
1128 751 427 1369 
1129 752 428 1370 
1130 402 753 1303 
1131 403 754 1304 
1132 222 857 2031 
1133 1348 805 1518 
1134 1347 806 1519 
1135 1350 807 1520 
1136 1349 808 1521 
1137 756 232 2181 
1138 1392 535 1999 
1139 1394 537 2001 
1140 1393 536 2000 
1141 1395 538 2002 
1142 202 755 1472 
1143 882 468 1926 
1144 883 469 1927 
1145 880 466 1922 
1146 881 467 1923 
1147 471 884 1924 
1148 470 885 1925 
1149 473 886 1920 
1150 472 887 1921 
1151 174 939 1253 
1152 939 458 1253 
1153 786 525 1198 
1154 788 527 1199 
1155 787 528 1200 
1156 789 529 1201 
1157 984 502 1280 
1158 982 501 1281 
1159 983 503 1282 
1160 936 254 1190 
1161 937 256 1191 
1162 938 257 1192 
1163 535 1255 1999 
1164 537 1257 2001 
1165 536 1256 2000 
1166 538 1258 2002 
1167 920 393 1151 
1168 1067 801 1312 
1169 962 372 1257 
1170 964 373 1258 
1171 961 370 1255 
1172 963 371 1256 
1173 175 903 1086 
1174 920 182 1606 
1175 365 944 1396 
1176 99 805 1348 
1177 138 806 1347 
1178 60 807 1350 
1179 21 808 1349 
1180 854 1738 2097 
1181 853 1740 2096 
1182 855 1742 2098 
1183 790 289 1234 
1184 791 290 1235 
1185 792 291 1236 
1186 793 292 1237 
1187 1730 396 1858 
1188 953 491 1063 
1189 429 953 1063 
1190 954 492 1064 
1191 430 954 1064 
1192 431 955 1065 
1193 955 493 1065 
1194 956 494 1066 
1195 432 956 1066 
1196 802 571 1736 
1197 378 864 2153 
1198 379 865 2154 
1199 380 866 2155 
1200 589 852 1124 
1201 591 853 1125 
1202 590 854 1126 
1203 592 855 1127 
1204 338 858 1240 
1205 1101 161 1730 
1206 716 1101 1730 
1207 402 858 1248 
1208 949 202 1472 
1209 560 949 1472 
1210 424 798 1220 
1211 864 211 1451 
1212 865 213 1452 
1213 866 212 1450 
1214 1329 921 2166 
1215 190 769 1476 
1216 191 770 1477 
1217 192 771 1478 
1218 193 772 1479 
1219 798 186 1655 
1220 781 330 1769 
1221 420 790 1234 
1222 421 791 1235 
1223 422 792 1236 
1224 423 793 1237 
1225 1358 206 1692 
1226 769 285 2059 
1227 770 286 2060 
1228 772 288 2061 
1229 525 786 1611 
1230 528 787 1613 
1231 527 788 1612 
1232 529 789 1614 
1233 284 802 1220 
1234 903 453 1086 
1235 1164 810 1848 
1236 255 1164 1848 
1237 1147 280 1585 
1238 1148 281 1586 
1239 682 1147 1585 
1240 683 1148 1586 
1241 1149 282 1587 
1242 1150 283 1588 
1243 684 1149 1587 
1244 685 1150 1588 
1245 816 644 1822 
1246 646 819 1826 
1247 820 647 1828 
1248 818 645 1824 
1249 229 909 1080 
1250 799 227 1238 
1251 909 452 1080 
1252 297 777 1362 
1253 298 778 1363 
1254 299 779 1364 
1255 790 178 1607 
1256 791 179 1608 
1257 792 180 1609 
1258 793 181 1610 
1259 341 859 2158 
1260 342 860 2159 
1261 343 861 2160 
1262 491 1348 1518 
1263 492 1347 1519 
1264 493 1350 1520 
1265 494 1349 1521 
1266 1220 798 1654 
1267 284 1220 1654 
1268 625 950 1979 
1269 626 951 1980 
1270 627 952 1981 
1271 376 1482 1987 
1272 377 1484 1989 
1273 374 1483 1986 
1274 375 1485 1988 
1275 824 1866 2021 
1276 823 1865 2022 
1277 827 1867 2023 
1278 812 161 1470 
1279 227 1056 1351 
1280 852 1769 2095 
1281 922 408 1166 
1282 923 410 1167 
1283 924 409 1168 
1284 925 411 1169 
1285 1147 1015 1598 
1286 1148 1016 1599 
1287 1149 1017 1600 
1288 1150 1018 1601 
1289 848 348 2162 
1290 849 349 2163 
1291 850 350 2164 
1292 851 351 2165 
1293 780 512 1995 
1294 1298 841 1870 
1295 834 1175 2093 
1296 330 782 1356 
1297 805 100 1227 
1298 806 139 1228 
1299 807 61 1229 
1300 808 22 1230 
1301 512 780 1977 
1302 161 812 1730 
1303 1176 693 1579 
1304 204 1176 1579 
1305 1446 729 1972 
1306 1447 731 1973 
1307 1448 733 1974 
1308 1449 735 1975 
1309 901 243 1416 
1310 504 901 1416 
1311 182 1151 1279 
1312 289 790 1875 
1313 290 791 1876 
1314 291 792 1877 
1315 292 793 1878 
1316 460 1107 1300 
1317 462 1108 1301 
1318 1027 840 1324 
1319 1028 841 1325 
1320 1029 842 1326 
1321 813 177 1221 
1322 41 814 1337 
1323 158 815 1339 
1324 817 85 1340 
1325 820 124 1341 
1326 816 46 1335 
1327 80 819 1338 
1328 119 821 1342 
1329 818 7 1336 
1330 1451 416 2153 
1331 1452 417 2154 
1332 1450 418 2155 
1333 1062 258 1552 
1334 163 1139 1979 
1335 1139 830 1979 
1336 164 1140 1980 
1337 1140 831 1980 
1338 165 1141 1981 
1339 1141 832 1981 
1340 950 625 2017 
1341 951 626 2018 
1342 952 627 2019 
1343 401 875 1555 
1344 875 545 1555 
1345 940 437 1076 
1346 941 438 1077 
1347 942 439 1078 
1348 943 440 1079 
1349 1092 425 1702 
1350 1093 426 1703 
1351 1094 427 1705 
1352 1095 428 1704 
1353 781 2031 2069 
1354 289 835 1234 
1355 290 836 1235 
1356 291 837 1236 
1357 292 838 1237 
1358 434 799 1471 
1359 1738 332 2097 
1360 1740 331 2096 
1361 1742 333 2098 
1362 773 1844 1972 
1363 774 1845 1973 
1364 775 1846 1974 
1365 776 1847 1975 
1366 1965 972 1987 
1367 1967 973 1989 
1368 1968 970 1986 
1369 1971 971 1988 
1370 840 367 1208 
1371 842 369 1209 
1372 227 1351 1365 
1373 794 593 1732 
1374 795 594 1733 
1375 796 595 1734 
1376 797 596 1735 
1377 1414 565 1788 
1378 1662 194 1944 
1379 1663 195 1945 
1380 1664 196 1946 
1381 1665 197 1947 
1382 1410 1020 2024 
1383 1396 668 2071 
1384 936 378 2153 
1385 938 380 2155 
1386 937 379 2154 
1387 1844 218 1972 
1388 1845 219 1973 
1389 1846 220 1974 
1390 1847 221 1975 
1391 258 1096 1552 
1392 236 972 1965 
1393 237 973 1967 
1394 234 970 1968 
1395 235 971 1971 
1396 71 72 989 
1397 32 33 990 
1398 110 111 991 
1399 149 150 992 
1400 1052 239 1706 
1401 1051 238 1707 
1402 1050 241 1708 
1403 1049 240 1709 
1404 381 800 1358 
1405 803 177 1949 
1406 897 711 2082 
1407 898 712 2083 
1408 899 705 2080 
1409 900 706 2081 
1410 824 331 1740 
1411 823 332 1738 
1412 827 333 1742 
1413 531 843 1323 
1414 794 904 2119 
1415 795 905 2120 
1416 796 906 2121 
1417 797 907 2122 
1418 224 1737 1808 
1419 223 1739 1809 
1420 225 1741 1810 
1421 862 176 1193 
1422 840 203 1833 
1423 842 205 1834 
1424 1303 300 1770 
1425 1304 302 1771 
1426 1106 465 1884 
1427 460 1300 1327 
1428 462 1301 1328 
1429 999 259 1274 
1430 476 999 1274 
1431 477 1000 1275 
1432 1000 260 1275 
1433 478 1001 1276 
1434 1001 262 1276 
1435 393 1014 1151 
1436 691 1596 1978 
1437 1002 615 1765 
1438 1003 616 1766 
1439 1004 617 1767 
1440 1005 618 1768 
1441 1022 368 1414 
1442 1302 1106 1884 
1443 307 809 1515 
1444 809 475 1515 
1445 840 505 1324 
1446 841 506 1325 
1447 842 507 1326 
1448 184 915 1398 
1449 183 916 1399 
1450 915 484 1398 
1451 916 485 1399 
1452 185 917 1400 
1453 917 486 1400 
1454 548 847 1654 
1455 1074 308 1380 
1456 588 1074 1380 
1457 993 479 1343 
1458 660 993 1343 
1459 994 480 1344 
1460 661 994 1344 
1461 995 482 1345 
1462 662 995 1345 
1463 839 435 1909 
1464 450 811 1411 
1465 848 445 1840 
1466 849 446 1839 
1467 850 447 1842 
1468 851 448 1841 
1469 204 841 1298 
1470 178 843 1607 
1471 843 531 1607 
1472 179 844 1608 
1473 844 532 1608 
1474 180 845 1609 
1475 845 533 1609 
1476 181 846 1610 
1477 846 534 1610 
1478 273 1048 1129 
1479 1048 454 1129 
1480 974 1693 1803 
1481 975 1694 1804 
1482 977 1695 1806 
1483 810 497 1848 
1484 1046 702 1941 
1485 337 1046 1941 
1486 475 809 1425 
1487 1044 203 1376 
1488 561 1044 1376 
1489 1814 703 1942 
1490 518 910 2139 
1491 519 911 2140 
1492 520 912 2141 
1493 521 913 2142 
1494 1046 755 2112 
1495 1160 293 2134 
1496 1163 295 2136 
1497 1161 294 2135 
1498 1162 296 2137 
1499 864 1451 2153 
1500 865 1452 2154 
1501 866 1450 2155 
1502 858 402 1240 
1503 233 1177 2197 
1504 843 178 1772 
1505 844 179 1773 
1506 845 180 1774 
1507 846 181 1775 
1508 1067 313 2092 
1509 801 1067 2092 
1510 870 190 1476 
1511 479 870 1476 
1512 871 191 1477 
1513 480 871 1477 
1514 872 192 1478 
1515 481 872 1478 
1516 873 193 1479 
1517 482 873 1479 
1518 780 1963 1977 
1519 1769 330 2095 
1520 312 820 1577 
1521 309 816 1574 
1522 310 818 1575 
1523 557 829 1780 
1524 1091 667 1578 
1525 1357 721 1445 
1526 308 1357 1445 
1527 858 175 1248 
1528 829 356 1630 
1529 456 833 1397 
1530 918 435 1507 
1531 755 1317 2003 
1532 335 939 1561 
1533 813 619 1908 
1534 847 605 2148 
1535 68 893 1930 
1536 29 894 1931 
1537 146 896 1929 
1538 107 895 1928 
1539 970 234 1171 
1540 437 970 1171 
1541 971 235 1172 
1542 438 971 1172 
1543 972 236 1173 
1544 439 972 1173 
1545 973 237 1174 
1546 440 973 1174 
1547 499 813 1666 
1548 239 922 1166 
1549 238 923 1167 
1550 241 924 1168 
1551 240 925 1169 
1552 393 920 2183 
1553 833 451 1355 
1554 819 311 1873 
1555 204 874 1584 
1556 826 184 1398 
1557 825 183 1399 
1558 828 185 1400 
1559 542 993 2025 
1560 543 994 2026 
1561 544 995 2027 
1562 799 1238 1514 
1563 539 1023 1529 
1564 541 1025 1530 
1565 1293 765 1753 
1566 1294 766 1754 
1567 1295 767 1755 
1568 1296 768 1756 
1569 331 826 1667 
1570 332 825 1668 
1571 333 828 1669 
1572 863 340 1859 
1573 1175 433 2093 
1574 1000 477 1208 
1575 367 1000 1208 
1576 1001 478 1209 
1577 369 1001 1209 
1578 383 1161 1790 
1579 382 1160 1789 
1580 1161 724 1790 
1581 1160 723 1789 
1582 385 1162 1792 
1583 384 1163 1791 
1584 1162 726 1792 
1585 1163 725 1791 
1586 1056 457 1062 
1587 935 677 2198 
1588 231 935 2198 
1589 872 481 1910 
1590 950 163 1979 
1591 951 164 1980 
1592 952 165 1981 
1593 1128 557 1578 
1594 921 863 2166 
1595 1023 539 1139 
1596 163 1023 1139 
1597 1024 540 1140 
1598 164 1024 1140 
1599 1025 541 1141 
1600 165 1025 1141 
1601 396 1042 1858 
1602 1441 518 1457 
1603 1442 519 1458 
1604 1443 520 1459 
1605 1444 521 1460 
1606 859 341 1860 
1607 860 342 1861 
1608 861 343 1862 
1609 326 1293 1753 
1610 327 1294 1754 
1611 328 1295 1755 
1612 329 1296 1756 
1613 232 856 2070 
1614 175 1086 1383 
1615 540 1024 1536 
1616 859 996 2158 
1617 860 997 2159 
1618 861 998 2160 
1619 229 944 1170 
1620 615 1002 1152 
1621 616 1003 1153 
1622 617 1004 1154 
1623 618 1005 1155 
1624 238 848 1840 
1625 239 849 1839 
1626 240 850 1842 
1627 241 851 1841 
1628 910 563 1772 
1629 911 564 1773 
1630 912 565 1774 
1631 913 566 1775 
1632 419 1056 1062 
1633 841 204 1584 
1634 506 841 1584 
1635 293 876 1894 
1636 876 589 1894 
1637 295 877 1896 
1638 877 591 1896 
1639 294 878 1895 
1640 878 590 1895 
1641 296 879 1897 
1642 879 592 1897 
1643 532 844 1727 
1644 533 845 1728 
1645 534 846 1729 
1646 505 840 1833 
1647 507 842 1834 
1648 615 1092 1765 
1649 616 1093 1766 
1650 617 1094 1767 
1651 618 1095 1768 
1652 386 1139 1526 
1653 387 1140 1527 
1654 388 1141 1528 
1655 1085 499 1177 
1656 233 1085 1177 
1657 209 965 1483 
1658 207 966 1482 
1659 210 967 1485 
1660 208 968 1484 
1661 346 897 1964 
1662 347 898 1966 
1663 344 899 1969 
1664 345 900 1970 
1665 366 843 1412 
1666 367 844 1413 
1667 368 845 1414 
1668 369 846 1415 
1669 1656 44 1822 
1670 1657 5 1824 
1671 43 1656 1823 
1672 82 1658 1826 
1673 160 1657 1825 
1674 1658 83 1827 
1675 121 1659 1829 
1676 1659 122 1828 
1677 1086 571 1383 
1678 457 1072 1109 
1679 852 198 1898 
1680 853 199 1899 
1681 854 200 1900 
1682 855 201 1901 
1683 570 1080 1283 
1684 198 852 1392 
1685 199 853 1393 
1686 200 854 1394 
1687 201 855 1395 
1688 362 950 2017 
1689 363 951 2018 
1690 364 952 2019 
1691 993 660 2025 
1692 994 661 2026 
1693 995 662 2027 
1694 246 957 1441 
1695 957 518 1441 
1696 247 958 1442 
1697 958 519 1442 
1698 248 959 1443 
1699 959 520 1443 
1700 249 960 1444 
1701 960 521 1444 
1702 263 1165 1453 
1703 949 560 2175 
1704 395 857 1396 
1705 588 1645 2143 
1706 1031 803 2192 
1707 862 397 1661 
1708 563 910 1803 
1709 564 911 1804 
1710 565 912 1805 
1711 566 913 1806 
1712 817 1340 1576 
1713 820 1341 1577 
1714 816 1335 1574 
1715 818 1336 1575 
1716 979 209 1483 
1717 978 207 1482 
1718 981 210 1485 
1719 980 208 1484 
1720 437 940 2203 
1721 438 941 2204 
1722 439 942 2205 
1723 440 943 2206 
1724 584 1591 1868 
1725 586 1593 1869 
1726 408 922 2084 
1727 409 924 2088 
1728 410 923 2086 
1729 411 925 2090 
1730 953 429 1401 
1731 954 430 1402 
1732 955 431 1403 
1733 956 432 1404 
1734 1010 848 2162 
1735 1011 849 2163 
1736 1012 850 2164 
1737 1013 851 2165 
1738 267 985 1496 
1739 268 986 1497 
1740 269 987 1498 
1741 270 988 1499 
1742 856 307 1515 
1743 274 1131 1591 
1744 1131 649 1591 
1745 275 1132 1592 
1746 1132 650 1592 
1747 276 1133 1593 
1748 1133 651 1593 
1749 998 463 1311 
1750 264 1217 1359 
1751 265 1218 1360 
1752 266 1219 1361 
1753 243 863 1416 
1754 944 229 2194 
1755 668 944 2194 
1756 547 1562 1594 
1757 985 601 1421 
1758 986 602 1422 
1759 987 603 1423 
1760 988 604 1424 
1761 416 936 2153 
1762 418 938 2155 
1763 417 937 2154 
1764 612 888 1996 
1765 1693 563 1803 
1766 1694 564 1804 
1767 1695 566 1806 
1768 876 593 1807 
1769 877 595 1809 
1770 878 594 1808 
1771 879 596 1810 
1772 211 864 1434 
1773 213 865 1435 
1774 212 866 1436 
1775 166 859 1461 
1776 167 860 1462 
1777 169 861 1463 
1778 858 338 1508 
1779 862 381 1486 
1780 863 243 1884 
1781 435 918 1909 
1782 716 1730 1858 
1783 1002 429 1152 
1784 1003 430 1153 
1785 1004 431 1154 
1786 1005 432 1155 
1787 245 998 1311 
1788 901 334 1317 
1789 190 870 1430 
1790 191 871 1431 
1791 192 872 1432 
1792 193 873 1433 
1793 276 1408 1631 
1794 1135 535 1392 
1795 1137 537 1394 
1796 1136 536 1393 
1797 1138 538 1395 
1798 944 365 1619 
1799 487 893 1438 
1800 488 894 1437 
1801 489 895 1439 
1802 490 896 1440 
1803 1014 500 1151 
1804 1131 416 1451 
1805 1132 417 1452 
1806 1133 418 1450 
1807 888 242 1480 
1808 889 244 1481 
1809 704 1377 1799 
1810 1120 621 1457 
1811 1121 622 1458 
1812 1122 623 1459 
1813 1123 624 1460 
1814 612 1119 1885 
1815 914 182 1279 
1816 915 184 1280 
1817 916 183 1281 
1818 917 185 1282 
1819 895 107 1439 
1820 896 146 1440 
1821 893 68 1438 
1822 894 29 1437 
1823 334 902 1883 
1824 1317 334 2003 
1825 1053 189 1405 
1826 429 1063 1670 
1827 430 1064 1671 
1828 431 1065 1672 
1829 432 1066 1673 
1830 1465 1074 1864 
1831 178 910 1772 
1832 179 911 1773 
1833 180 912 1774 
1834 181 913 1775 
1835 874 506 1584 
1836 974 259 1693 
1837 975 260 1694 
1838 977 262 1695 
1839 353 1241 1815 
1840 1241 783 1815 
1841 354 1243 1816 
1842 355 1242 1817 
1843 1243 784 1816 
1844 1242 785 1817 
1845 783 2047 2123 
1846 784 2048 2124 
1847 785 2049 2125 
1848 919 436 1379 
1849 1412 563 1693 
1850 1413 564 1694 
1851 1415 566 1695 
1852 234 880 1762 
1853 236 882 1760 
1854 235 881 1763 
1855 237 883 1761 
1856 1376 703 1814 
1857 513 1074 1465 
1858 436 919 1292 
1859 1239 648 1883 
1860 187 918 1366 
1861 429 1002 1401 
1862 430 1003 1402 
1863 431 1004 1403 
1864 432 1005 1404 
1865 545 875 1602 
1866 740 1355 2143 
1867 1164 667 2016 
1868 919 455 1405 
1869 969 586 1869 
1870 909 1170 1455 
1871 1151 500 1279 
1872 501 982 1190 
1873 503 983 1191 
1874 502 984 1192 
1875 1340 524 1576 
1876 1341 526 1577 
1877 1335 522 1574 
1878 1336 523 1575 
1879 723 1160 2134 
1880 724 1161 2135 
1881 725 1163 2136 
1882 726 1162 2137 
1883 1749 835 1944 
1884 1750 836 1945 
1885 1751 837 1946 
1886 1752 838 1947 
1887 1178 174 1253 
1888 559 1178 1253 
1889 966 346 1964 
1890 630 966 1964 
1891 968 347 1966 
1892 631 968 1966 
1893 965 344 1969 
1894 628 965 1969 
1895 967 345 1970 
1896 629 967 1970 
1897 466 880 1503 
1898 467 881 1504 
1899 880 234 1503 
1900 881 235 1504 
1901 468 882 1505 
1902 882 236 1505 
1903 469 883 1506 
1904 883 237 1506 
1905 1019 949 2175 
1906 340 921 1406 
1907 1560 612 1885 
1908 884 471 1706 
1909 885 470 1707 
1910 886 473 1708 
1911 887 472 1709 
1912 1072 434 1109 
1913 1553 701 2117 
1914 549 890 1674 
1915 550 891 1675 
1916 551 892 1676 
1917 1317 755 2179 
1918 1185 588 2143 
1919 717 1603 2028 
1920 718 1604 2029 
1921 719 1605 2030 
1922 940 374 2203 
1923 941 375 2204 
1924 942 376 2205 
1925 943 377 2206 
1926 586 969 1932 
1927 660 1343 1371 
1928 1343 285 1371 
1929 661 1344 1372 
1930 1344 286 1372 
1931 662 1345 1373 
1932 1345 288 1373 
1933 242 888 1906 
1934 244 889 1907 
1935 1178 559 1382 
1936 1156 914 1582 
1937 1158 915 1583 
1938 1157 916 1580 
1939 1159 917 1581 
1940 910 357 1803 
1941 911 358 1804 
1942 912 359 1805 
1943 913 360 1806 
1944 1135 483 1266 
1945 535 1135 1266 
1946 1136 484 1267 
1947 536 1136 1267 
1948 1137 485 1268 
1949 537 1137 1268 
1950 1138 486 1269 
1951 538 1138 1269 
1952 580 1409 1516 
1953 1102 412 1697 
1954 1103 413 1698 
1955 1104 414 1699 
1956 1105 415 1700 
1957 1222 720 1885 
1958 1239 441 1595 
1959 1020 464 1302 
1960 243 1020 1302 
1961 1470 161 1963 
1962 571 1086 1321 
1963 888 335 1561 
1964 890 495 1800 
1965 891 496 1801 
1966 892 498 1802 
1967 453 903 1514 
1968 344 927 2006 
1969 345 928 2007 
1970 346 929 2010 
1971 347 930 2011 
1972 601 1749 1944 
1973 602 1750 1945 
1974 603 1751 1946 
1975 604 1752 1947 
1976 573 1217 2114 
1977 574 1218 2115 
1978 575 1219 2116 
1979 243 901 1509 
1980 810 1164 2016 
1981 1165 572 1453 
1982 909 340 1406 
1983 452 909 1406 
1984 1097 408 2084 
1985 1099 410 2086 
1986 1098 409 2088 
1987 1100 411 2090 
1988 1706 239 1745 
1989 1707 238 1746 
1990 1708 241 1747 
1991 1709 240 1748 
1992 922 239 1839 
1993 923 238 1840 
1994 924 241 1841 
1995 925 240 1842 
1996 1470 419 1552 
1997 812 1470 1552 
1998 1523 573 2114 
1999 1524 574 2115 
2000 1525 575 2116 
2001 474 1048 1278 
2002 1048 273 1278 
2003 435 1047 1507 
2004 412 1147 1697 
2005 413 1148 1698 
2006 414 1149 1699 
2007 415 1150 1700 
2008 264 1069 1217 
2009 265 1070 1218 
2010 266 1071 1219 
2011 945 552 1632 
2012 946 553 1633 
2013 947 554 1636 
2014 948 555 1638 
2015 1529 1023 2149 
2016 1530 1025 2151 
2017 326 1110 2039 
2018 1110 729 2039 
2019 327 1111 2040 
2020 1111 731 2040 
2021 328 1112 2041 
2022 1112 733 2041 
2023 329 1113 2042 
2024 1113 735 2042 
2025 1976 889 1997 
2026 884 1706 1745 
2027 885 1707 1746 
2028 886 1708 1747 
2029 887 1709 1748 
2030 2072 1097 2084 
2031 2074 1099 2086 
2032 2073 1098 2088 
2033 2075 1100 2090 
2034 688 1116 2108 
2035 689 1117 2109 
2036 686 1114 2110 
2037 687 1115 2111 
2038 1217 573 1359 
2039 1218 574 1360 
2040 1219 575 1361 
2041 1596 587 1978 
2042 1715 166 2025 
2043 1716 167 2026 
2044 1717 169 2027 
2045 87 927 1954 
2046 126 928 1955 
2047 48 929 1950 
2048 9 930 1951 
2049 931 39 1953 
2050 932 78 1952 
2051 933 156 1957 
2052 934 117 1956 
2053 5 6 1824 
2054 44 45 1822 
2055 81 82 1826 
2056 42 43 1823 
2057 120 121 1829 
2058 122 123 1828 
2059 83 84 1827 
2060 159 160 1825 
2061 918 187 1909 
2062 1160 382 1732 
2063 1161 383 1733 
2064 1163 384 1734 
2065 1162 385 1735 
2066 340 909 1455 
2067 985 267 1781 
2068 601 985 1781 
2069 986 268 1782 
2070 602 986 1782 
2071 987 269 1783 
2072 603 987 1783 
2073 988 270 1784 
2074 604 988 1784 
2075 535 961 1255 
2076 536 963 1256 
2077 537 962 1257 
2078 538 964 1258 
2079 903 336 1514 
2080 93 94 1092 
2081 132 133 1093 
2082 54 55 1094 
2083 15 16 1095 
2084 921 187 1366 
2085 163 950 1318 
2086 164 951 1319 
2087 165 952 1320 
2088 397 1067 1312 
2089 408 1097 1203 
2090 409 1098 1204 
2091 410 1099 1205 
2092 411 1100 1206 
2093 903 175 1594 
2094 926 450 1411 
2095 1165 263 1595 
2096 1129 454 1142 
2097 455 1129 1142 
2098 927 87 1542 
2099 928 126 1543 
2100 929 48 1548 
2101 930 9 1549 
2102 39 931 1546 
2103 78 932 1547 
2104 156 933 1544 
2105 117 934 1545 
2106 562 1377 1517 
2107 424 1222 1885 
2108 273 919 1379 
2109 1963 161 2191 
2110 927 524 1954 
2111 928 526 1955 
2112 929 522 1950 
2113 930 523 1951 
2114 525 931 1953 
2115 527 933 1957 
2116 528 932 1952 
2117 529 934 1956 
2118 904 218 1522 
2119 905 219 1523 
2120 906 220 1524 
2121 907 221 1525 
2122 1292 189 1425 
2123 1068 401 1550 
2124 1536 1024 2150 
2125 908 545 1701 
2126 545 908 1696 
2127 908 226 1696 
2128 976 872 1910 
2129 949 366 1322 
2130 182 914 1535 
2131 914 483 1535 
2132 1055 441 1239 
2133 765 1537 1566 
2134 766 1538 1567 
2135 767 1539 1568 
2136 768 1540 1569 
2137 344 965 1284 
2138 345 967 1285 
2139 346 966 1286 
2140 347 968 1287 
2141 950 442 1318 
2142 951 443 1319 
2143 952 444 1320 
2144 429 1670 1879 
2145 430 1671 1880 
2146 431 1672 1881 
2147 432 1673 1882 
2148 1346 721 1718 
2149 401 1087 1550 
2150 442 950 1757 
2151 443 951 1758 
2152 444 952 1759 
2153 26 27 1115 
2154 65 66 1114 
2155 143 144 1117 
2156 104 105 1116 
2157 71 989 1678 
2158 32 990 1677 
2159 110 991 1680 
2160 149 992 1679 
2161 374 970 2203 
2162 375 971 2204 
2163 376 972 2205 
2164 377 973 2206 
2165 188 926 1411 
2166 450 1177 1179 
2167 1177 499 1179 
2168 931 525 1611 
2169 933 527 1612 
2170 932 528 1613 
2171 934 529 1614 
2172 272 1068 1550 
2173 1382 559 1516 
2174 989 72 1891 
2175 990 33 1892 
2176 991 111 1889 
2177 992 150 1890 
2178 1519 806 1720 
2179 1518 805 1719 
2180 1520 807 1721 
2181 1521 808 1722 
2182 985 1421 2144 
2183 986 1422 2145 
2184 987 1423 2146 
2185 988 1424 2147 
2186 910 178 2139 
2187 911 179 2140 
2188 912 180 2141 
2189 913 181 2142 
2190 976 1788 1805 
2191 969 475 1425 
2192 189 969 1425 
2193 30 31 1197 
2194 69 70 1196 
2195 147 148 1195 
2196 108 109 1194 
2197 446 979 1306 
2198 445 978 1307 
2199 448 981 1308 
2200 447 980 1309 
2201 914 390 1582 
2202 915 392 1583 
2203 916 389 1580 
2204 917 391 1581 
2205 648 1239 1595 
2206 613 1976 1997 
2207 263 1378 1595 
2208 176 1346 1718 
2209 441 1620 1998 
2210 1242 355 1794 
2211 1537 514 1566 
2212 1538 515 1567 
2213 1539 516 1568 
2214 1540 517 1569 
2215 508 1426 1795 
2216 509 1427 1797 
2217 510 1428 1796 
2218 511 1429 1798 
2219 926 188 1793 
2220 355 926 1794 
2221 97 953 1401 
2222 136 954 1402 
2223 58 955 1403 
2224 19 956 1404 
2225 1075 231 1185 
2226 1042 396 1644 
2227 315 1519 1720 
2228 314 1518 1719 
2229 316 1520 1721 
2230 317 1521 1722 
2231 945 1632 2076 
2232 946 1633 2077 
2233 947 1636 2078 
2234 948 1638 2079 
2235 976 261 1788 
2236 354 969 1869 
2237 1197 31 1677 
2238 1196 70 1678 
2239 1195 148 1679 
2240 1194 109 1680 
2241 261 976 1910 
2242 1291 547 1508 
2243 588 1380 1645 
2244 979 374 1306 
2245 978 376 1307 
2246 981 375 1308 
2247 980 377 1309 
2248 1049 472 2199 
2249 707 1049 2199 
2250 1050 473 2200 
2251 708 1050 2200 
2252 1051 470 2202 
2253 709 1051 2202 
2254 1052 471 2201 
2255 710 1052 2201 
2256 945 491 1518 
2257 946 492 1519 
2258 314 945 1518 
2259 315 946 1519 
2260 316 947 1520 
2261 947 493 1520 
2262 948 494 1521 
2263 317 948 1521 
2264 1324 505 1811 
2265 1325 506 1812 
2266 1326 507 1813 
2267 572 1165 1998 
2268 989 1891 2132 
2269 990 1892 2133 
2270 991 1889 2130 
2271 992 1890 2131 
2272 451 1075 1185 
2273 226 1087 1696 
2274 1960 702 2184 
2275 1961 703 2185 
2276 1962 704 2186 
2277 353 1026 1868 
2278 1187 532 1359 
2279 573 1187 1359 
2280 1188 533 1360 
2281 574 1188 1360 
2282 1189 534 1361 
2283 575 1189 1361 
2284 1076 437 1293 
2285 1077 438 1294 
2286 1078 439 1295 
2287 1079 440 1296 
2288 1620 904 1998 
2289 1137 1394 2097 
2290 1135 1392 2095 
2291 1138 1395 2098 
2292 1136 1393 2096 
2293 100 101 1227 
2294 139 140 1228 
2295 61 62 1229 
2296 22 23 1230 
2297 366 999 1322 
2298 999 476 1322 
2299 1081 404 1272 
2300 1082 405 1273 
2301 1083 406 1270 
2302 1084 407 1271 
2303 458 939 1621 
2304 1356 782 1535 
2305 1362 867 2017 
2306 1364 869 2019 
2307 1363 868 2018 
2308 966 207 2126 
2309 968 208 2128 
2310 965 209 2127 
2311 967 210 2129 
2312 1242 1794 2066 
2313 586 1053 1408 
2314 780 1470 1963 
2315 1062 457 1297 
2316 374 940 1776 
2317 375 941 1778 
2318 376 942 1777 
2319 377 943 1779 
2320 1445 721 1893 
2321 1313 166 1330 
2322 606 1313 1330 
2323 1314 167 1331 
2324 607 1314 1331 
2325 1316 169 1332 
2326 608 1316 1332 
2327 945 314 1711 
2328 946 315 1712 
2329 552 945 1711 
2330 553 946 1712 
2331 947 316 1713 
2332 554 947 1713 
2333 948 317 1714 
2334 555 948 1714 
2335 1369 320 1911 
2336 1370 321 1912 
2337 1367 318 1913 
2338 1368 319 1914 
2339 1299 556 1305 
2340 1069 442 1217 
2341 1070 443 1218 
2342 1071 444 1219 
2343 727 1374 1597 
2344 1374 313 1597 
2345 970 437 2203 
2346 971 438 2204 
2347 972 439 2205 
2348 973 440 2206 
2349 28 29 1931 
2350 67 68 1930 
2351 145 146 1929 
2352 106 107 1928 
2353 530 1487 1630 
2354 1487 829 1630 
2355 625 1362 2017 
2356 627 1364 2019 
2357 626 1363 2018 
2358 491 945 2076 
2359 492 946 2077 
2360 493 947 2078 
2361 494 948 2079 
2362 1200 747 1725 
2363 1198 745 1723 
2364 1201 748 1726 
2365 1199 746 1724 
2366 875 1963 2191 
2367 1366 918 2161 
2368 939 335 1621 
2369 939 174 1687 
2370 449 1020 1509 
2371 1022 261 1487 
2372 530 1022 1487 
2373 608 1332 1691 
2374 606 1330 1689 
2375 607 1331 1690 
2376 2 44 1656 
2377 1 5 1657 
2378 43 2 1656 
2379 160 1 1657 
2380 82 3 1658 
2381 3 83 1658 
2382 4 122 1659 
2383 121 4 1659 
2384 258 1062 1297 
2385 271 1283 1507 
2386 1033 102 1904 
2387 1034 141 1905 
2388 1035 63 1902 
2389 1036 24 1903 
2390 162 1055 1239 
2391 452 1366 2161 
2392 442 1757 2114 
2393 443 1758 2115 
2394 444 1759 2116 
2395 202 949 1959 
2396 1053 1405 1688 
2397 1522 572 1998 
2398 393 1134 1553 
2399 1043 803 1949 
2400 1019 263 1323 
2401 570 1283 1857 
2402 1632 246 2076 
2403 1633 247 2077 
2404 1636 248 2078 
2405 1638 249 2079 
2406 1451 211 2047 
2407 1452 213 2049 
2408 1450 212 2048 
2409 1074 513 1357 
2410 308 1074 1357 
2411 933 1612 2004 
2412 934 1614 2005 
2413 931 1611 2008 
2414 932 1613 2009 
2415 1941 698 2099 
2416 660 1715 2025 
2417 661 1716 2026 
2418 662 1717 2027 
2419 1743 802 1849 
2420 1291 1508 2195 
2421 1654 847 2148 
2422 397 1312 2068 
2423 408 1203 1426 
2424 1203 669 1426 
2425 410 1205 1427 
2426 409 1204 1428 
2427 1205 670 1427 
2428 1204 671 1428 
2429 411 1206 1429 
2430 1206 672 1429 
2431 457 1109 1333 
2432 965 628 1483 
2433 966 630 1482 
2434 967 629 1485 
2435 968 631 1484 
2436 449 1317 2179 
2437 950 362 1757 
2438 951 363 1758 
2439 952 364 1759 
2440 1315 276 1631 
2441 264 1027 1324 
2442 265 1028 1325 
2443 266 1029 1326 
2444 394 1346 2094 
2445 436 1030 1407 
2446 1409 691 1978 
2447 783 1241 2047 
2448 785 1242 2049 
2449 784 1243 2048 
2450 632 1196 1678 
2451 633 1197 1677 
2452 635 1195 1679 
2453 634 1194 1680 
2454 453 1073 1321 
2455 1612 350 2004 
2456 1614 351 2005 
2457 1611 348 2008 
2458 1613 349 2009 
2459 1508 547 1594 
2460 561 1240 1303 
2461 1240 402 1303 
2462 1027 264 1727 
2463 1028 265 1728 
2464 1029 266 1729 
2465 1355 451 2143 
2466 34 35 1260 
2467 73 74 1259 
2468 151 152 1262 
2469 112 113 1261 
2470 1026 353 1710 
2471 1086 453 1321 
2472 1002 96 1401 
2473 1003 135 1402 
2474 1004 57 1403 
2475 1005 18 1404 
2476 630 1965 1987 
2477 631 1967 1989 
2478 628 1968 1986 
2479 629 1971 1988 
2480 702 1214 2184 
2481 703 1215 2185 
2482 704 1216 2186 
2483 957 246 1632 
2484 958 247 1633 
2485 357 957 1634 
2486 358 958 1635 
2487 959 248 1636 
2488 359 959 1637 
2489 960 249 1638 
2490 360 960 1639 
2491 751 1369 1911 
2492 752 1370 1912 
2493 749 1367 1913 
2494 750 1368 1914 
2495 1170 944 1619 
2496 1310 580 1516 
2497 1106 277 1265 
2498 465 1106 1265 
2499 667 1091 2016 
2500 1091 287 2016 
2501 1238 227 1365 
2502 1507 1283 2161 
2503 338 1814 1942 
2504 1788 565 1805 
2505 1231 476 1274 
2506 542 1231 1274 
2507 1232 477 1275 
2508 543 1232 1275 
2509 1233 478 1276 
2510 544 1233 1276 
2511 370 961 1642 
2512 372 962 1640 
2513 371 963 1643 
2514 373 964 1641 
2515 1339 815 1872 
2516 1337 814 1871 
2517 1342 821 1874 
2518 1338 819 1873 
2519 259 974 1500 
2520 260 975 1501 
2521 262 977 1502 
2522 24 1036 1626 
2523 63 1035 1625 
2524 141 1034 1624 
2525 102 1033 1623 
2526 483 1156 1266 
2527 485 1157 1268 
2528 1156 250 1266 
2529 484 1158 1267 
2530 1157 252 1268 
2531 486 1159 1269 
2532 1158 251 1267 
2533 1159 253 1269 
2534 1186 572 1844 
2535 1187 573 1845 
2536 1188 574 1846 
2537 1189 575 1847 
2538 455 1142 1381 
2539 581 1597 1744 
2540 475 969 1843 
2541 1026 584 1868 
2542 479 993 1500 
2543 993 259 1500 
2544 480 994 1501 
2545 994 260 1501 
2546 482 995 1502 
2547 995 262 1502 
2548 513 1193 1718 
2549 1426 669 1795 
2550 1427 670 1797 
2551 1428 671 1796 
2552 1429 672 1798 
2553 1184 456 1994 
2554 701 1184 1994 
2555 1119 612 1685 
2556 186 1119 1685 
2557 2047 211 2123 
2558 2048 212 2124 
2559 2049 213 2125 
2560 1006 715 2197 
2561 1080 452 1283 
2562 454 1048 1334 
2563 1260 35 2105 
2564 1259 74 2104 
2565 1262 152 2107 
2566 1261 113 2106 
2567 844 1027 1727 
2568 845 1028 1728 
2569 846 1029 1729 
2570 504 1299 1305 
2571 970 374 1986 
2572 971 375 1988 
2573 972 376 1987 
2574 973 377 1989 
2575 1598 640 1650 
2576 1599 641 1651 
2577 1600 642 1652 
2578 1601 643 1653 
2579 556 1207 1305 
2580 1166 408 1426 
2581 1167 410 1427 
2582 1168 409 1428 
2583 1169 411 1429 
2584 969 189 1932 
2585 1134 570 1553 
2586 1757 905 2114 
2587 1758 906 2115 
2588 1759 907 2116 
2589 569 1436 1564 
2590 567 1434 1563 
2591 568 1435 1565 
2592 1092 94 1765 
2593 1093 133 1766 
2594 1094 55 1767 
2595 1095 16 1768 
2596 441 1055 1620 
2597 168 1128 1578 
2598 161 1101 2191 
2599 1130 232 2070 
2600 433 1101 1374 
2601 969 354 1843 
2602 272 1550 1849 
2603 465 1329 2166 
2604 1056 419 1351 
2605 1087 1555 1696 
2606 620 1032 2094 
2607 1073 272 1321 
2608 1046 337 1375 
2609 636 1534 1990 
2610 637 1533 1991 
2611 638 1532 1992 
2612 639 1531 1993 
2613 508 1223 1510 
2614 509 1225 1511 
2615 510 1224 1512 
2616 511 1226 1513 
2617 357 974 1803 
2618 358 975 1804 
2619 359 976 1805 
2620 360 977 1806 
2621 996 698 2158 
2622 997 699 2159 
2623 998 700 2160 
2624 1254 279 1310 
2625 559 1254 1310 
2626 1107 459 1300 
2627 1108 461 1301 
2628 464 1106 1302 
2629 460 1263 1685 
2630 462 1264 1686 
2631 102 103 1904 
2632 141 142 1905 
2633 63 64 1902 
2634 24 25 1903 
2635 1007 549 1674 
2636 254 1007 1674 
2637 1008 551 1676 
2638 1009 550 1675 
2639 257 1008 1676 
2640 256 1009 1675 
2641 1139 539 1526 
2642 1140 540 1527 
2643 1141 541 1528 
2644 1186 531 1453 
2645 572 1186 1453 
2646 1421 678 2144 
2647 1422 679 2145 
2648 1423 680 2146 
2649 1424 681 2147 
2650 786 1010 2162 
2651 787 1011 2163 
2652 788 1012 2164 
2653 789 1013 2165 
2654 64 65 1532 
2655 25 26 1531 
2656 142 143 1533 
2657 103 104 1534 
2658 595 1628 1809 
2659 594 1627 1808 
2660 596 1629 1810 
2661 1193 513 1464 
2662 614 1743 1849 
2663 698 1290 2099 
2664 231 1465 1864 
2665 762 1260 2105 
2666 761 1259 2104 
2667 764 1262 2107 
2668 763 1261 2106 
2669 571 1321 1736 
2670 1176 204 1298 
2671 1109 278 1333 
2672 425 1496 2144 
2673 1496 985 2144 
2674 426 1497 2145 
2675 1497 986 2145 
2676 427 1498 2146 
2677 1498 987 2146 
2678 428 1499 2147 
2679 1499 988 2147 
2680 1892 657 2133 
2681 1891 656 2132 
2682 1890 659 2131 
2683 1889 658 2130 
2684 1015 190 2167 
2685 1016 191 2168 
2686 1017 192 2169 
2687 1018 193 2170 
2688 1134 393 2183 
2689 584 1263 1327 
2690 585 1264 1328 
2691 131 132 1703 
2692 92 93 1702 
2693 53 54 1705 
2694 14 15 1704 
2695 1265 587 1329 
2696 1164 255 1994 
2697 1357 513 1718 
2698 174 1178 1410 
2699 1020 243 1509 
2700 255 1014 2117 
2701 259 999 1693 
2702 260 1000 1694 
2703 262 1001 1695 
2704 1918 762 1925 
2705 1917 761 1924 
2706 1915 763 1920 
2707 1916 764 1921 
2708 1042 1644 2196 
2709 1023 609 2149 
2710 1024 610 2150 
2711 1025 611 2151 
2712 1253 458 1254 
2713 559 1253 1254 
2714 1106 464 1382 
2715 1053 583 1408 
2716 395 1396 2071 
2717 558 1277 1278 
2718 1277 474 1278 
2719 1068 512 1977 
2720 263 1019 2175 
2721 597 1110 1753 
2722 598 1111 1754 
2723 599 1112 1755 
2724 600 1113 1756 
2725 512 1073 1365 
2726 663 1249 1837 
2727 664 1250 1838 
2728 665 1251 1835 
2729 666 1252 1836 
2730 186 1026 1655 
2731 1026 548 1655 
2732 1351 512 1365 
2733 1088 297 1615 
2734 567 1088 1615 
2735 1089 298 1617 
2736 569 1089 1617 
2737 1090 299 1616 
2738 568 1090 1616 
2739 474 1277 1660 
2740 214 1102 1697 
2741 215 1103 1698 
2742 216 1104 1699 
2743 217 1105 1700 
2744 1007 416 1689 
2745 1008 418 1691 
2746 1009 417 1690 
2747 530 1176 1298 
2748 242 1107 1480 
2749 244 1108 1481 
2750 1135 330 1356 
2751 483 1135 1356 
2752 1556 390 1570 
2753 742 1556 1570 
2754 1557 392 1572 
2755 744 1557 1572 
2756 1558 389 1571 
2757 741 1558 1571 
2758 1559 391 1573 
2759 743 1559 1573 
2760 1409 277 1516 
2761 1408 583 1631 
2762 527 1339 1872 
2763 525 1337 1871 
2764 529 1342 1874 
2765 528 1338 1873 
2766 398 1647 1785 
2767 400 1648 1787 
2768 399 1649 1786 
2769 1207 556 1619 
2770 1126 294 1895 
2771 1124 293 1894 
2772 1127 296 1897 
2773 1125 295 1896 
2774 86 87 1954 
2775 125 126 1955 
2776 47 48 1950 
2777 8 9 1951 
2778 39 40 1953 
2779 78 79 1952 
2780 156 157 1957 
2781 117 118 1956 
2782 1300 274 1327 
2783 1301 275 1328 
2784 1110 773 1972 
2785 1111 774 1973 
2786 1112 775 1974 
2787 1113 776 1975 
2788 1043 403 1517 
2789 745 1286 2126 
2790 746 1287 2128 
2791 747 1284 2127 
2792 748 1285 2129 
2793 644 1656 1822 
2794 645 1657 1824 
2795 1656 644 1823 
2796 1658 646 1826 
2797 1657 645 1825 
2798 646 1658 1827 
2799 1659 647 1829 
2800 647 1659 1828 
2801 1022 530 1870 
2802 693 1380 1731 
2803 606 1689 1854 
2804 607 1690 1855 
2805 608 1691 1856 
2806 1110 326 1753 
2807 1111 327 1754 
2808 1112 328 1755 
2809 1113 329 1756 
2810 586 1408 1593 
2811 1207 162 1305 
2812 1020 449 2024 
2813 472 1049 1709 
2814 473 1050 1708 
2815 470 1051 1707 
2816 471 1052 1706 
2817 1054 458 1621 
2818 1047 271 1507 
2819 46 47 1335 
2820 7 8 1336 
2821 40 41 1337 
2822 79 80 1338 
2823 85 86 1340 
2824 157 158 1339 
2825 124 125 1341 
2826 118 119 1342 
2827 1124 852 1898 
2828 1126 854 1900 
2829 1125 853 1899 
2830 1127 855 1901 
2831 137 138 1347 
2832 98 99 1348 
2833 20 21 1349 
2834 59 60 1350 
2835 548 1026 1710 
2836 107 108 1439 
2837 146 147 1440 
2838 68 69 1438 
2839 29 30 1437 
2840 23 24 1626 
2841 62 63 1625 
2842 140 141 1624 
2843 101 102 1623 
2844 1380 308 1731 
2845 91 92 1490 
2846 130 131 1491 
2847 52 53 1488 
2848 13 14 1489 
2849 277 1106 1382 
2850 1041 582 1893 
2851 394 1041 1893 
2852 899 1503 1968 
2853 1503 234 1968 
2854 900 1504 1971 
2855 1504 235 1971 
2856 897 1505 1965 
2857 1505 236 1965 
2858 898 1506 1967 
2859 1506 237 1967 
2860 1212 632 1642 
2861 1213 633 1643 
2862 1210 634 1640 
2863 1211 635 1641 
2864 464 1178 1382 
2865 1227 101 1623 
2866 1228 140 1624 
2867 1229 62 1625 
2868 1230 23 1626 
2869 1231 542 1860 
2870 1232 543 1861 
2871 1233 544 1862 
2872 177 1021 1949 
2873 402 1248 2113 
2874 1312 692 2068 
2875 261 1022 1788 
2876 1203 1097 2134 
2877 1204 1098 2135 
2878 1205 1099 2136 
2879 1206 1100 2137 
2880 619 1297 1333 
2881 398 1088 1647 
2882 399 1089 1649 
2883 400 1090 1648 
2884 135 136 1402 
2885 96 97 1401 
2886 18 19 1404 
2887 57 58 1403 
2888 1044 505 1833 
2889 1045 507 1834 
2890 368 1022 1870 
2891 1033 576 1623 
2892 1034 577 1624 
2893 1035 578 1625 
2894 1036 579 1626 
2895 886 1512 1920 
2896 1512 324 1920 
2897 887 1513 1921 
2898 1513 325 1921 
2899 884 1510 1924 
2900 1510 322 1924 
2901 885 1511 1925 
2902 1511 323 1925 
2903 1116 105 2108 
2904 1117 144 2109 
2905 1114 66 2110 
2906 1115 27 2111 
2907 552 1430 1634 
2908 553 1431 1635 
2909 554 1432 1637 
2910 555 1433 1639 
2911 1202 434 1471 
2912 1196 487 1438 
2913 1197 488 1437 
2914 1194 489 1439 
2915 1195 490 1440 
2916 668 1134 2183 
2917 640 1598 2167 
2918 641 1599 2168 
2919 1598 1015 2167 
2920 1599 1016 2168 
2921 642 1600 2169 
2922 1600 1017 2169 
2923 643 1601 2170 
2924 1601 1018 2170 
2925 1994 255 2117 
2926 48 49 1548 
2927 9 10 1549 
2928 38 39 1546 
2929 77 78 1547 
2930 155 156 1544 
2931 116 117 1545 
2932 87 88 1542 
2933 126 127 1543 
2934 1289 261 1910 
2935 495 1058 1800 
2936 496 1059 1801 
2937 498 1061 1802 
2938 497 1060 1848 
2939 1412 843 1772 
2940 1413 844 1773 
2941 1414 845 1774 
2942 1415 846 1775 
2943 700 1031 2192 
2944 584 1327 1591 
2945 585 1328 1592 
2946 1170 556 1455 
2947 1142 245 1381 
2948 274 1300 1589 
2949 275 1301 1590 
2950 1030 692 2020 
2951 722 1042 2196 
2952 1032 394 2094 
2953 1680 991 2210 
2954 1679 992 2211 
2955 1678 989 2208 
2956 1677 990 2209 
2957 581 1358 1692 
2958 338 1240 1814 
2959 1063 491 2076 
2960 1064 492 2077 
2961 1065 493 2078 
2962 1066 494 2079 
2963 460 1685 1996 
2964 462 1686 1997 
2965 514 1244 1566 
2966 515 1245 1567 
2967 516 1246 1568 
2968 517 1247 1569 
2969 1378 560 1541 
2970 648 1378 1541 
2971 1221 177 2182 
2972 280 1147 1598 
2973 281 1148 1599 
2974 282 1149 1600 
2975 283 1150 1601 
2976 1045 205 1799 
2977 562 1045 1799 
2978 287 1091 1456 
2979 1033 636 1850 
2980 1034 637 1851 
2981 1035 638 1852 
2982 1036 639 1853 
2983 1486 581 1744 
2984 508 1166 1426 
2985 509 1167 1427 
2986 510 1168 1428 
2987 511 1169 1429 
2988 419 1062 1552 
2989 89 90 1384 
2990 128 129 1385 
2991 50 51 1386 
2992 11 12 1387 
2993 36 37 1388 
2994 75 76 1389 
2995 153 154 1390 
2996 114 115 1391 
2997 1202 613 1686 
2998 188 1202 1686 
2999 1214 476 2184 
3000 1215 477 2185 
3001 1216 478 2186 
3002 202 1214 2112 
3003 1214 702 2112 
3004 1317 449 1509 
3005 690 1410 2024 
3006 1292 919 1405 
3007 636 1033 1904 
3008 637 1034 1905 
3009 638 1035 1902 
3010 639 1036 1903 
3011 1618 580 2032 
3012 484 1136 1667 
3013 485 1137 1668 
3014 486 1138 1669 
3015 285 1343 2059 
3016 286 1344 2060 
3017 288 1345 2061 
3018 1102 214 1681 
3019 1103 215 1682 
3020 1104 216 1683 
3021 1105 217 1684 
3022 267 1152 2171 
3023 268 1153 2172 
3024 269 1154 2173 
3025 270 1155 2174 
3026 476 1231 2184 
3027 477 1232 2185 
3028 478 1233 2186 
3029 1097 723 2134 
3030 1098 724 2135 
3031 1099 725 2136 
3032 1100 726 2137 
3033 1566 194 1662 
3034 765 1566 1662 
3035 1567 195 1663 
3036 766 1567 1663 
3037 1568 196 1664 
3038 767 1568 1664 
3039 1569 197 1665 
3040 768 1569 1665 
3041 1315 463 1316 
3042 608 1315 1316 
3043 1048 474 2182 
3044 1171 234 1762 
3045 1172 235 1763 
3046 1173 236 1760 
3047 1174 237 1761 
3048 1234 835 1749 
3049 1235 836 1750 
3050 1236 837 1751 
3051 1237 838 1752 
3052 476 1214 1959 
3053 649 1131 1451 
3054 651 1133 1450 
3055 650 1132 1452 
3056 1107 460 1480 
3057 1108 462 1481 
3058 1044 561 1770 
3059 1045 562 1771 
3060 1329 587 1622 
3061 640 1417 1650 
3062 641 1418 1651 
3063 642 1419 1652 
3064 643 1420 1653 
3065 1299 504 1859 
3066 1263 460 1327 
3067 1264 462 1328 
3068 465 1265 1329 
3069 1089 569 1649 
3070 1088 567 1647 
3071 1090 568 1648 
3072 420 1120 1457 
3073 421 1121 1458 
3074 422 1122 1459 
3075 423 1123 1460 
3076 284 1654 2148 
3077 888 1480 1996 
3078 889 1481 1997 
3079 1220 802 1743 
3080 518 1143 1457 
3081 1143 420 1457 
3082 519 1144 1458 
3083 1144 421 1458 
3084 520 1145 1459 
3085 1145 422 1459 
3086 521 1146 1460 
3087 1146 423 1460 
3088 755 1046 2179 
3089 583 1053 1688 
3090 203 1044 1833 
3091 205 1045 1834 
3092 189 1053 1932 
3093 1053 586 1932 
3094 512 1351 1995 
3095 1647 737 1785 
3096 1648 739 1787 
3097 1649 738 1786 
3098 433 1374 2093 
3099 487 1212 1837 
3100 488 1213 1838 
3101 489 1210 1835 
3102 490 1211 1836 
3103 702 1046 2112 
3104 166 1461 2025 
3105 167 1462 2026 
3106 169 1463 2027 
3107 1087 614 1550 
3108 1223 198 1999 
3109 673 1223 1999 
3110 1225 199 2000 
3111 675 1225 2000 
3112 1224 200 2001 
3113 674 1224 2001 
3114 1226 201 2002 
3115 676 1226 2002 
3116 1179 499 1666 
3117 1087 401 1555 
3118 1178 464 1410 
3119 241 1168 1747 
3120 240 1169 1748 
3121 239 1166 1745 
3122 238 1167 1746 
3123 1297 457 1333 
3124 1323 263 1453 
3125 1541 560 2003 
3126 229 1134 2194 
3127 1134 668 2194 
3128 177 1334 2182 
3129 560 1472 2003 
3130 1260 762 1918 
3131 1259 761 1917 
3132 1261 763 1915 
3133 1262 764 1916 
3134 593 1551 2207 
3135 1654 798 1655 
3136 548 1654 1655 
3137 1510 1223 2043 
3138 1511 1225 2044 
3139 1512 1224 2045 
3140 1513 1226 2046 
3141 437 1171 1537 
3142 438 1172 1538 
3143 439 1173 1539 
3144 440 1174 1540 
3145 1096 812 1552 
3146 336 1562 1976 
3147 1562 889 1976 
3148 1063 246 1670 
3149 1064 247 1671 
3150 1065 248 1672 
3151 1066 249 1673 
3152 1807 593 2207 
3153 552 1180 1430 
3154 1180 190 1430 
3155 553 1181 1431 
3156 1181 191 1431 
3157 554 1182 1432 
3158 1182 192 1432 
3159 555 1183 1433 
3160 1183 193 1433 
3161 834 1618 2032 
3162 720 1054 2152 
3163 542 1461 1860 
3164 543 1462 1861 
3165 544 1463 1862 
3166 26 1115 1531 
3167 65 1114 1532 
3168 143 1117 1533 
3169 104 1116 1534 
3170 921 1366 1406 
3171 1058 254 1800 
3172 1059 256 1801 
3173 1061 257 1802 
3174 557 1091 1578 
3175 1130 475 1843 
3176 833 1355 1397 
3177 658 1468 2130 
3178 659 1469 2131 
3179 656 1466 2132 
3180 657 1467 2133 
3181 309 1871 2012 
3182 310 1872 2013 
3183 312 1874 2015 
3184 1223 508 1795 
3185 1225 509 1797 
3186 1224 510 1796 
3187 1226 511 1798 
3188 1057 402 2113 
3189 1060 255 1848 
3190 1249 487 1837 
3191 1250 488 1838 
3192 1251 489 1835 
3193 1252 490 1836 
3194 264 1359 1727 
3195 265 1360 1728 
3196 266 1361 1729 
3197 867 1362 2176 
3198 868 1363 2177 
3199 869 1364 2178 
3200 1248 175 1383 
3201 605 1248 1383 
3202 1067 397 1744 
3203 613 1471 1976 
3204 69 1196 1438 
3205 30 1197 1437 
3206 108 1194 1439 
3207 147 1195 1440 
3208 1281 501 1493 
3209 1279 500 1492 
3210 1282 503 1494 
3211 1280 502 1495 
3212 605 1057 2113 
3213 504 1416 1859 
3214 1076 1293 2187 
3215 1077 1294 2188 
3216 1078 1295 2189 
3217 1079 1296 2190 
3218 245 1311 1381 
3219 1311 583 1381 
3220 1286 966 2126 
3221 1287 968 2128 
3222 1284 965 2127 
3223 1285 967 2129 
3224 524 1340 1954 
3225 522 1335 1950 
3226 526 1341 1955 
3227 523 1336 1951 
3228 1337 525 1953 
3229 1339 527 1957 
3230 1338 528 1952 
3231 1342 529 1956 
3232 64 1532 1902 
3233 25 1531 1903 
3234 142 1533 1905 
3235 103 1534 1904 
3236 1176 530 1630 
3237 455 1381 1688 
3238 1322 476 1959 
3239 663 1156 1582 
3240 664 1158 1583 
3241 665 1157 1580 
3242 666 1159 1581 
3243 589 1124 1894 
3244 591 1125 1896 
3245 590 1126 1895 
3246 592 1127 1897 
3247 545 1175 1701 
3248 1261 658 1889 
3249 1262 659 1890 
3250 112 1261 1889 
3251 151 1262 1890 
3252 1259 656 1891 
3253 1260 657 1892 
3254 73 1259 1891 
3255 34 1260 1892 
3256 396 1096 1644 
3257 178 1143 2139 
3258 179 1144 2140 
3259 180 1145 2141 
3260 181 1146 2142 
3261 576 1227 1623 
3262 577 1228 1624 
3263 578 1229 1625 
3264 579 1230 1626 
3265 614 1222 1743 
3266 1222 424 1743 
3267 1603 717 1615 
3268 297 1603 1615 
3269 1604 718 1617 
3270 298 1604 1617 
3271 1605 719 1616 
3272 299 1605 1616 
3273 609 1069 1811 
3274 610 1070 1812 
3275 611 1071 1813 
3276 280 1598 1650 
3277 281 1599 1651 
3278 282 1600 1652 
3279 283 1601 1653 
3280 174 1410 2138 
3281 1238 453 1514 
3282 89 1384 1933 
3283 128 1385 1934 
3284 50 1386 1939 
3285 11 1387 1940 
3286 1390 154 1935 
3287 1388 37 1937 
3288 1391 115 1936 
3289 1389 76 1938 
3290 322 1917 1924 
3291 323 1918 1925 
3292 324 1915 1920 
3293 325 1916 1921 
3294 246 1063 2076 
3295 247 1064 2077 
3296 248 1065 2078 
3297 249 1066 2079 
3298 1384 90 2100 
3299 1385 129 2101 
3300 1386 51 2102 
3301 1387 12 2103 
3302 36 1388 2105 
3303 75 1389 2104 
3304 114 1391 2106 
3305 153 1390 2107 
3306 652 1776 2072 
3307 653 1778 2073 
3308 654 1777 2074 
3309 655 1779 2075 
3310 613 1202 1471 
3311 786 1198 1723 
3312 788 1199 1724 
3313 787 1200 1725 
3314 789 1201 1726 
3315 1482 630 1987 
3316 1483 628 1986 
3317 1484 631 1989 
3318 1485 629 1988 
3319 93 1092 1702 
3320 132 1093 1703 
3321 15 1095 1704 
3322 54 1094 1705 
3323 1312 228 2020 
3324 692 1312 2020 
3325 495 1102 1681 
3326 496 1103 1682 
3327 497 1104 1683 
3328 498 1105 1684 
3329 277 1382 1516 
3330 1749 601 1781 
3331 1750 602 1782 
3332 1751 603 1783 
3333 1752 604 1784 
3334 1074 588 1864 
3335 401 1068 1977 
3336 206 1919 2180 
3337 1288 546 1687 
3338 189 1292 1405 
3339 303 1270 2055 
3340 304 1271 2056 
3341 1270 686 2055 
3342 1271 687 2056 
3343 305 1272 2057 
3344 306 1273 2058 
3345 1272 688 2057 
3346 1273 689 2058 
3347 309 1198 1871 
3348 310 1199 1872 
3349 311 1200 1873 
3350 312 1201 1874 
3351 1327 274 1591 
3352 1328 275 1592 
3353 1101 433 2191 
3354 1171 514 1537 
3355 1172 515 1538 
3356 1173 516 1539 
3357 1174 517 1540 
3358 1374 727 2093 
3359 1091 557 2193 
3360 1383 571 1454 
3361 605 1383 1454 
3362 765 1293 1537 
3363 766 1294 1538 
3364 767 1295 1539 
3365 768 1296 1540 
3366 1362 777 2176 
3367 1363 778 2177 
3368 1364 779 2178 
3369 1175 545 1602 
3370 1118 548 1710 
3371 1464 513 1465 
3372 677 1464 1465 
3373 730 1076 2187 
3374 732 1077 2188 
3375 734 1078 2189 
3376 736 1079 2190 
3377 1136 331 1667 
3378 1137 332 1668 
3379 1138 333 1669 
3380 1645 740 2143 
3381 1299 340 1455 
3382 1186 289 1875 
3383 1187 290 1876 
3384 1188 291 1877 
3385 1189 292 1878 
3386 339 1377 1943 
3387 1377 704 1943 
3388 258 1297 1660 
3389 1297 619 1660 
3390 1300 459 1589 
3391 1301 461 1590 
3392 1293 437 1537 
3393 1294 438 1538 
3394 1295 439 1539 
3395 1296 440 1540 
3396 441 1165 1595 
3397 198 1392 1999 
3398 199 1393 2000 
3399 200 1394 2001 
3400 201 1395 2002 
3401 274 1589 1854 
3402 275 1590 1855 
3403 1355 168 1397 
3404 1492 695 1570 
3405 390 1492 1570 
3406 1493 694 1571 
3407 1495 697 1572 
3408 392 1495 1572 
3409 389 1493 1571 
3410 1494 696 1573 
3411 391 1494 1573 
3412 341 1960 2184 
3413 342 1961 2185 
3414 343 1962 2186 
3415 459 1313 1589 
3416 461 1314 1590 
3417 433 1175 1602 
3418 1147 682 1697 
3419 1148 683 1698 
3420 1149 684 1699 
3421 1150 685 1700 
3422 267 1120 1781 
3423 268 1121 1782 
3424 269 1122 1783 
3425 270 1123 1784 
3426 556 1170 1619 
3427 805 1227 1719 
3428 806 1228 1720 
3429 807 1229 1721 
3430 808 1230 1722 
3431 243 1302 1884 
3432 280 1650 1850 
3433 281 1651 1851 
3434 282 1652 1852 
3435 283 1653 1853 
3436 300 1529 2149 
3437 302 1530 2151 
3438 1366 452 1406 
3439 1227 576 1719 
3440 1228 577 1720 
3441 1229 578 1721 
3442 1230 579 1722 
3443 1096 258 2054 
3444 187 1329 1622 
3445 682 1585 1990 
3446 683 1586 1991 
3447 684 1587 1992 
3448 685 1588 1993 
3449 70 71 1678 
3450 31 32 1677 
3451 148 149 1679 
3452 109 110 1680 
3453 556 1299 1455 
3454 1622 839 1909 
3455 187 1622 1909 
3456 1119 424 1885 
3457 1408 276 1593 
3458 558 1278 1554 
3459 549 1330 1715 
3460 550 1331 1716 
3461 551 1332 1717 
3462 170 1097 2072 
3463 171 1098 2073 
3464 172 1099 2074 
3465 173 1100 2075 
3466 901 1317 1509 
3467 1131 274 1854 
3468 1132 275 1855 
3469 1133 276 1856 
3470 729 1110 1972 
3471 731 1111 1973 
3472 733 1112 1974 
3473 735 1113 1975 
3474 669 1124 1898 
3475 670 1125 1899 
3476 671 1126 1900 
3477 672 1127 1901 
3478 301 1536 2150 
3479 1405 455 1688 
3480 531 1323 1453 
3481 561 1303 1770 
3482 562 1304 1771 
3483 337 1941 2099 
3484 2132 370 2208 
3485 2133 371 2209 
3486 2130 372 2210 
3487 2131 373 2211 
3488 1871 814 2012 
3489 1872 815 2013 
3490 1874 821 2015 
3491 1185 231 1864 
3492 660 1371 1715 
3493 661 1372 1716 
3494 662 1373 1717 
3495 389 1558 1580 
3496 391 1559 1581 
3497 1558 665 1580 
3498 390 1556 1582 
3499 1559 666 1581 
3500 1556 663 1582 
3501 392 1557 1583 
3502 1557 664 1583 
3503 94 95 1765 
3504 133 134 1766 
3505 55 56 1767 
3506 16 17 1768 
3507 1166 508 1745 
3508 1167 509 1746 
3509 1168 510 1747 
3510 1169 511 1748 
3511 1175 279 1701 
3512 278 1179 1666 
3513 1246 516 1982 
3514 1247 517 1983 
3515 1244 514 1984 
3516 1245 515 1985 
3517 546 1288 2099 
3518 1290 546 2099 
3519 1371 549 1715 
3520 1372 550 1716 
3521 1373 551 1717 
3522 1307 376 1777 
3523 1309 377 1779 
3524 1306 374 1776 
3525 1308 375 1778 
3526 261 1289 1780 
3527 1398 484 1667 
3528 1399 485 1668 
3529 1400 486 1669 
3530 621 1120 2171 
3531 1120 267 2171 
3532 622 1121 2172 
3533 1121 268 2172 
3534 623 1122 2173 
3535 1122 269 2173 
3536 624 1123 2174 
3537 1123 270 2174 
3538 475 1130 2070 
3539 1627 362 2017 
3540 867 1627 2017 
3541 1628 363 2018 
3542 868 1628 2018 
3543 1629 364 2019 
3544 869 1629 2019 
3545 403 1304 1517 
3546 1922 318 1984 
3547 1923 319 1985 
3548 1926 320 1982 
3549 1927 321 1983 
3550 1388 1937 2202 
3551 1389 1938 2201 
3552 1390 1935 2199 
3553 1391 1936 2200 
3554 514 1171 1762 
3555 516 1173 1760 
3556 515 1172 1763 
3557 517 1174 1761 
3558 1152 429 1879 
3559 1153 430 1880 
3560 1154 431 1881 
3561 1155 432 1882 
3562 1180 552 1711 
3563 1181 553 1712 
3564 1182 554 1713 
3565 1183 555 1714 
3566 609 1352 2149 
3567 610 1353 2150 
3568 611 1354 2151 
3569 1576 311 2014 
3570 817 1576 2014 
3571 652 2072 2084 
3572 654 2074 2086 
3573 653 2073 2088 
3574 655 2075 2090 
3575 588 1185 1864 
3576 1278 273 1554 
3577 330 1135 2095 
3578 331 1136 2096 
3579 332 1137 2097 
3580 333 1138 2098 
3581 381 1358 1486 
3582 111 112 1889 
3583 150 151 1890 
3584 72 73 1891 
3585 33 34 1892 
3586 1304 562 1517 
3587 826 1398 1667 
3588 825 1399 1668 
3589 828 1400 1669 
3590 559 1310 1516 
3591 1193 176 1718 
3592 1277 558 2054 
3593 1358 581 1486 
3594 1473 713 1526 
3595 1474 714 1527 
3596 1475 715 1528 
3597 1143 518 2139 
3598 1144 519 2140 
3599 1145 520 2141 
3600 1146 521 2142 
3601 1289 481 2193 
3602 1522 218 1844 
3603 1523 219 1845 
3604 1524 220 1846 
3605 1525 221 1847 
3606 88 89 1933 
3607 127 128 1934 
3608 154 155 1935 
3609 115 116 1936 
3610 37 38 1937 
3611 76 77 1938 
3612 49 50 1939 
3613 10 11 1940 
3614 66 67 2110 
3615 27 28 2111 
3616 105 106 2108 
3617 144 145 2109 
3618 649 1451 2047 
3619 651 1450 2048 
3620 650 1452 2049 
3621 1737 224 1865 
3622 823 1737 1865 
3623 1739 223 1866 
3624 824 1739 1866 
3625 1741 225 1867 
3626 827 1741 1867 
3627 1566 1244 2035 
3628 1567 1245 2036 
3629 1568 1246 2037 
3630 1569 1247 2038 
3631 1618 206 2180 
3632 989 2132 2208 
3633 990 2133 2209 
3634 991 2130 2210 
3635 992 2131 2211 
3636 1375 690 2024 
3637 449 1375 2024 
3638 1153 1880 2172 
3639 1152 1879 2171 
3640 1154 1881 2173 
3641 1155 1882 2174 
3642 729 1446 2050 
3643 1446 382 2050 
3644 731 1447 2051 
3645 1447 383 2051 
3646 733 1448 2052 
3647 1448 384 2052 
3648 735 1449 2053 
3649 1449 385 2053 
3650 232 1474 2181 
3651 1378 648 1595 
3652 619 1333 1908 
3653 1293 326 2187 
3654 1294 327 2188 
3655 1295 328 2189 
3656 1296 329 2190 
3657 1321 272 1736 
3658 271 1184 1857 
3659 456 1164 1994 
3660 949 1322 1959 
3661 424 1220 1743 
3662 51 52 2102 
3663 12 13 2103 
3664 90 91 2100 
3665 129 130 2101 
3666 74 75 2104 
3667 35 36 2105 
3668 113 114 2106 
3669 152 153 2107 
3670 483 1356 1535 
3671 1165 441 1998 
3672 880 1922 1984 
3673 881 1923 1985 
3674 882 1926 1982 
3675 883 1927 1983 
3676 1410 690 2138 
3677 583 1311 1631 
3678 1311 463 1631 
3679 1670 621 1879 
3680 1671 622 1880 
3681 1672 623 1881 
3682 1673 624 1882 
3683 531 1186 1875 
3684 532 1187 1876 
3685 533 1188 1877 
3686 534 1189 1878 
3687 230 1473 2156 
3688 233 1475 2157 
3689 1644 558 2196 
3690 1313 606 1589 
3691 1314 607 1590 
3692 1210 252 1835 
3693 1211 253 1836 
3694 1212 250 1837 
3695 1213 251 1838 
3696 1446 794 1732 
3697 1447 795 1733 
3698 1448 796 1734 
3699 1449 797 1735 
3700 190 1180 2167 
3701 1180 640 2167 
3702 191 1181 2168 
3703 1181 641 2168 
3704 192 1182 2169 
3705 1182 642 2169 
3706 193 1183 2170 
3707 1183 643 2170 
3708 1378 263 2175 
3709 1290 242 1906 
3710 1291 244 1907 
3711 1198 525 1871 
3712 1199 527 1872 
3713 1200 528 1873 
3714 1201 529 1874 
3715 546 1290 1906 
3716 547 1291 1907 
3717 1277 258 1660 
3718 1263 186 1685 
3719 1264 188 1686 
3720 420 1234 1749 
3721 421 1235 1750 
3722 422 1236 1751 
3723 423 1237 1752 
3724 198 1223 1795 
3725 200 1224 1796 
3726 199 1225 1797 
3727 201 1226 1798 
3728 530 1298 1870 
3729 920 2071 2183 
3730 576 1417 1719 
3731 577 1418 1720 
3732 578 1419 1721 
3733 579 1420 1722 
3734 640 1180 2062 
3735 641 1181 2063 
3736 642 1182 2064 
3737 643 1183 2065 
3738 1379 722 1554 
3739 273 1379 1554 
3740 446 1306 2085 
3741 445 1307 2087 
3742 448 1308 2089 
3743 447 1309 2091 
3744 463 1315 1631 
3745 1381 583 1688 
3746 211 1434 1886 
3747 212 1436 1888 
3748 213 1435 1887 
3749 318 1244 1984 
3750 319 1245 1985 
3751 320 1246 1982 
3752 321 1247 1983 
3753 721 1357 1718 
3754 1240 561 1814 
3755 188 1264 1793 
3756 1264 585 1793 
3757 341 1231 1860 
3758 342 1232 1861 
3759 343 1233 1862 
3760 1214 202 1959 
3761 52 1488 2102 
3762 13 1489 2103 
3763 1488 759 2102 
3764 1489 760 2103 
3765 91 1490 2100 
3766 130 1491 2101 
3767 1490 757 2100 
3768 1491 758 2101 
3769 1487 261 1780 
3770 1362 625 1830 
3771 297 1362 1830 
3772 1363 626 1831 
3773 298 1363 1831 
3774 1364 627 1832 
3775 299 1364 1832 
3776 1674 890 1800 
3777 254 1674 1800 
3778 1675 891 1801 
3779 256 1675 1801 
3780 1676 892 1802 
3781 257 1676 1802 
3782 451 1185 2143 
3783 1551 361 2118 
3784 804 1551 2118 
3785 1445 582 1731 
3786 539 1473 1526 
3787 540 1474 1527 
3788 541 1475 1528 
3789 1241 353 1868 
3790 1243 354 1869 
3791 481 1456 2193 
3792 587 1596 2067 
3793 2034 822 2068 
3794 790 1607 1875 
3795 1607 531 1875 
3796 791 1608 1876 
3797 1608 532 1876 
3798 1609 533 1877 
3799 792 1609 1877 
3800 793 1610 1878 
3801 1610 534 1878 
3802 1289 557 1780 
3803 1334 1048 2182 
3804 293 1203 2134 
3805 294 1204 2135 
3806 295 1205 2136 
3807 296 1206 2137 
3808 1550 614 1849 
3809 1622 587 2067 
3810 1441 621 1670 
3811 246 1441 1670 
3812 247 1442 1671 
3813 1442 622 1671 
3814 248 1443 1672 
3815 1443 623 1672 
3816 249 1444 1673 
3817 1444 624 1673 
3818 1306 652 2085 
3819 1307 654 2087 
3820 1308 653 2089 
3821 1309 655 2091 
3822 1542 88 1933 
3823 1543 127 1934 
3824 705 1542 1933 
3825 706 1543 1934 
3826 1544 707 1935 
3827 155 1544 1935 
3828 1545 708 1936 
3829 116 1545 1936 
3830 1546 709 1937 
3831 38 1546 1937 
3832 1547 710 1938 
3833 77 1547 1938 
3834 1548 49 1939 
3835 1549 10 1940 
3836 711 1548 1939 
3837 712 1549 1940 
3838 1330 166 1715 
3839 1331 167 1716 
3840 1332 169 1717 
3841 922 1839 2085 
3842 1839 446 2085 
3843 1840 445 2087 
3844 923 1840 2087 
3845 924 1841 2089 
3846 1841 448 2089 
3847 1842 447 2091 
3848 925 1842 2091 
3849 569 1564 1649 
3850 567 1563 1647 
3851 568 1565 1648 
3852 1283 271 1857 
3853 1217 442 2114 
3854 1218 443 2115 
3855 1219 444 2116 
3856 1265 277 1978 
3857 580 1310 2032 
3858 652 1306 1776 
3859 654 1307 1777 
3860 653 1308 1778 
3861 655 1309 1779 
3862 276 1315 1856 
3863 1315 608 1856 
3864 1223 673 2043 
3865 1225 675 2044 
3866 1224 674 2045 
3867 1226 676 2046 
3868 505 1352 1811 
3869 1352 609 1811 
3870 506 1353 1812 
3871 1353 610 1812 
3872 507 1354 1813 
3873 1354 611 1813 
3874 650 1242 2066 
3875 720 1560 1885 
3876 1333 278 1908 
3877 678 1421 2035 
3878 1421 194 2035 
3879 679 1422 2036 
3880 1422 195 2036 
3881 680 1423 2037 
3882 1423 196 2037 
3883 681 1424 2038 
3884 1424 197 2038 
3885 727 1597 1692 
3886 656 1259 1917 
3887 657 1260 1918 
3888 658 1261 1915 
3889 659 1262 1916 
3890 1666 813 1908 
3891 474 1221 2182 
3892 340 1299 1859 
3893 1392 852 2095 
3894 1393 853 2096 
3895 1394 854 2097 
3896 1395 855 2098 
3897 1417 576 1650 
3898 1418 577 1651 
3899 1419 578 1652 
3900 1420 579 1653 
3901 212 1888 2124 
3902 211 1886 2123 
3903 213 1887 2125 
3904 395 1606 2069 
3905 1606 782 2069 
3906 1359 532 1727 
3907 1360 533 1728 
3908 1361 534 1729 
3909 1531 639 1903 
3910 1532 638 1902 
3911 1533 637 1905 
3912 1534 636 1904 
3913 582 1579 1731 
3914 1646 222 2031 
3915 781 1646 2031 
3916 1248 605 2113 
3917 587 1265 1978 
3918 1241 649 2047 
3919 1242 650 2049 
3920 1243 651 2048 
3921 2071 668 2183 
3922 1288 1687 2138 
3923 1244 678 2035 
3924 1245 679 2036 
3925 1246 680 2037 
3926 1247 681 2038 
3927 1255 673 1999 
3928 1256 675 2000 
3929 1257 674 2001 
3930 1258 676 2002 
3931 1231 341 2184 
3932 1232 342 2185 
3933 1233 343 2186 
3934 481 1289 1910 
3935 1367 425 2144 
3936 678 1367 2144 
3937 1368 426 2145 
3938 679 1368 2145 
3939 1369 427 2146 
3940 680 1369 2146 
3941 1370 428 2147 
3942 681 1370 2147 
3943 830 1830 1979 
3944 1830 625 1979 
3945 831 1831 1980 
3946 1831 626 1980 
3947 832 1832 1981 
3948 1832 627 1981 
3949 634 1680 2210 
3950 635 1679 2211 
3951 632 1678 2208 
3952 633 1677 2209 
3953 468 1505 2082 
3954 1505 897 2082 
3955 469 1506 2083 
3956 1506 898 2083 
3957 466 1503 2080 
3958 467 1504 2081 
3959 1503 899 2080 
3960 1504 900 2081 
3961 1555 545 1696 
3962 1346 620 2094 
3963 558 1644 2054 
3964 829 1487 1780 
3965 398 1785 2022 
3966 1785 825 2022 
3967 399 1786 2021 
3968 1786 826 2021 
3969 400 1787 2023 
3970 1787 828 2023 
3971 1646 781 1769 
3972 1346 176 1948 
3973 620 1346 1948 
3974 516 1760 1982 
3975 517 1761 1983 
3976 514 1762 1984 
3977 515 1763 1985 
3978 691 1409 2180 
3979 1409 580 2180 
3980 1417 314 1719 
3981 1418 315 1720 
3982 1419 316 1721 
3983 1420 317 1722 
3984 258 1277 2054 
3985 822 1863 1948 
3986 1863 620 1948 
3987 1421 601 1944 
3988 1422 602 1945 
3989 1423 603 1946 
3990 1424 604 1947 
3991 558 1554 2196 
3992 561 1376 1814 
3993 1377 562 1799 
3994 701 1994 2117 
3995 957 1632 1634 
3996 1632 552 1634 
3997 1633 553 1635 
3998 958 1633 1635 
3999 1636 554 1637 
4000 959 1636 1637 
4001 1638 555 1639 
4002 960 1638 1639 
4003 1736 272 1849 
4004 802 1736 1849 
4005 308 1445 1731 
4006 1823 644 2012 
4007 814 1823 2012 
4008 1825 645 2013 
4009 815 1825 2013 
4010 646 1827 2014 
4011 1827 817 2014 
4012 1829 647 2015 
4013 821 1829 2015 
4014 563 1412 1772 
4015 564 1413 1773 
4016 565 1414 1774 
4017 566 1415 1775 
4018 1046 1375 2179 
4019 1375 449 2179 
4020 699 1291 2195 
4021 382 1446 1732 
4022 383 1447 1733 
4023 384 1448 1734 
4024 385 1449 1735 
4025 856 1515 2070 
4026 1515 475 2070 
4027 1561 546 1906 
4028 1562 547 1907 
4029 1611 786 2162 
4030 348 1611 2162 
4031 1613 787 2163 
4032 1612 788 2164 
4033 349 1613 2163 
4034 350 1612 2164 
4035 1614 789 2165 
4036 351 1614 2165 
4037 324 1468 1915 
4038 1468 658 1915 
4039 325 1469 1916 
4040 1469 659 1916 
4041 322 1466 1917 
4042 1466 656 1917 
4043 323 1467 1918 
4044 1467 657 1918 
4045 605 1454 2148 
4046 1343 479 2059 
4047 1344 480 2060 
4048 1345 482 2061 
4049 1288 337 2099 
4050 1310 279 2032 
4051 1283 452 2161 
4052 1508 338 2195 
4053 1563 737 1647 
4054 1564 738 1649 
4055 1565 739 1648 
4056 690 1288 2138 
4057 1335 47 1950 
4058 1336 8 1951 
4059 40 1337 1953 
4060 79 1338 1952 
4061 1340 86 1954 
4062 1341 125 1955 
4063 157 1339 1957 
4064 118 1342 1956 
4065 1456 1091 2193 
4066 692 2034 2068 
4067 765 1662 1753 
4068 766 1663 1754 
4069 767 1664 1755 
4070 768 1665 1756 
4071 1351 419 1995 
4072 800 1764 2033 
4073 1764 352 2033 
4074 1416 863 1859 
4075 673 1466 2043 
4076 1466 322 2043 
4077 675 1467 2044 
4078 1467 323 2044 
4079 674 1468 2045 
4080 1468 324 2045 
4081 676 1469 2046 
4082 1469 325 2046 
4083 686 1930 2055 
4084 1930 893 2055 
4085 688 1928 2057 
4086 687 1931 2056 
4087 1931 894 2056 
4088 1928 895 2057 
4089 689 1929 2058 
4090 1929 896 2058 
4091 322 1510 2043 
4092 323 1511 2044 
4093 324 1512 2045 
4094 325 1513 2046 
4095 557 1289 2193 
4096 508 1510 1745 
4097 509 1511 1746 
4098 510 1512 1747 
4099 511 1513 1748 
4100 1919 691 2180 
4101 277 1409 1978 
4102 1461 859 1860 
4103 1462 860 1861 
4104 1463 861 1862 
4105 1596 691 2033 
4106 1434 567 1886 
4107 1435 568 1887 
4108 1436 569 1888 
4109 1510 884 1745 
4110 1511 885 1746 
4111 1512 886 1747 
4112 1513 887 1748 
4113 1475 233 2197 
4114 715 1475 2197 
4115 1794 585 2066 
4116 1554 722 2196 
4117 1579 693 1731 
4118 1473 539 2156 
4119 1475 541 2157 
4120 1597 581 1692 
4121 433 1602 2191 
4122 228 1407 2020 
4123 1407 1030 2020 
4124 1560 720 2152 
4125 335 1560 2152 
4126 1474 540 2181 
4127 920 1606 2071 
4128 582 1445 1893 
4129 539 1529 2156 
4130 541 1530 2157 
4131 830 1603 1830 
4132 1603 297 1830 
4133 831 1604 1831 
4134 1604 298 1831 
4135 832 1605 1832 
4136 1605 299 1832 
4137 194 1421 1944 
4138 195 1422 1945 
4139 196 1423 1946 
4140 197 1424 1947 
4141 1541 334 1883 
4142 648 1541 1883 
4143 1352 300 2149 
4144 1353 301 2150 
4145 1354 302 2151 
4146 1589 606 1854 
4147 1590 607 1855 
4148 1490 749 1913 
4149 757 1490 1913 
4150 1491 750 1914 
4151 758 1491 1914 
4152 1488 751 1911 
4153 759 1488 1911 
4154 1489 752 1912 
4155 760 1489 1912 
4156 636 1585 1850 
4157 637 1586 1851 
4158 638 1587 1852 
4159 639 1588 1853 
4160 590 1737 1738 
4161 1737 823 1738 
4162 1739 824 1740 
4163 591 1739 1740 
4164 1741 827 1742 
4165 592 1741 1742 
4166 572 1522 1844 
4167 573 1523 1845 
4168 574 1524 1846 
4169 575 1525 1847 
4170 540 1536 2181 
4171 905 1523 2114 
4172 906 1524 2115 
4173 907 1525 2116 
4174 904 1522 1998 
4175 1662 597 1753 
4176 1663 598 1754 
4177 1664 599 1755 
4178 1665 600 1756 
4179 589 1646 1769 
4180 479 1476 2059 
4181 480 1477 2060 
4182 482 1479 2061 
4183 419 1470 1995 
4184 691 1919 2033 
4185 314 1417 2062 
4186 315 1418 2063 
4187 316 1419 2064 
4188 317 1420 2065 
4189 1884 465 2166 
4190 863 1884 2166 
4191 370 1642 2208 
4192 371 1643 2209 
4193 372 1640 2210 
4194 373 1641 2211 
4195 1417 640 2062 
4196 1418 641 2063 
4197 1419 642 2064 
4198 1420 643 2065 
4199 822 1661 2068 
4200 1585 280 1850 
4201 1586 281 1851 
4202 1587 282 1852 
4203 1588 283 1853 
4204 567 1615 1886 
4205 568 1616 1887 
4206 569 1617 1888 
4207 560 1378 2175 
4208 757 1913 1922 
4209 758 1914 1923 
4210 1913 318 1922 
4211 1914 319 1923 
4212 759 1911 1926 
4213 1911 320 1926 
4214 760 1912 1927 
4215 1912 321 1927 
4216 1470 780 1995 
4217 677 1465 2198 
4218 1465 231 2198 
4219 1472 755 2003 
4220 1480 460 1996 
4221 1481 462 1997 
4222 1461 542 2025 
4223 1462 543 2026 
4224 1463 544 2027 
4225 334 1541 2003 
4226 473 1391 2200 
4227 472 1390 2199 
4228 471 1389 2201 
4229 470 1388 2202 
4230 888 1561 1906 
4231 889 1562 1907 
4232 926 1793 1794 
4233 1793 585 1794 
4234 1790 732 2051 
4235 1789 730 2050 
4236 1792 736 2053 
4237 1791 734 2052 
4238 1615 717 1886 
4239 1616 719 1887 
4240 1617 718 1888 
4241 716 1858 2092 
4242 1858 801 2092 
4243 382 1789 2050 
4244 383 1790 2051 
4245 384 1791 2052 
4246 385 1792 2053 
4247 1886 717 2123 
4248 1888 718 2124 
4249 1887 719 2125 
4250 1476 769 2059 
4251 1477 770 2060 
4252 1479 772 2061 
4253 1542 705 2006 
4254 1543 706 2007 
4255 927 1542 2006 
4256 928 1543 2007 
4257 1544 933 2004 
4258 707 1544 2004 
4259 708 1545 2005 
4260 1545 934 2005 
4261 1546 931 2008 
4262 709 1546 2008 
4263 710 1547 2009 
4264 1547 932 2009 
4265 1548 711 2010 
4266 929 1548 2010 
4267 1549 712 2011 
4268 930 1549 2011 
4269 1723 745 2126 
4270 207 1723 2126 
4271 209 1725 2127 
4272 1725 747 2127 
4273 1724 746 2128 
4274 208 1724 2128 
4275 210 1726 2129 
4276 1726 748 2129 
4277 194 1566 2035 
4278 195 1567 2036 
4279 196 1568 2037 
4280 197 1569 2038 
4281 1592 650 2066 
4282 1454 284 2148 
4283 918 1507 2161 
4284 1585 636 1990 
4285 1586 637 1991 
4286 1587 638 1992 
4287 1588 639 1993 
4288 278 1666 1908 
4289 899 1968 1969 
4290 1968 628 1969 
4291 1970 900 1971 
4292 629 1970 1971 
4293 1964 897 1965 
4294 630 1964 1965 
4295 1966 898 1967 
4296 631 1966 1967 
4297 904 1620 2119 
4298 1620 361 2119 
4299 1795 669 1898 
4300 1797 670 1899 
4301 1796 671 1900 
4302 1798 672 1901 
4303 1685 612 1996 
4304 1686 613 1997 
4305 352 1596 2033 
4306 1596 352 2067 
4307 653 2088 2089 
4308 652 2084 2085 
4309 2088 924 2089 
4310 2084 922 2085 
4311 655 2090 2091 
4312 2090 925 2091 
4313 654 2086 2087 
4314 2086 923 2087 
4315 198 1795 1898 
4316 200 1796 1900 
4317 199 1797 1899 
4318 201 1798 1901 
4319 1644 1096 2054 
4320 585 1592 2066 
4321 1529 753 2156 
4322 1530 754 2157 
4323 1606 395 2071 
4324 1536 756 2181 
4325 1760 882 1982 
4326 1761 883 1983 
4327 1762 880 1984 
4328 1763 881 1985 
4329 839 1622 2067 
4330 1687 174 2138 
4331 1180 1711 2062 
4332 1181 1712 2063 
4333 1182 1713 2064 
4334 1183 1714 2065 
4335 728 1958 2118 
4336 1958 804 2118 
4337 777 1865 2176 
4338 1865 224 2176 
4339 778 1866 2177 
4340 1866 223 2177 
4341 779 1867 2178 
4342 1867 225 2178 
4343 1551 804 2207 
4344 1661 397 2068 
4345 1711 314 2062 
4346 1712 315 2063 
4347 1713 316 2064 
4348 1714 317 2065 
4349 1054 1621 2152 
4350 1863 822 2034 
4351 67 1930 2110 
4352 28 1931 2111 
4353 106 1928 2108 
4354 145 1929 2109 
4355 1941 702 1960 
4356 1942 703 1961 
4357 1943 704 1962 
4358 580 1618 2180 
4359 1621 335 2152 
4360 1602 875 2191 
4361 698 1941 1960 
4362 699 1942 1961 
4363 700 1943 1962 
4364 307 1863 2034 
4365 905 1757 2120 
4366 1757 362 2120 
4367 906 1758 2121 
4368 1758 363 2121 
4369 907 1759 2122 
4370 1759 364 2122 
4371 2028 783 2123 
4372 2029 784 2124 
4373 2030 785 2125 
4374 1642 632 2208 
4375 1643 633 2209 
4376 1640 634 2210 
4377 1641 635 2211 
4378 1919 800 2033 
4379 698 1960 2158 
4380 699 1961 2159 
4381 700 1962 2160 
4382 1937 709 2202 
4383 1938 710 2201 
4384 1935 707 2199 
4385 1936 708 2200 
4386 1943 700 2192 
4387 1942 699 2195 
4388 222 1807 2207 
4389 730 2039 2050 
4390 732 2040 2051 
4391 734 2041 2052 
4392 736 2042 2053 
4393 2039 729 2050 
4394 2040 731 2051 
4395 2041 733 2052 
4396 2042 735 2053 
4397 1879 621 2171 
4398 1880 622 2172 
4399 1881 623 2173 
4400 1882 624 2174 
4401 1928 688 2108 
4402 1929 689 2109 
4403 1930 686 2110 
4404 1931 687 2111 
4405 1960 341 2158 
4406 1961 342 2159 
4407 1962 343 2160 
4408 2039 730 2187 
4409 2040 732 2188 
4410 2041 734 2189 
4411 2042 736 2190 
4412 717 2028 2123 
4413 718 2029 2124 
4414 719 2030 2125 
4415 339 1943 2192 
4416 338 1942 2195 
4417 326 2039 2187 
4418 327 2040 2188 
4419 328 2041 2189 
4420 329 2042 2190 
$EndElements
